A1_Consent,A3_Serial_Number,B1_District_Name,B2_Upazila_Name,B4_Ward_number,B7_Survey_phase,C2_Gender,C3_Age,C4_Number_members_in_house,C4.1 Total_Male,C4.2 Total Female,C_Houseowner_Education,C6_Houseowner_Occupation,Others_occupation,C7_collect_drinking_water_yesterday,C7.1_containers,C7.1_containers_25Liter,C7.1_containers_20 Liter,C7.1_containers_15 Liter,C7.1_containers_10 Liter,C7.1_containers_5 Liter,C7.1_containers_Other,Containers_Other2,C7.1.a_number_25L_filled,C7.1.b_number_20L_filled,C7.1.c_number_15L_filled,C7.1.d_number_10L_filled,C7.1.e_number_5L_filled,C7.1.f_number_other_filled,other_containers,C8_primary_drinking_water_source,C9_charity_water_funded,C9.1_Why_don't_use_source,C9.1_Why_don't_use_source_too_far,C9.1_Why_don't_use_source_don't_want_pay,C9.1_Why_don't_use_source_don't_like_taste,C9.1_Why_don't_use_source_Long_lines,C9.1__Why_don't_use_source_broken,C9.1_Why_don't_use_source_no_answer,C9.1_Why_don't_use_source_don’t_know,C9.1_Why_don't_use_source_Other,other_source,C10_minutes_to_walk_to_source,C11_minutes_wait_time,calculation-WA-5 (median val),C12_source_sometimes_dry,C13_past_year_management_turned_off,C13.1_were_you_told,C14_satisfied,C14.1_Why_not_satisfied,C14.1_why_not_satisfied_Long_lines,C14.1_why_not_satisfied_expensive,C14.1_why_not_satisfied_tastes,C14.1_why_not_satisfied_far,C14.1_why_not_satisfied_broken,C14.1_why_not_satisfied_bad_smell_color,C14.1_why_not_satisfied_Other,other_not_satisfied,C15_adults_defecate,C15_adults_defecate_Latrine_toilet,C15_adults_defecate_open,C15_adults_defecate_water,C15_adults_defecate_no_answer,C15_adults_defecate_Don't_Know,C16 Where are the places that children over 3 in this household go to defecate [Mark all that apply and probe to ask “is there any other place” until they finish],C16 Where are the places that children over 3 in this household go to defecate [Mark all that apply and probe to ask “is there any other place” until they finish]/Latrine/toilet,C16 Where are the places that children over 3 in this household go to defecate [Mark all that apply and probe to ask “is there any other place” until they finish]/Potty,C16 Where are the places that children over 3 in this household go to defecate [Mark all that apply and probe to ask “is there any other place” until they finish]/In the open/no sanitation facilities,C16 Where are the places that children over 3 in this household go to defecate [Mark all that apply and probe to ask “is there any other place” until they finish]/In water body – river or lake,"C16 Where are the places that children over 3 in this household go to defecate [Mark all that apply and probe to ask “is there any other place” until they finish]/Not applicable, no one between the ages of 3-17 lives in this household",C16 Where are the places that children over 3 in this household go to defecate [Mark all that apply and probe to ask “is there any other place” until they finish]/Decline to state,C16 Where are the places that children over 3 in this household go to defecate [Mark all that apply and probe to ask “is there any other place” until they finish]/Don't Know,C17 How is feces from children under 3 in this household disposed of?,Other (please specify),C18 Can I see the toilet facility that you use?,C19.1 What type of sanitation facility is it?,C19.2 Where does it flush to?,C19.3 Is there enough water present to flush the toilet?,C19.4 What is the condition of the floor?,"C19.5  How well does this latrine superstructure (walls, door) provide privacy?",C19.6  Is the pit full? (within 0.5 meters of the top),"C19.7 Is the user able to access the latrine right now (it is not locked, or they can open it)?",C20. When do you personally wash your hands?  [Do not read options to respondent. Probe to ask “Are there any other times that you wash your hands?” until they finish. Mark all that apply],C20. When do you personally wash your hands?  [Do not read options to respondent. Probe to ask “Are there any other times that you wash your hands?” until they finish. Mark all that apply]/After defecation,C20. When do you personally wash your hands?  [Do not read options to respondent. Probe to ask “Are there any other times that you wash your hands?” until they finish. Mark all that apply]/After cleaning or changing a baby,C20. When do you personally wash your hands?  [Do not read options to respondent. Probe to ask “Are there any other times that you wash your hands?” until they finish. Mark all that apply]/Before food preparation,C20. When do you personally wash your hands?  [Do not read options to respondent. Probe to ask “Are there any other times that you wash your hands?” until they finish. Mark all that apply]/ Before eating,C20. When do you personally wash your hands?  [Do not read options to respondent. Probe to ask “Are there any other times that you wash your hands?” until they finish. Mark all that apply]/Before feeding child,C20. When do you personally wash your hands?  [Do not read options to respondent. Probe to ask “Are there any other times that you wash your hands?” until they finish. Mark all that apply]/Before praying,C20. When do you personally wash your hands?  [Do not read options to respondent. Probe to ask “Are there any other times that you wash your hands?” until they finish. Mark all that apply]/After working in the dirt,C20. When do you personally wash your hands?  [Do not read options to respondent. Probe to ask “Are there any other times that you wash your hands?” until they finish. Mark all that apply]/Other (please specify),C20. When do you personally wash your hands?  [Do not read options to respondent. Probe to ask “Are there any other times that you wash your hands?” until they finish. Mark all that apply]/Decline to state,C20. When do you personally wash your hands?  [Do not read options to respondent. Probe to ask “Are there any other times that you wash your hands?” until they finish. Mark all that apply]/Don't Know,Please specify others.,ff,C21 Can you please show me where and how you usually wash your hands?,"C21.1  Does the respondent use soap, ash, or another cleanser?",C21.2 Does respondent use water to wash their hands?,C22. Are you a member of any WASH related group?,"C22.1 If yes, which group?","C22.1 If yes, which group?/Water User Group","C22.1 If yes, which group?/Water User Committee","C22.1 If yes, which group?/Health Village Group","C22.1 If yes, which group?/School brigade cabinet","C22.1 If yes, which group?/CBO/CSO","C22.1 If yes, which group?/Others (specify)",Others (specify),"C23. In last year, did you participate in any group meetings for WASH-related consultation and decision-making processes?","C23.1  If yes, what was it for?",C24. Do you know someone who can quickly repair [specify the water source] if required?,C24.1  Is the repairer usually able to secure all the spare parts required for the repair?,"C24.2 If the [specify the water source] needs only smaller repair, are you able to pay its costs?","C24.3 If the [specify the water source] needs more expensive repair, are you able to ensure it either by using your own money or by ensuring that relevant authorities conduct the repair?",D1  Type of follow-up monitoring,"D2 In the last 4 weeks, how frequently did you worry you would not have enough water for all of your household needs?","D3 In the last 4 weeks, how frequently did you feel angry or frustrated about your water situation?","D4 In the last 4 weeks, how frequently has your household water supply from your main water source been interrupted or limited (e.g. water pressure, less water than expected, source dried up)?","D5 In the last 4 weeks, how frequently has there not been enough water in the household to wash clothes?","D6 In the last 4 weeks, how frequently has you or anyone in your household had to change schedules/plans due to problems with your water situation, such as problems getting or distributing water within the household? Activities that may have been interrupted include caring for others, doing household chores, agricultural work, income-generating activities, etc.","D7 In the last 4 weeks, how frequently have you or anyone in your household had to change what was being eaten because there were problems with water (e.g. for washing foods, cooking, etc.)?","D8 In the last 4 weeks, how frequently have you or anyone in your household had to go without washing hands after dirty activities (e.g. defecating, changing diapers, cleaning animal dung) because of problems with water?","D9 In the last 4 weeks, how frequently have you or anyone in your household had to go without washing their body because of problems with water (e.g. not enough water, dirty, unsafe)?","D10 In the last 4 weeks, how frequently has there not been as much water to drink as you would like for you or members of your household?","D11 In the last 4 weeks, how frequently have you or anyone in your household gone to sleep thirsty because there wasn't any water to drink?","D12 In the last 4 weeks, how frequently have you had no useable or drinkable water whatsoever in your household?","D13 In the last 4 weeks, how frequently have problems with water caused you or anyone in your household to feel ashamed/excluded/stigmatized?"
Yes,9,Bagerhat,Morrelganj,4,Baseline,Female,37,7,4,3,Primary Education,Shopkeeper,NA,Yes,5 Liter,0,0,0,0,1,0,NA,NA,NA,NA,NA,2,NA,NA,Borehole with handpump,No,Other (please specify),0,0,0,0,0,0,0,1,N/A,2,1,5,No,No,NA,Not Satisfied,"Water tastes bad Water has a bad smell, color, or quality",0,0,1,0,0,1,0,NA,Latrine/toilet,1,0,0,0,0,Latrine/toilet,1,0,0,0,0,0,0,"Not applicable, no one under 3 lives in this household",NA,"Yes, shows facility",Pit latrine,NA,NA,"Medium (some damage, but safe to stand on)",Offers full privacy (has walls and a door ),Yes,Yes,After defecation  Before food preparation  Before eating Before feeding child Before praying After working in the dirt,1,0,1,1,1,1,1,0,0,0,NA,4,Yes,Soap,Yes,No,NA,NA,NA,NA,NA,NA,NA,NA,No,NA,No,NA,NA,NA,HWISE Survey,Sometimes (3–10 times in the last 4 weeks),Sometimes (3–10 times in the last 4 weeks),Never,Never,Never,Never,Never,Never,Never,Never,Never,Never
Yes,9,Bagerhat,Morrelganj,4,Baseline,Female,50,7,4,3,Primary Education,Day Labour,NA,Yes,5 Liter,0,0,0,0,1,0,NA,NA,NA,NA,NA,2,NA,NA,"Surface water (river, dam, lake, pond, stream, canal, irrigation channels)",No,Other (please specify),0,0,0,0,0,0,0,1,N/A,45,2,92,Yes,No,NA,Not Satisfied,"Water tastes bad It is too far away Water has a bad smell, color, or quality",0,0,1,1,0,1,0,NA,Latrine/toilet,1,0,0,0,0,"Not applicable, no one between the ages of 3-17 lives in this household",0,0,0,0,1,0,0,It is put or rinsed into latrine,NA,"Yes, shows facility",Pit latrine,NA,NA,"Medium (some damage, but safe to stand on)",Offers some privacy (has walls but no door),Yes,Yes,After defecation  Before food preparation  Before eating Before feeding child Before praying After working in the dirt,1,0,1,1,1,1,1,0,0,0,NA,4,Yes,Soap,Yes,No,NA,NA,NA,NA,NA,NA,NA,NA,No,NA,No,NA,NA,NA,HWISE Survey,Always (More than 20 times in last 4 weeks),Often (10-20 times in last 4 weeks),Sometimes (3–10 times in the last 4 weeks),Rarely (1–2 times in the last 4 weeks),Often (10-20 times in last 4 weeks),Rarely (1–2 times in the last 4 weeks),Rarely (1–2 times in the last 4 weeks),Rarely (1–2 times in the last 4 weeks),Sometimes (3–10 times in the last 4 weeks),Rarely (1–2 times in the last 4 weeks),Sometimes (3–10 times in the last 4 weeks),Never
Yes,10,Bagerhat,Morrelganj,9,Baseline,Female,44,2,1,1,Non-Literate,Day Labour,NA,Yes,10 Liter,0,0,0,1,0,0,NA,NA,NA,NA,1,NA,NA,NA,Mechanized borehole,Yes,NA,NA,NA,NA,NA,NA,NA,NA,NA,NA,30,20,80,No,No,NA,Not Satisfied,It is too far away Long lines,1,0,0,1,0,0,0,NA,Latrine/toilet,1,0,0,0,0,"Not applicable, no one between the ages of 3-17 lives in this household",0,0,0,0,1,0,0,"Not applicable, no one under 3 lives in this household",NA,"Yes, shows facility",Pit latrine,NA,NA,Bad ( dangeraous to stand on),Offers little to no privacy (very poor quality),Yes,Yes,After defecation  Before food preparation  Before eating Before praying After working in the dirt,1,0,1,1,0,1,1,0,0,0,NA,3,Yes,Soap,Yes,No,NA,NA,NA,NA,NA,NA,NA,NA,No,NA,No,NA,NA,NA,HWISE Survey,Rarely (1–2 times in the last 4 weeks),Rarely (1–2 times in the last 4 weeks),Rarely (1–2 times in the last 4 weeks),Often (10-20 times in last 4 weeks),Often (10-20 times in last 4 weeks),Never,Never,Never,Never,Never,Never,Never
Yes,11,Bagerhat,Morrelganj,4,Baseline,Female,30,5,3,2,Higher Secondary Education,Business,NA,No,NA,NA,NA,NA,NA,NA,NA,NA,NA,NA,NA,NA,NA,NA,NA,Rainwater collection,No,Other (please specify),0,0,0,0,0,0,0,1,N/A,5,5,15,Yes,No,NA,Not Satisfied,Other (please specify),0,0,0,0,0,0,1,Insufficient water,Latrine/toilet,1,0,0,0,0,Latrine/toilet,1,0,0,0,0,0,0,It is put or rinsed into latrine,NA,"Yes, shows facility",Pit latrine,NA,NA,"Medium (some damage, but safe to stand on)",Offers full privacy (has walls and a door ),Yes,Yes,Before eating Before food preparation After defecation  After working in the dirt Before feeding child,1,0,1,1,1,0,1,0,0,0,NA,4,Yes,Soap,Yes,No,NA,NA,NA,NA,NA,NA,NA,NA,No,NA,No,NA,NA,NA,HWISE Survey,Often (10-20 times in last 4 weeks),Often (10-20 times in last 4 weeks),Always (More than 20 times in last 4 weeks),Often (10-20 times in last 4 weeks),Often (10-20 times in last 4 weeks),Often (10-20 times in last 4 weeks),Sometimes (3–10 times in the last 4 weeks),Never,Often (10-20 times in last 4 weeks),Rarely (1–2 times in the last 4 weeks),Sometimes (3–10 times in the last 4 weeks),Never
Yes,11,Bagerhat,Morrelganj,4,Baseline,Female,65,7,4,3,Primary Education,Others (Please Specify),"N/A
",Yes,20 Liter,0,1,0,0,0,0,NA,NA,1,NA,NA,NA,NA,NA,Borehole with handpump,No,Other (please specify),0,0,0,0,0,0,0,1,N/A,15,15,45,No,No,NA,Not Satisfied,It is too far away,0,0,0,1,0,0,0,NA,Latrine/toilet,1,0,0,0,0,Latrine/toilet,1,0,0,0,0,0,0,"Not applicable, no one under 3 lives in this household",NA,"Yes, shows facility",Pit latrine,NA,NA,Bad ( dangeraous to stand on),Offers little to no privacy (very poor quality),Yes,Yes,After defecation  Before food preparation  Before eating Before feeding child,1,0,1,1,1,0,0,0,0,0,NA,4,Yes,Ash,Yes,No,NA,NA,NA,NA,NA,NA,NA,NA,No,NA,No,NA,NA,NA,HWISE Survey,Rarely (1–2 times in the last 4 weeks),Sometimes (3–10 times in the last 4 weeks),Often (10-20 times in last 4 weeks),Sometimes (3–10 times in the last 4 weeks),Rarely (1–2 times in the last 4 weeks),Rarely (1–2 times in the last 4 weeks),Sometimes (3–10 times in the last 4 weeks),Rarely (1–2 times in the last 4 weeks),Always (More than 20 times in last 4 weeks),Rarely (1–2 times in the last 4 weeks),Never,Never
Yes,11,Bagerhat,Morrelganj,4,Baseline,Female,40,4,1,3,Secondary Education,Business,NA,No,NA,NA,NA,NA,NA,NA,NA,NA,NA,NA,NA,NA,NA,NA,NA,"Surface water (river, dam, lake, pond, stream, canal, irrigation channels)",No,Other (please specify),0,0,0,0,0,0,0,1,N/A,180,20,380,No,No,NA,Not Satisfied,It is too far away,0,0,0,1,0,0,0,NA,Latrine/toilet,1,0,0,0,0,Latrine/toilet,1,0,0,0,0,0,0,"Not applicable, no one under 3 lives in this household",NA,"Yes, shows facility",Pit latrine,NA,NA,"Medium (some damage, but safe to stand on)",Offers full privacy (has walls and a door ),Yes,Yes,After defecation  Before food preparation  Before eating After working in the dirt Before praying,1,0,1,1,0,1,1,0,0,0,NA,3,Yes,Soap,Yes,No,NA,NA,NA,NA,NA,NA,NA,NA,Yes,To aware people about pure drinking water,Yes,Yes,Yes,No,HWISE Survey,Rarely (1–2 times in the last 4 weeks),Always (More than 20 times in last 4 weeks),Often (10-20 times in last 4 weeks),Sometimes (3–10 times in the last 4 weeks),Sometimes (3–10 times in the last 4 weeks),Never,Rarely (1–2 times in the last 4 weeks),Never,Rarely (1–2 times in the last 4 weeks),Never,Never,Rarely (1–2 times in the last 4 weeks)
Yes,11,Bagerhat,Morrelganj,4,Baseline,Female,30,4,3,1,Secondary Education,Others (Please Specify),N/A,Yes,Other (please specify),0,0,0,0,0,1,75,NA,NA,NA,NA,NA,5,5,Borehole with handpump,No,Other (please specify),0,0,0,0,0,0,0,1,"N/A
",10,15,35,No,No,NA,Not Satisfied,"Water has a bad smell, color, or quality",0,0,0,0,0,1,0,NA,Latrine/toilet,1,0,0,0,0,Latrine/toilet,1,0,0,0,0,0,0,Child uses latrine,NA,"Yes, shows facility",Pit latrine,NA,NA,"Medium (some damage, but safe to stand on)",Offers full privacy (has walls and a door ),Yes,Yes,After defecation  Before food preparation  Before eating Before feeding child After working in the dirt Before praying,1,0,1,1,1,1,1,0,0,0,NA,4,Yes,Soap,Yes,No,NA,NA,NA,NA,NA,NA,NA,NA,No,NA,No,NA,NA,NA,HWISE Survey,Often (10-20 times in last 4 weeks),Often (10-20 times in last 4 weeks),Often (10-20 times in last 4 weeks),Rarely (1–2 times in the last 4 weeks),Often (10-20 times in last 4 weeks),Often (10-20 times in last 4 weeks),Rarely (1–2 times in the last 4 weeks),Rarely (1–2 times in the last 4 weeks),Rarely (1–2 times in the last 4 weeks),Rarely (1–2 times in the last 4 weeks),Rarely (1–2 times in the last 4 weeks),Sometimes (3–10 times in the last 4 weeks)
Yes,12,Khulna,Paikgacha,1,Baseline,Female,25,13,6,7,Primary Education,Farmer,NA,No,NA,NA,NA,NA,NA,NA,NA,NA,NA,NA,NA,NA,NA,NA,NA,"Bottled water, sachet water",No,don’t know,0,0,0,0,0,0,1,0,NA,20,20,60,No,No,NA,Satisfied,NA,NA,NA,NA,NA,NA,NA,NA,NA,Latrine/toilet,1,0,0,0,0,Latrine/toilet,1,0,0,0,0,0,0,It is put or rinsed on the ground or in the open,NA,"Yes, shows facility",Pit latrine,NA,NA,"Medium (some damage, but safe to stand on)",Offers full privacy (has walls and a door ),No,No,After defecation  After cleaning or changing a baby Before food preparation  Before eating Before feeding child Before praying After working in the dirt,1,1,1,1,1,1,1,0,0,0,NA,5,Yes,Soap,Yes,No,NA,NA,NA,NA,NA,NA,NA,NA,No,NA,No,NA,NA,NA,HWISE Survey,Rarely (1–2 times in the last 4 weeks),Rarely (1–2 times in the last 4 weeks),Rarely (1–2 times in the last 4 weeks),Rarely (1–2 times in the last 4 weeks),Rarely (1–2 times in the last 4 weeks),Rarely (1–2 times in the last 4 weeks),Rarely (1–2 times in the last 4 weeks),Rarely (1–2 times in the last 4 weeks),Rarely (1–2 times in the last 4 weeks),Rarely (1–2 times in the last 4 weeks),Rarely (1–2 times in the last 4 weeks),Rarely (1–2 times in the last 4 weeks)
Yes,12,Khulna,Paikgacha,1,Baseline,Male,47,6,2,4,Secondary Education,Farmer,NA,Yes,5 Liter,0,0,0,0,1,0,NA,NA,NA,NA,NA,2,NA,NA,Borehole with handpump,No,don’t know,0,0,0,0,0,0,1,0,NA,2,1,5,Not applicable,No,NA,Neutral,NA,NA,NA,NA,NA,NA,NA,NA,NA,Latrine/toilet,1,0,0,0,0,Latrine/toilet,1,0,0,0,0,0,0,It is put or rinsed into latrine,NA,"Yes, shows facility",Flush/pour flush,Septic Tank,Yes,Good condition (no cracks or gaps),Offers full privacy (has walls and a door ),NA,No,After defecation  After cleaning or changing a baby  Before eating Before praying After working in the dirt,1,1,0,1,0,1,1,0,0,0,NA,3,Yes,Soap,Yes,No,NA,NA,NA,NA,NA,NA,NA,NA,Yes,"Pani, sanitation",Yes,Yes,Yes,Yes,HWISE Survey,Rarely (1–2 times in the last 4 weeks),Rarely (1–2 times in the last 4 weeks),Rarely (1–2 times in the last 4 weeks),Rarely (1–2 times in the last 4 weeks),Rarely (1–2 times in the last 4 weeks),Rarely (1–2 times in the last 4 weeks),Rarely (1–2 times in the last 4 weeks),Rarely (1–2 times in the last 4 weeks),Rarely (1–2 times in the last 4 weeks),Rarely (1–2 times in the last 4 weeks),Rarely (1–2 times in the last 4 weeks),Rarely (1–2 times in the last 4 weeks)
Yes,12,Khulna,Paikgacha,4,Baseline,Female,40,6,3,3,Primary Education,Fisher,NA,Yes,15 Liter,0,0,1,0,0,0,NA,NA,NA,2,NA,NA,NA,NA,"Bottled water, sachet water",No,don’t know,0,0,0,0,0,0,1,0,NA,30,20,80,No,Yes,Yes,Not Satisfied,Long lines It is too expensive,1,1,0,0,0,0,0,NA,Latrine/toilet,1,0,0,0,0,"Not applicable, no one between the ages of 3-17 lives in this household",0,0,0,0,1,0,0,It is put or rinsed into latrine,NA,"Yes, shows facility",Flush/pour flush,Septic Tank,Yes,Good condition (no cracks or gaps),Offers full privacy (has walls and a door ),NA,No,After defecation  After cleaning or changing a baby Before food preparation  Before eating Before feeding child Before praying After working in the dirt,1,1,1,1,1,1,1,0,0,0,NA,5,Yes,Soap,Yes,No,NA,NA,NA,NA,NA,NA,NA,NA,Yes,"Pani, sanitation",No,NA,NA,NA,HWISE Survey,Rarely (1–2 times in the last 4 weeks),Sometimes (3–10 times in the last 4 weeks),Sometimes (3–10 times in the last 4 weeks),Rarely (1–2 times in the last 4 weeks),Rarely (1–2 times in the last 4 weeks),Rarely (1–2 times in the last 4 weeks),Rarely (1–2 times in the last 4 weeks),Rarely (1–2 times in the last 4 weeks),Rarely (1–2 times in the last 4 weeks),Rarely (1–2 times in the last 4 weeks),Rarely (1–2 times in the last 4 weeks),Rarely (1–2 times in the last 4 weeks)
Yes,13,Khulna,Paikgacha,1,Baseline,Female,50,7,4,3,Primary Education,Business,NA,Yes,15 Liter,0,0,1,0,0,0,NA,NA,NA,1,NA,NA,NA,NA,Borehole with handpump,don’t know,NA,NA,NA,NA,NA,NA,NA,NA,NA,NA,5,2,12,No,No,NA,Not Satisfied,"Water has a bad smell, color, or quality Water tastes bad",0,0,1,0,0,1,0,NA,Latrine/toilet,1,0,0,0,0,Latrine/toilet,1,0,0,0,0,0,0,It is put or rinsed on the ground or in the open,NA,"Yes, shows facility",Pit latrine,NA,NA,"Medium (some damage, but safe to stand on)",Offers full privacy (has walls and a door ),No,Yes,After defecation  After cleaning or changing a baby Before food preparation  Before eating Before feeding child,1,1,1,1,1,0,0,0,0,0,NA,5,Yes,Soap,Yes,No,NA,NA,NA,NA,NA,NA,NA,NA,No,NA,No,NA,NA,NA,HWISE Survey,Rarely (1–2 times in the last 4 weeks),Rarely (1–2 times in the last 4 weeks),Never,Never,Rarely (1–2 times in the last 4 weeks),Rarely (1–2 times in the last 4 weeks),Rarely (1–2 times in the last 4 weeks),Rarely (1–2 times in the last 4 weeks),Never,Never,Rarely (1–2 times in the last 4 weeks),Rarely (1–2 times in the last 4 weeks)
Yes,12,Khulna,Paikgacha,1,Baseline,Female,40,4,2,2,Secondary Education,Rikshaw puller/Van Pullar,NA,No,NA,NA,NA,NA,NA,NA,NA,NA,NA,NA,NA,NA,NA,NA,NA,"Bottled water, sachet water",No,don’t know,0,0,0,0,0,0,1,0,NA,40,30,110,Yes,Yes,Yes,Neutral,NA,NA,NA,NA,NA,NA,NA,NA,NA,Latrine/toilet,1,0,0,0,0,Latrine/toilet,1,0,0,0,0,0,0,"Not applicable, no one under 3 lives in this household",NA,"Yes, shows facility",Pit latrine,NA,NA,"Medium (some damage, but safe to stand on)",Offers little to no privacy (very poor quality),No,No,After defecation  After cleaning or changing a baby Before food preparation Before praying After working in the dirt,1,1,1,0,0,1,1,0,0,0,NA,3,Yes,Soap,Yes,No,NA,NA,NA,NA,NA,NA,NA,NA,No,NA,No,NA,NA,NA,HWISE Survey,Sometimes (3–10 times in the last 4 weeks),Sometimes (3–10 times in the last 4 weeks),Rarely (1–2 times in the last 4 weeks),Sometimes (3–10 times in the last 4 weeks),Rarely (1–2 times in the last 4 weeks),Sometimes (3–10 times in the last 4 weeks),Rarely (1–2 times in the last 4 weeks),Rarely (1–2 times in the last 4 weeks),Sometimes (3–10 times in the last 4 weeks),Rarely (1–2 times in the last 4 weeks),Rarely (1–2 times in the last 4 weeks),Rarely (1–2 times in the last 4 weeks)
Yes,13,Khulna,Paikgacha,4,Baseline,Female,55,6,4,2,Secondary Education,Business,NA,Yes,20 Liter,0,1,0,0,0,0,NA,NA,4,NA,NA,NA,NA,NA,Public tap or standpipe,Yes,NA,NA,NA,NA,NA,NA,NA,NA,NA,NA,20,5,45,No,Yes,Yes,Satisfied,NA,NA,NA,NA,NA,NA,NA,NA,NA,Latrine/toilet,1,0,0,0,0,Latrine/toilet,1,0,0,0,0,0,0,It is put or rinsed into latrine,NA,"Yes, shows facility",Flush/pour flush,Septic Tank,Yes,Good condition (no cracks or gaps),Offers full privacy (has walls and a door ),NA,Yes,After defecation  After cleaning or changing a baby Before food preparation  Before eating Before feeding child,1,1,1,1,1,0,0,0,0,0,NA,5,Yes,Soap,Yes,No,NA,NA,NA,NA,NA,NA,NA,NA,No,NA,No,NA,NA,NA,HWISE Survey,Rarely (1–2 times in the last 4 weeks),Rarely (1–2 times in the last 4 weeks),Rarely (1–2 times in the last 4 weeks),Rarely (1–2 times in the last 4 weeks),Rarely (1–2 times in the last 4 weeks),Rarely (1–2 times in the last 4 weeks),Rarely (1–2 times in the last 4 weeks),Rarely (1–2 times in the last 4 weeks),Rarely (1–2 times in the last 4 weeks),Rarely (1–2 times in the last 4 weeks),Rarely (1–2 times in the last 4 weeks),Rarely (1–2 times in the last 4 weeks)
Yes,12,Khulna,Paikgacha,4,Baseline,Female,28,4,2,2,Secondary Education,Others (Please Specify),Driving,No,NA,NA,NA,NA,NA,NA,NA,NA,NA,NA,NA,NA,NA,NA,NA,Borehole with handpump,No,don’t know,0,0,0,0,0,0,1,0,NA,2,2,6,Yes,No,NA,Not Satisfied,"Water tastes bad Water has a bad smell, color, or quality",0,0,1,0,0,1,0,NA,Latrine/toilet,1,0,0,0,0,Latrine/toilet,1,0,0,0,0,0,0,"Not applicable, no one under 3 lives in this household",NA,"Yes, shows facility",Pit latrine,NA,NA,"Medium (some damage, but safe to stand on)",Offers full privacy (has walls and a door ),No,No,After defecation  After cleaning or changing a baby Before food preparation  Before eating Before feeding child Before praying After working in the dirt,1,1,1,1,1,1,1,0,0,0,NA,5,Yes,Soap,Yes,No,NA,NA,NA,NA,NA,NA,NA,NA,No,NA,Yes,No,Yes,No,HWISE Survey,Rarely (1–2 times in the last 4 weeks),Rarely (1–2 times in the last 4 weeks),Rarely (1–2 times in the last 4 weeks),Rarely (1–2 times in the last 4 weeks),Rarely (1–2 times in the last 4 weeks),Rarely (1–2 times in the last 4 weeks),Rarely (1–2 times in the last 4 weeks),Rarely (1–2 times in the last 4 weeks),Rarely (1–2 times in the last 4 weeks),Rarely (1–2 times in the last 4 weeks),Rarely (1–2 times in the last 4 weeks),Rarely (1–2 times in the last 4 weeks)
Yes,13,Khulna,Paikgacha,1,Baseline,Male,44,5,3,2,Non-Literate,Rikshaw puller/Van Pullar,NA,Yes,10 Liter,0,0,0,1,0,0,NA,NA,NA,NA,1,NA,NA,NA,Borehole with handpump,No,don’t know,0,0,0,0,0,0,1,0,NA,4,2,10,Yes,Not applicable,NA,Not Satisfied,"Water tastes bad Water has a bad smell, color, or quality",0,0,1,0,0,1,0,NA,Latrine/toilet,1,0,0,0,0,Latrine/toilet,1,0,0,0,0,0,0,It is put or rinsed into latrine,NA,"Yes, shows facility",Pit latrine,NA,NA,Bad ( dangeraous to stand on),Offers little to no privacy (very poor quality),No,No,After defecation  After cleaning or changing a baby Before food preparation Before feeding child,1,1,1,0,1,0,0,0,0,0,NA,4,Yes,Soap,Yes,No,NA,NA,NA,NA,NA,NA,NA,NA,No,NA,No,NA,NA,NA,HWISE Survey,Rarely (1–2 times in the last 4 weeks),Rarely (1–2 times in the last 4 weeks),Rarely (1–2 times in the last 4 weeks),Rarely (1–2 times in the last 4 weeks),Rarely (1–2 times in the last 4 weeks),Rarely (1–2 times in the last 4 weeks),Rarely (1–2 times in the last 4 weeks),Rarely (1–2 times in the last 4 weeks),Rarely (1–2 times in the last 4 weeks),Rarely (1–2 times in the last 4 weeks),Rarely (1–2 times in the last 4 weeks),Rarely (1–2 times in the last 4 weeks)
Yes,13,Khulna,Paikgacha,1,Baseline,Male,47,8,5,3,Primary Education,Farmer,NA,Yes,15 Liter,0,0,1,0,0,0,NA,NA,NA,4,NA,NA,NA,NA,Borehole with handpump,No,don’t know,0,0,0,0,0,0,1,0,NA,5,2,12,Yes,No,NA,Satisfied,NA,NA,NA,NA,NA,NA,NA,NA,NA,Latrine/toilet,1,0,0,0,0,Latrine/toilet,1,0,0,0,0,0,0,It is put or rinse into garbage bin,NA,"Yes, shows facility",Pit latrine,NA,NA,"Medium (some damage, but safe to stand on)",Offers full privacy (has walls and a door ),No,Yes,After defecation  Before food preparation  Before eating Before feeding child,1,0,1,1,1,0,0,0,0,0,NA,4,Yes,Soap,Yes,No,NA,NA,NA,NA,NA,NA,NA,NA,No,NA,No,NA,NA,NA,HWISE Survey,Rarely (1–2 times in the last 4 weeks),Rarely (1–2 times in the last 4 weeks),Rarely (1–2 times in the last 4 weeks),Rarely (1–2 times in the last 4 weeks),Rarely (1–2 times in the last 4 weeks),Rarely (1–2 times in the last 4 weeks),Rarely (1–2 times in the last 4 weeks),Rarely (1–2 times in the last 4 weeks),Rarely (1–2 times in the last 4 weeks),Rarely (1–2 times in the last 4 weeks),Rarely (1–2 times in the last 4 weeks),Rarely (1–2 times in the last 4 weeks)
Yes,13,Khulna,Paikgacha,1,Baseline,Male,52,9,5,4,Secondary Education,Day Labour,NA,Yes,20 Liter,0,1,0,0,0,0,NA,NA,2,NA,NA,NA,NA,NA,"Bottled water, sachet water",No,don’t know,0,0,0,0,0,0,1,0,NA,20,5,45,No,No,NA,Not Satisfied,It is too expensive Long lines,1,1,0,0,0,0,0,NA,Latrine/toilet,1,0,0,0,0,Latrine/toilet,1,0,0,0,0,0,0,It is put or rinsed into latrine,NA,"Yes, shows facility",Pit latrine,NA,NA,Good condition (no cracks or gaps),Offers full privacy (has walls and a door ),No,Yes,After defecation  Before food preparation  Before eating Before feeding child Before praying After working in the dirt,1,0,1,1,1,1,1,0,0,0,NA,4,Yes,Soap,Yes,No,NA,NA,NA,NA,NA,NA,NA,NA,No,NA,No,NA,NA,NA,HWISE Survey,Rarely (1–2 times in the last 4 weeks),Sometimes (3–10 times in the last 4 weeks),Sometimes (3–10 times in the last 4 weeks),Rarely (1–2 times in the last 4 weeks),Sometimes (3–10 times in the last 4 weeks),Sometimes (3–10 times in the last 4 weeks),Rarely (1–2 times in the last 4 weeks),Rarely (1–2 times in the last 4 weeks),Rarely (1–2 times in the last 4 weeks),Rarely (1–2 times in the last 4 weeks),Rarely (1–2 times in the last 4 weeks),Rarely (1–2 times in the last 4 weeks)
Yes,13,Khulna,Paikgacha,1,Baseline,Female,35,3,2,1,Non-Literate,Day Labour,NA,Yes,15 Liter,0,0,1,0,0,0,NA,NA,NA,1,NA,NA,NA,NA,"Bottled water, sachet water",Yes,NA,NA,NA,NA,NA,NA,NA,NA,NA,NA,25,5,55,Yes,Yes,Yes,Not Satisfied,It is too expensive,0,1,0,0,0,0,0,NA,Latrine/toilet,1,0,0,0,0,Latrine/toilet,1,0,0,0,0,0,0,It is put or rinsed on the ground or in the open,NA,"Yes, shows facility",Flush/pour flush,Septic Tank,Yes,"Medium (some damage, but safe to stand on)",Offers full privacy (has walls and a door ),NA,Yes,After defecation  Before food preparation  Before eating Before feeding child Before praying,1,0,1,1,1,1,0,0,0,0,NA,4,Yes,Soap,Yes,No,NA,NA,NA,NA,NA,NA,NA,NA,No,NA,No,NA,NA,NA,HWISE Survey,Sometimes (3–10 times in the last 4 weeks),Sometimes (3–10 times in the last 4 weeks),Sometimes (3–10 times in the last 4 weeks),Sometimes (3–10 times in the last 4 weeks),Sometimes (3–10 times in the last 4 weeks),Sometimes (3–10 times in the last 4 weeks),Sometimes (3–10 times in the last 4 weeks),Sometimes (3–10 times in the last 4 weeks),Sometimes (3–10 times in the last 4 weeks),Sometimes (3–10 times in the last 4 weeks),Sometimes (3–10 times in the last 4 weeks),Sometimes (3–10 times in the last 4 weeks)
Yes,3,Khulna,Koyra,2,Baseline,Male,55,3,2,1,Primary Education,Day Labour,NA,Yes,20 Liter,0,1,0,0,0,0,NA,NA,2,NA,NA,NA,NA,NA,Borehole with handpump,No,Other (please specify),0,0,0,0,0,0,0,1,N/A,20,5,45,No,No,NA,Satisfied,NA,NA,NA,NA,NA,NA,NA,NA,NA,Latrine/toilet,1,0,0,0,0,Latrine/toilet,1,0,0,0,0,0,0,"Not applicable, no one under 3 lives in this household",NA,"Yes, shows facility",Pit latrine,NA,NA,Bad ( dangeraous to stand on),Offers little to no privacy (very poor quality),Yes,Yes,After defecation  After cleaning or changing a baby Before food preparation  Before eating Before feeding child Before praying After working in the dirt,1,1,1,1,1,1,1,0,0,0,NA,5,Yes,Soap,Yes,No,NA,NA,NA,NA,NA,NA,NA,NA,No,NA,No,NA,NA,NA,HWISE Survey,Rarely (1–2 times in the last 4 weeks),Sometimes (3–10 times in the last 4 weeks),Rarely (1–2 times in the last 4 weeks),Sometimes (3–10 times in the last 4 weeks),Rarely (1–2 times in the last 4 weeks),Rarely (1–2 times in the last 4 weeks),Sometimes (3–10 times in the last 4 weeks),Rarely (1–2 times in the last 4 weeks),Sometimes (3–10 times in the last 4 weeks),Rarely (1–2 times in the last 4 weeks),Sometimes (3–10 times in the last 4 weeks),Rarely (1–2 times in the last 4 weeks)
Yes,7,Khulna,Koyra,1,Baseline,Male,42,5,2,3,Non-Literate,Business,NA,Yes,15 Liter,0,0,1,0,0,0,NA,NA,NA,4,NA,NA,NA,NA,Borehole with handpump,No,Other (please specify),0,0,0,0,0,0,0,1,N/A,20,5,45,Yes,No,NA,Not Satisfied,It is too far away Long lines,1,0,0,1,0,0,0,NA,Latrine/toilet,1,0,0,0,0,Latrine/toilet,1,0,0,0,0,0,0,"Not applicable, no one under 3 lives in this household",NA,"Yes, shows facility",Flush/pour flush,Septic Tank,Yes,"Medium (some damage, but safe to stand on)",Offers full privacy (has walls and a door ),NA,Yes,After defecation   Before eating Before praying After working in the dirt,1,0,0,1,0,1,1,0,0,0,NA,2,Yes,Soap,Yes,No,NA,NA,NA,NA,NA,NA,NA,NA,No,NA,Yes,Only for minor repairs,No,Yes,HWISE Survey,Always (More than 20 times in last 4 weeks),Always (More than 20 times in last 4 weeks),Always (More than 20 times in last 4 weeks),Often (10-20 times in last 4 weeks),Sometimes (3–10 times in the last 4 weeks),Often (10-20 times in last 4 weeks),Sometimes (3–10 times in the last 4 weeks),Sometimes (3–10 times in the last 4 weeks),Sometimes (3–10 times in the last 4 weeks),Rarely (1–2 times in the last 4 weeks),Never,Sometimes (3–10 times in the last 4 weeks)
Yes,3,Khulna,Koyra,2,Baseline,Male,54,3,2,1,Primary Education,Day Labour,NA,Yes,25 Liter,1,0,0,0,0,0,NA,3,NA,NA,NA,NA,NA,NA,Borehole with handpump,No,Other (please specify),0,0,0,0,0,0,0,1,N/A,20,8,48,No,No,NA,Satisfied,NA,NA,NA,NA,NA,NA,NA,NA,NA,Latrine/toilet,1,0,0,0,0,Latrine/toilet,1,0,0,0,0,0,0,"Not applicable, no one under 3 lives in this household",NA,"Yes, shows facility",Pit latrine,NA,NA,Bad ( dangeraous to stand on),Offers little to no privacy (very poor quality),Yes,Yes,After defecation  After cleaning or changing a baby Before food preparation  Before eating Before feeding child Before praying After working in the dirt,1,1,1,1,1,1,1,0,0,0,NA,5,Yes,Soap,Yes,No,NA,NA,NA,NA,NA,NA,NA,NA,No,NA,No,NA,NA,NA,HWISE Survey,Rarely (1–2 times in the last 4 weeks),Sometimes (3–10 times in the last 4 weeks),Sometimes (3–10 times in the last 4 weeks),Sometimes (3–10 times in the last 4 weeks),Sometimes (3–10 times in the last 4 weeks),Sometimes (3–10 times in the last 4 weeks),Sometimes (3–10 times in the last 4 weeks),Sometimes (3–10 times in the last 4 weeks),Rarely (1–2 times in the last 4 weeks),Rarely (1–2 times in the last 4 weeks),Sometimes (3–10 times in the last 4 weeks),Sometimes (3–10 times in the last 4 weeks)
Yes,7,Khulna,Koyra,1,Baseline,Female,55,5,3,2,Primary Education,Day Labour,NA,Yes,15 Liter,0,0,1,0,0,0,NA,NA,NA,3,NA,NA,NA,NA,Borehole with handpump,No,Other (please specify),0,0,0,0,0,0,0,1,N/A,20,8,48,No,No,NA,Not Satisfied,It is too far away Long lines,1,0,0,1,0,0,0,NA,Latrine/toilet,1,0,0,0,0,Latrine/toilet,1,0,0,0,0,0,0,It is put or rinsed on the ground or in the open,NA,"Yes, shows facility",Flush/pour flush,Septic Tank,No,"Medium (some damage, but safe to stand on)",Offers full privacy (has walls and a door ),NA,Yes,After defecation  After cleaning or changing a baby Before food preparation  Before eating Before feeding child Before praying After working in the dirt,1,1,1,1,1,1,1,0,0,0,NA,5,Yes,Soap,Yes,No,NA,NA,NA,NA,NA,NA,NA,NA,No,NA,No,NA,NA,NA,HWISE Survey,Always (More than 20 times in last 4 weeks),Always (More than 20 times in last 4 weeks),Often (10-20 times in last 4 weeks),Always (More than 20 times in last 4 weeks),Often (10-20 times in last 4 weeks),Often (10-20 times in last 4 weeks),Often (10-20 times in last 4 weeks),Sometimes (3–10 times in the last 4 weeks),Sometimes (3–10 times in the last 4 weeks),Rarely (1–2 times in the last 4 weeks),Sometimes (3–10 times in the last 4 weeks),Rarely (1–2 times in the last 4 weeks)
Yes,7,Khulna,Koyra,1,Baseline,Female,28,4,3,1,Non-Literate,Day Labour,NA,Yes,10 Liter,0,0,0,1,0,0,NA,NA,NA,NA,3,NA,NA,NA,Borehole with handpump,No,Other (please specify),0,0,0,0,0,0,0,1,N/A,24,5,53,No,No,NA,Not Satisfied,It is too far away Long lines,1,0,0,1,0,0,0,NA,Latrine/toilet,1,0,0,0,0,Latrine/toilet,1,0,0,0,0,0,0,"Not applicable, no one under 3 lives in this household",NA,"Yes, shows facility",Flush/pour flush,Pit Latrine,No,"Medium (some damage, but safe to stand on)",Offers full privacy (has walls and a door ),NA,Yes,After defecation  Before food preparation  Before eating Before praying After working in the dirt,1,0,1,1,0,1,1,0,0,0,NA,3,Yes,Soap,Yes,No,NA,NA,NA,NA,NA,NA,NA,NA,No,NA,No,NA,NA,NA,HWISE Survey,Always (More than 20 times in last 4 weeks),Always (More than 20 times in last 4 weeks),Often (10-20 times in last 4 weeks),Always (More than 20 times in last 4 weeks),Often (10-20 times in last 4 weeks),Often (10-20 times in last 4 weeks),Often (10-20 times in last 4 weeks),Sometimes (3–10 times in the last 4 weeks),Often (10-20 times in last 4 weeks),Sometimes (3–10 times in the last 4 weeks),Rarely (1–2 times in the last 4 weeks),Sometimes (3–10 times in the last 4 weeks)
Yes,7,Khulna,Koyra,1,Baseline,Male,48,8,4,4,Secondary Education,Farmer,NA,Yes,15 Liter,0,0,1,0,0,0,NA,NA,NA,5,NA,NA,NA,NA,Borehole with handpump,No,Other (please specify),0,0,0,0,0,0,0,1,N/A,18,20,56,No,Yes,Yes,Not Satisfied,Long lines It is too far away,1,0,0,1,0,0,0,NA,Latrine/toilet,1,0,0,0,0,Latrine/toilet,1,0,0,0,0,0,0,It is put or rinsed into latrine,NA,"Yes, shows facility",Pit latrine,NA,NA,Bad ( dangeraous to stand on),Offers some privacy (has walls but no door),No,Yes,Before eating After defecation  Before praying After working in the dirt,1,0,0,1,0,1,1,0,0,0,NA,2,Yes,Other cleanser or detergent,Yes,No,NA,NA,NA,NA,NA,NA,NA,NA,No,NA,No,NA,NA,NA,HWISE Survey,Always (More than 20 times in last 4 weeks),Always (More than 20 times in last 4 weeks),Often (10-20 times in last 4 weeks),Never,Never,Never,Never,Never,Often (10-20 times in last 4 weeks),Never,Never,Rarely (1–2 times in the last 4 weeks)
Yes,3,Khulna,Koyra,2,Baseline,Male,25,3,2,1,Primary Education,Business,NA,Yes,25 Liter,1,0,0,0,0,0,NA,3,NA,NA,NA,NA,NA,NA,Borehole with handpump,No,Other (please specify),0,0,0,0,0,0,0,1,N/A,20,9,49,No,No,NA,Neutral,NA,NA,NA,NA,NA,NA,NA,NA,NA,Latrine/toilet,1,0,0,0,0,Latrine/toilet,1,0,0,0,0,0,0,"Not applicable, no one under 3 lives in this household",NA,"Yes, shows facility",Pit latrine,NA,NA,Bad ( dangeraous to stand on),Offers little to no privacy (very poor quality),Yes,Yes,After defecation  After cleaning or changing a baby Before food preparation  Before eating Before feeding child Before praying After working in the dirt,1,1,1,1,1,1,1,0,0,0,NA,5,Yes,Soap,Yes,No,NA,NA,NA,NA,NA,NA,NA,NA,No,NA,No,NA,NA,NA,HWISE Survey,Sometimes (3–10 times in the last 4 weeks),Often (10-20 times in last 4 weeks),Rarely (1–2 times in the last 4 weeks),Sometimes (3–10 times in the last 4 weeks),Sometimes (3–10 times in the last 4 weeks),Sometimes (3–10 times in the last 4 weeks),Sometimes (3–10 times in the last 4 weeks),Sometimes (3–10 times in the last 4 weeks),Rarely (1–2 times in the last 4 weeks),Rarely (1–2 times in the last 4 weeks),Sometimes (3–10 times in the last 4 weeks),Rarely (1–2 times in the last 4 weeks)
Yes,7,Khulna,Koyra,1,Baseline,Male,27,6,3,3,Primary Education,Others (Please Specify),Kat Mistry,Yes,15 Liter,0,0,1,0,0,0,NA,NA,NA,2,NA,NA,NA,NA,Borehole with handpump,No,Other (please specify),0,0,0,0,0,0,0,1,N /A,26,8,60,No,No,NA,Not Satisfied,It is too far away Long lines,1,0,0,1,0,0,0,NA,Latrine/toilet,1,0,0,0,0,Latrine/toilet,1,0,0,0,0,0,0,It is put or rinsed on the ground or in the open,NA,"Yes, shows facility",Flush/pour flush,Septic Tank,No,Good condition (no cracks or gaps),Offers full privacy (has walls and a door ),NA,Yes,After defecation   Before eating Before praying,1,0,0,1,0,1,0,0,0,0,NA,2,Yes,Soap,Yes,No,NA,NA,NA,NA,NA,NA,NA,NA,No,NA,No,NA,NA,NA,HWISE Survey,Always (More than 20 times in last 4 weeks),Always (More than 20 times in last 4 weeks),Sometimes (3–10 times in the last 4 weeks),Rarely (1–2 times in the last 4 weeks),Never,Never,Never,Never,Rarely (1–2 times in the last 4 weeks),Rarely (1–2 times in the last 4 weeks),Never,Never
Yes,7,Khulna,Koyra,1,Baseline,Male,33,4,2,2,Non-Literate,Others (Please Specify),House wife,Yes,15 Liter,0,0,1,0,0,0,NA,NA,NA,4,NA,NA,NA,NA,Borehole with handpump,No,Other (please specify),0,0,0,0,0,0,0,1,N/A,30,5,65,Yes,Yes,Yes,Not Satisfied,It is too far away Long lines,1,0,0,1,0,0,0,NA,Latrine/toilet,1,0,0,0,0,Latrine/toilet,1,0,0,0,0,0,0,"Not applicable, no one under 3 lives in this household",NA,"Yes, shows facility",Flush/pour flush,Septic Tank,No,"Medium (some damage, but safe to stand on)",Offers full privacy (has walls and a door ),NA,Yes,After defecation  After working in the dirt  Before eating,1,0,0,1,0,0,1,0,0,0,NA,2,Yes,Soap,Yes,No,NA,NA,NA,NA,NA,NA,NA,NA,No,NA,No,NA,NA,NA,HWISE Survey,Always (More than 20 times in last 4 weeks),Often (10-20 times in last 4 weeks),Sometimes (3–10 times in the last 4 weeks),Sometimes (3–10 times in the last 4 weeks),Often (10-20 times in last 4 weeks),Sometimes (3–10 times in the last 4 weeks),Never,Sometimes (3–10 times in the last 4 weeks),Often (10-20 times in last 4 weeks),Sometimes (3–10 times in the last 4 weeks),Sometimes (3–10 times in the last 4 weeks),Rarely (1–2 times in the last 4 weeks)
Yes,3,Khulna,Koyra,2,Baseline,Male,38,2,1,1,Primary Education,Day Labour,NA,Yes,25 Liter,1,0,0,0,0,0,NA,3,NA,NA,NA,NA,NA,NA,Borehole with handpump,No,Other (please specify),0,0,0,0,0,0,0,1,N/A,20,7,47,No,No,NA,Satisfied,NA,NA,NA,NA,NA,NA,NA,NA,NA,Latrine/toilet,1,0,0,0,0,Latrine/toilet,1,0,0,0,0,0,0,"Not applicable, no one under 3 lives in this household",NA,"Yes, shows facility",Pit latrine,NA,NA,Bad ( dangeraous to stand on),Offers little to no privacy (very poor quality),Yes,Yes,After defecation  After cleaning or changing a baby Before food preparation  Before eating Before feeding child Before praying After working in the dirt,1,1,1,1,1,1,1,0,0,0,NA,5,Yes,Other cleanser or detergent,Yes,No,NA,NA,NA,NA,NA,NA,NA,NA,No,NA,No,NA,NA,NA,HWISE Survey,Rarely (1–2 times in the last 4 weeks),Often (10-20 times in last 4 weeks),Often (10-20 times in last 4 weeks),Rarely (1–2 times in the last 4 weeks),Rarely (1–2 times in the last 4 weeks),Sometimes (3–10 times in the last 4 weeks),Sometimes (3–10 times in the last 4 weeks),Sometimes (3–10 times in the last 4 weeks),Sometimes (3–10 times in the last 4 weeks),Rarely (1–2 times in the last 4 weeks),Rarely (1–2 times in the last 4 weeks),Sometimes (3–10 times in the last 4 weeks)
Yes,7,Khulna,Koyra,1,Baseline,Male,56,6,3,3,Secondary Education,Farmer,NA,Yes,15 Liter,0,0,1,0,0,0,NA,NA,NA,8,NA,NA,NA,NA,Borehole with handpump,No,Other (please specify),0,0,0,0,0,0,0,1,N/A,50,25,125,No,No,NA,Not Satisfied,It is too far away Long lines,1,0,0,1,0,0,0,NA,Latrine/toilet,1,0,0,0,0,Latrine/toilet,1,0,0,0,0,0,0,It is put or rinsed into latrine,NA,"Yes, shows facility",Pit latrine,NA,NA,Good condition (no cracks or gaps),Offers full privacy (has walls and a door ),No,Yes,After defecation   Before eating Before praying After working in the dirt,1,0,0,1,0,1,1,0,0,0,NA,2,Yes,Soap,Yes,No,NA,NA,NA,NA,NA,NA,NA,NA,No,NA,Yes,Only for minor repairs,Yes,Yes,HWISE Survey,Always (More than 20 times in last 4 weeks),Always (More than 20 times in last 4 weeks),Sometimes (3–10 times in the last 4 weeks),Never,Never,Often (10-20 times in last 4 weeks),Never,Never,Sometimes (3–10 times in the last 4 weeks),Rarely (1–2 times in the last 4 weeks),Never,Rarely (1–2 times in the last 4 weeks)
Yes,3,Khulna,Koyra,2,Baseline,Male,45,5,3,2,Primary Education,Day Labour,NA,Yes,25 Liter,1,0,0,0,0,0,NA,3,NA,NA,NA,NA,NA,NA,Borehole with handpump,No,Other (please specify),0,0,0,0,0,0,0,1,N/A,20,6,46,No,No,NA,Neutral,NA,NA,NA,NA,NA,NA,NA,NA,NA,Latrine/toilet,1,0,0,0,0,Latrine/toilet,1,0,0,0,0,0,0,It is put or rinse into garbage bin,NA,"Yes, shows facility",Pit latrine,NA,NA,Bad ( dangeraous to stand on),Offers little to no privacy (very poor quality),Yes,Yes,After defecation  After cleaning or changing a baby Before food preparation  Before eating Before feeding child Before praying After working in the dirt,1,1,1,1,1,1,1,0,0,0,NA,5,Yes,Ash,Yes,No,NA,NA,NA,NA,NA,NA,NA,NA,No,NA,No,NA,NA,NA,HWISE Survey,Always (More than 20 times in last 4 weeks),Often (10-20 times in last 4 weeks),Sometimes (3–10 times in the last 4 weeks),Rarely (1–2 times in the last 4 weeks),Sometimes (3–10 times in the last 4 weeks),Sometimes (3–10 times in the last 4 weeks),Sometimes (3–10 times in the last 4 weeks),Sometimes (3–10 times in the last 4 weeks),Sometimes (3–10 times in the last 4 weeks),Rarely (1–2 times in the last 4 weeks),Sometimes (3–10 times in the last 4 weeks),Sometimes (3–10 times in the last 4 weeks)
Yes,3,Khulna,Koyra,2,Baseline,Female,52,6,2,4,Primary Education,Day Labour,NA,Yes,20 Liter,0,1,0,0,0,0,NA,NA,2,NA,NA,NA,NA,NA,Borehole with handpump,No,Other (please specify),0,0,0,0,0,0,0,1,N/A,20,6,46,No,No,NA,Satisfied,NA,NA,NA,NA,NA,NA,NA,NA,NA,Latrine/toilet,1,0,0,0,0,Latrine/toilet,1,0,0,0,0,0,0,It is put or rinse into garbage bin,NA,"Yes, shows facility",Pit latrine,NA,NA,Bad ( dangeraous to stand on),Offers little to no privacy (very poor quality),Yes,Yes,After defecation  After cleaning or changing a baby Before food preparation  Before eating Before praying Before feeding child After working in the dirt,1,1,1,1,1,1,1,0,0,0,NA,5,Yes,Soap,Yes,No,NA,NA,NA,NA,NA,NA,NA,NA,No,NA,No,NA,NA,NA,HWISE Survey,Always (More than 20 times in last 4 weeks),Always (More than 20 times in last 4 weeks),Rarely (1–2 times in the last 4 weeks),Often (10-20 times in last 4 weeks),Sometimes (3–10 times in the last 4 weeks),Sometimes (3–10 times in the last 4 weeks),Sometimes (3–10 times in the last 4 weeks),Sometimes (3–10 times in the last 4 weeks),Sometimes (3–10 times in the last 4 weeks),Rarely (1–2 times in the last 4 weeks),Sometimes (3–10 times in the last 4 weeks),Sometimes (3–10 times in the last 4 weeks)
Yes,5,Khulna,Koyra,2,Baseline,Female,28,3,2,1,Primary Education,Day Labour,NA,Yes,15 Liter,0,0,1,0,0,0,NA,NA,NA,2,NA,NA,NA,NA,Public tap or standpipe,No,Other (please specify),0,0,0,0,0,0,0,1,N/A,30,5,65,No,No,NA,Satisfied,NA,NA,NA,NA,NA,NA,NA,NA,NA,Latrine/toilet,1,0,0,0,0,"Not applicable, no one between the ages of 3-17 lives in this household",0,0,0,0,1,0,0,"Not applicable, no one under 3 lives in this household",NA,"Yes, shows facility",Pit latrine,NA,NA,"Medium (some damage, but safe to stand on)",Offers little to no privacy (very poor quality),Yes,Yes,After defecation  Before food preparation  Before eating Before praying After working in the dirt,1,0,1,1,0,1,1,0,0,0,NA,3,Yes,Soap,Yes,No,NA,NA,NA,NA,NA,NA,NA,NA,No,NA,No,NA,NA,NA,HWISE Survey,Rarely (1–2 times in the last 4 weeks),Never,Rarely (1–2 times in the last 4 weeks),Never,Never,Never,Never,Never,Never,Rarely (1–2 times in the last 4 weeks),Rarely (1–2 times in the last 4 weeks),Never
Yes,5,Khulna,Koyra,2,Baseline,Male,30,5,3,2,Secondary Education,Day Labour,NA,Yes,20 Liter,0,1,0,0,0,0,NA,NA,2,NA,NA,NA,NA,NA,Public tap or standpipe,No,Other (please specify),0,0,0,0,0,0,0,1,N/A,30,10,70,No,No,NA,Satisfied,NA,NA,NA,NA,NA,NA,NA,NA,NA,Latrine/toilet,1,0,0,0,0,Latrine/toilet,1,0,0,0,0,0,0,"Not applicable, no one under 3 lives in this household",NA,"Yes, shows facility",Pit latrine,NA,NA,Bad ( dangeraous to stand on),Offers some privacy (has walls but no door),Yes,Yes,After working in the dirt After defecation   Before eating Before food preparation,1,0,1,1,0,0,1,0,0,0,NA,3,Yes,Other cleanser or detergent,Yes,No,NA,NA,NA,NA,NA,NA,NA,NA,No,NA,No,NA,NA,NA,HWISE Survey,Never,Never,Rarely (1–2 times in the last 4 weeks),Never,Never,Never,Never,Never,Rarely (1–2 times in the last 4 weeks),Rarely (1–2 times in the last 4 weeks),Rarely (1–2 times in the last 4 weeks),Never
Yes,5,Khulna,Koyra,2,Baseline,Male,40,3,2,1,Secondary Education,Farmer,NA,Yes,15 Liter,0,0,1,0,0,0,NA,NA,NA,3,NA,NA,NA,NA,Public tap or standpipe,No,Other (please specify),0,0,0,0,0,0,0,1,N/A,30,10,70,No,No,NA,Satisfied,NA,NA,NA,NA,NA,NA,NA,NA,NA,Latrine/toilet,1,0,0,0,0,Latrine/toilet,1,0,0,0,0,0,0,It is put or rinsed into latrine,NA,"Yes, shows facility",Pit latrine,NA,NA,"Medium (some damage, but safe to stand on)",Offers some privacy (has walls but no door),Yes,Yes,After defecation  After cleaning or changing a baby Before food preparation  Before eating Before feeding child Before praying After working in the dirt,1,1,1,1,1,1,1,0,0,0,NA,5,Yes,Other cleanser or detergent,Yes,No,NA,NA,NA,NA,NA,NA,NA,NA,No,NA,No,NA,NA,NA,HWISE Survey,Rarely (1–2 times in the last 4 weeks),Never,Rarely (1–2 times in the last 4 weeks),Never,Never,Rarely (1–2 times in the last 4 weeks),Never,Never,Never,Sometimes (3–10 times in the last 4 weeks),Sometimes (3–10 times in the last 4 weeks),Never
Yes,5,Khulna,Koyra,2,Baseline,Male,35,4,2,2,Primary Education,Day Labour,NA,Yes,15 Liter,0,0,1,0,0,0,NA,NA,NA,2,NA,NA,NA,NA,Public tap or standpipe,No,Other (please specify),0,0,0,0,0,0,0,1,N/A,30,12,72,Yes,No,NA,Satisfied,NA,NA,NA,NA,NA,NA,NA,NA,NA,Latrine/toilet,1,0,0,0,0,Latrine/toilet,1,0,0,0,0,0,0,"Not applicable, no one under 3 lives in this household",NA,"Yes, shows facility",Pit latrine,NA,NA,Bad ( dangeraous to stand on),Offers little to no privacy (very poor quality),Yes,Yes,After defecation  Before food preparation  Before eating Before praying After working in the dirt,1,0,1,1,0,1,1,0,0,0,NA,3,Yes,Other cleanser or detergent,Yes,No,NA,NA,NA,NA,NA,NA,NA,NA,No,NA,No,NA,NA,NA,HWISE Survey,Rarely (1–2 times in the last 4 weeks),Never,Sometimes (3–10 times in the last 4 weeks),Never,Rarely (1–2 times in the last 4 weeks),Never,Rarely (1–2 times in the last 4 weeks),Never,Rarely (1–2 times in the last 4 weeks),Rarely (1–2 times in the last 4 weeks),Sometimes (3–10 times in the last 4 weeks),Rarely (1–2 times in the last 4 weeks)
Yes,5,Khulna,Koyra,2,Baseline,Male,37,7,5,2,Secondary Education,Business,NA,Yes,25 Liter,1,0,0,0,0,0,NA,4,NA,NA,NA,NA,NA,NA,Public tap or standpipe,No,Other (please specify),0,0,0,0,0,0,0,1,N/A,30,15,75,Yes,No,NA,Satisfied,NA,NA,NA,NA,NA,NA,NA,NA,NA,Latrine/toilet,1,0,0,0,0,Potty,0,1,0,0,0,0,0,It is put or rinsed into latrine,NA,"Yes, shows facility",Pit latrine,NA,NA,"Medium (some damage, but safe to stand on)",Offers full privacy (has walls and a door ),Yes,Yes,After defecation  Before food preparation After cleaning or changing a baby  Before eating Before feeding child After working in the dirt,1,1,1,1,1,0,1,0,0,0,NA,5,Yes,Soap,Yes,No,NA,NA,NA,NA,NA,NA,NA,NA,No,NA,No,NA,NA,NA,HWISE Survey,Sometimes (3–10 times in the last 4 weeks),Never,Rarely (1–2 times in the last 4 weeks),Never,Never,Rarely (1–2 times in the last 4 weeks),Never,Never,Never,Rarely (1–2 times in the last 4 weeks),Rarely (1–2 times in the last 4 weeks),Rarely (1–2 times in the last 4 weeks)
Yes,5,Khulna,Koyra,4,Baseline,Male,60,6,3,3,Primary Education,Farmer,NA,Yes,25 Liter,1,0,0,0,0,0,NA,5,NA,NA,NA,NA,NA,NA,Borehole with handpump,No,Other (please specify),0,0,0,0,0,0,0,1,N/A,5,2,12,Yes,No,NA,Satisfied,NA,NA,NA,NA,NA,NA,NA,NA,NA,Latrine/toilet,1,0,0,0,0,Latrine/toilet,1,0,0,0,0,0,0,"Not applicable, no one under 3 lives in this household",NA,"Yes, shows facility",Pit latrine,NA,NA,"Medium (some damage, but safe to stand on)",Offers full privacy (has walls and a door ),Yes,Yes,After defecation  Before food preparation After working in the dirt Before praying  Before eating,1,0,1,1,0,1,1,0,0,0,NA,3,Yes,Soap,Yes,No,NA,NA,NA,NA,NA,NA,NA,NA,No,NA,Yes,Yes,Yes,Yes,HWISE Survey,Rarely (1–2 times in the last 4 weeks),Rarely (1–2 times in the last 4 weeks),Never,Never,Never,Never,Sometimes (3–10 times in the last 4 weeks),Never,Rarely (1–2 times in the last 4 weeks),Never,Never,Never
Yes,2,Khulna,Koyra,1,Baseline,Female,55,6,3,3,Non-Literate,Farmer,NA,Yes,10 Liter,0,0,0,1,0,0,NA,NA,NA,NA,1,NA,NA,NA,Borehole with handpump,No,Other (please specify),0,0,0,0,0,0,0,1,N/A,40,10,90,No,No,NA,Satisfied,NA,NA,NA,NA,NA,NA,NA,NA,NA,Latrine/toilet,1,0,0,0,0,Latrine/toilet,1,0,0,0,0,0,0,"Not applicable, no one under 3 lives in this household",NA,"Yes, shows facility",Flush/pour flush,Pit Latrine,Yes,"Medium (some damage, but safe to stand on)",Offers full privacy (has walls and a door ),NA,No,After working in the dirt Before praying,0,0,0,0,0,1,1,0,0,0,NA,0,Yes,None Shown,Yes,No,NA,NA,NA,NA,NA,NA,NA,NA,No,NA,No,NA,NA,NA,HWISE Survey,Rarely (1–2 times in the last 4 weeks),Never,Never,Never,Rarely (1–2 times in the last 4 weeks),Rarely (1–2 times in the last 4 weeks),Never,Never,Never,Rarely (1–2 times in the last 4 weeks),Never,Often (10-20 times in last 4 weeks)
Yes,2,Khulna,Koyra,1,Baseline,Female,30,5,3,2,Non-Literate,Day Labour,NA,Yes,Other (please specify),0,0,0,0,0,1,40,NA,NA,NA,NA,NA,4,40,Borehole with handpump,No,Other (please specify),0,0,0,0,0,0,0,1,N/A,30,10,70,Yes,No,NA,Satisfied,NA,NA,NA,NA,NA,NA,NA,NA,NA,Latrine/toilet,1,0,0,0,0,Latrine/toilet,1,0,0,0,0,0,0,Child uses latrine,NA,"Yes, shows facility",Flush/pour flush,Pit Latrine,Yes,"Medium (some damage, but safe to stand on)",Offers full privacy (has walls and a door ),NA,Yes,Before eating After working in the dirt Before food preparation After defecation,1,0,1,1,0,0,1,0,0,0,NA,3,Yes,Ash,Yes,No,NA,NA,NA,NA,NA,NA,NA,NA,No,NA,No,NA,NA,NA,HWISE Survey,Often (10-20 times in last 4 weeks),Rarely (1–2 times in the last 4 weeks),Rarely (1–2 times in the last 4 weeks),Never,Never,Never,Never,Never,Rarely (1–2 times in the last 4 weeks),Rarely (1–2 times in the last 4 weeks),Never,Rarely (1–2 times in the last 4 weeks)
Yes,2,Khulna,Koyra,1,Baseline,Female,44,4,2,2,Primary Education,Day Labour,NA,Yes,20 Liter,0,1,0,0,0,0,NA,NA,2,NA,NA,NA,NA,NA,Borehole with handpump,No,Other (please specify),0,0,0,0,0,0,0,1,N/A,30,10,70,Yes,No,NA,Satisfied,NA,NA,NA,NA,NA,NA,NA,NA,NA,Latrine/toilet,1,0,0,0,0,Latrine/toilet,1,0,0,0,0,0,0,Child uses latrine,NA,"Yes, shows facility",Pit latrine,NA,NA,"Medium (some damage, but safe to stand on)",Offers some privacy (has walls but no door),Yes,No,Before eating After defecation  Before feeding child Before praying,1,0,0,1,1,1,0,0,0,0,NA,3,Yes,Ash,Yes,No,NA,NA,NA,NA,NA,NA,NA,NA,No,NA,Yes,Yes,Yes,No,HWISE Survey,Rarely (1–2 times in the last 4 weeks),Rarely (1–2 times in the last 4 weeks),Rarely (1–2 times in the last 4 weeks),Never,Never,Never,Never,Never,Rarely (1–2 times in the last 4 weeks),Rarely (1–2 times in the last 4 weeks),Never,Rarely (1–2 times in the last 4 weeks)
Yes,2,Khulna,Koyra,1,Baseline,Female,38,3,2,1,Higher Secondary Education,Farmer,NA,Yes,15 Liter,0,0,1,0,0,0,NA,NA,NA,1,NA,NA,NA,NA,Borehole with handpump,No,Other (please specify),0,0,0,0,0,0,0,1,N/A,30,5,65,Yes,Yes,Yes,Satisfied,NA,NA,NA,NA,NA,NA,NA,NA,NA,Latrine/toilet,1,0,0,0,0,Latrine/toilet,1,0,0,0,0,0,0,"Not applicable, no one under 3 lives in this household",NA,"Yes, shows facility",Pit latrine,NA,NA,Bad ( dangeraous to stand on),Offers little to no privacy (very poor quality),No,No,Before eating After working in the dirt After defecation,1,0,0,1,0,0,1,0,0,0,NA,2,Yes,Other cleanser or detergent,Yes,No,NA,NA,NA,NA,NA,NA,NA,NA,No,NA,No,NA,NA,NA,HWISE Survey,Often (10-20 times in last 4 weeks),Sometimes (3–10 times in the last 4 weeks),Never,Never,Never,Never,Never,Never,Rarely (1–2 times in the last 4 weeks),Never,Never,Rarely (1–2 times in the last 4 weeks)
Yes,2,Khulna,Koyra,1,Baseline,Female,32,6,3,3,Primary Education,Shopkeeper,NA,Yes,25 Liter,1,0,0,0,0,0,NA,2,NA,NA,NA,NA,NA,NA,Borehole with handpump,No,Other (please specify),0,0,0,0,0,0,0,1,N/A,30,20,80,No,No,NA,Satisfied,NA,NA,NA,NA,NA,NA,NA,NA,NA,Latrine/toilet,1,0,0,0,0,Latrine/toilet,1,0,0,0,0,0,0,"Not applicable, no one under 3 lives in this household",NA,"Yes, shows facility",Flush/pour flush,Septic Tank,Yes,Good condition (no cracks or gaps),Offers full privacy (has walls and a door ),NA,No,Before food preparation After working in the dirt,0,0,1,0,0,0,1,0,0,0,NA,1,Yes,None Shown,Yes,No,NA,NA,NA,NA,NA,NA,NA,NA,No,NA,Yes,Yes,Yes,No,HWISE Survey,Sometimes (3–10 times in the last 4 weeks),Rarely (1–2 times in the last 4 weeks),Never,Never,Never,Never,Never,Never,Never,Never,Never,Never
Yes,2,Khulna,Koyra,1,Baseline,Male,28,5,3,2,Primary Education,Farmer,NA,No,NA,NA,NA,NA,NA,NA,NA,NA,NA,NA,NA,NA,NA,NA,NA,Pay another person to collect,No,Other (please specify),0,0,0,0,0,0,0,1,N/A,30,20,80,No,No,NA,Not Satisfied,It is too expensive,0,1,0,0,0,0,0,NA,Latrine/toilet,1,0,0,0,0,Latrine/toilet,1,0,0,0,0,0,0,"Not applicable, no one under 3 lives in this household",NA,"Yes, shows facility",Pit latrine,NA,NA,"Medium (some damage, but safe to stand on)",Offers full privacy (has walls and a door ),Yes,No,Before praying  Before eating After defecation  After working in the dirt,1,0,0,1,0,1,1,0,0,0,NA,2,Yes,Soap,Yes,No,NA,NA,NA,NA,NA,NA,NA,NA,No,NA,Yes,Yes,Yes,Yes,HWISE Survey,Rarely (1–2 times in the last 4 weeks),Rarely (1–2 times in the last 4 weeks),Never,Never,Rarely (1–2 times in the last 4 weeks),Never,Never,Never,Rarely (1–2 times in the last 4 weeks),Never,Never,Never
Yes,1,Khulna,Koyra,5,Baseline,Male,23,2,1,1,University,Farmer,NA,Yes,20 Liter,0,1,0,0,0,0,NA,NA,2,NA,NA,NA,NA,NA,"Bottled water, sachet water",No,Other (please specify),0,0,0,0,0,0,0,1,N/A,30,5,65,No,No,NA,Neutral,NA,NA,NA,NA,NA,NA,NA,NA,NA,Latrine/toilet,1,0,0,0,0,"Not applicable, no one between the ages of 3-17 lives in this household",0,0,0,0,1,0,0,"Not applicable, no one under 3 lives in this household",NA,"Yes, shows facility",Pit latrine,NA,NA,"Medium (some damage, but safe to stand on)",Offers full privacy (has walls and a door ),Yes,Yes,After defecation  Before food preparation  Before eating After working in the dirt,1,0,1,1,0,0,1,0,0,0,NA,3,Yes,Soap,Yes,No,NA,NA,NA,NA,NA,NA,NA,NA,No,NA,Yes,Only for minor repairs,Yes,Yes,HWISE Survey,Always (More than 20 times in last 4 weeks),Often (10-20 times in last 4 weeks),Rarely (1–2 times in the last 4 weeks),Never,Rarely (1–2 times in the last 4 weeks),Rarely (1–2 times in the last 4 weeks),Rarely (1–2 times in the last 4 weeks),Rarely (1–2 times in the last 4 weeks),Sometimes (3–10 times in the last 4 weeks),Rarely (1–2 times in the last 4 weeks),Never,Rarely (1–2 times in the last 4 weeks)
Yes,1,Khulna,Koyra,5,Baseline,Female,28,3,2,1,Secondary Education,Business,NA,Yes,25 Liter,1,0,0,0,0,0,NA,2,NA,NA,NA,NA,NA,NA,"Bottled water, sachet water",No,Other (please specify),0,0,0,0,0,0,0,1,N/A,20,4,44,No,No,NA,Not Satisfied,It is too far away,0,0,0,1,0,0,0,NA,Latrine/toilet,1,0,0,0,0,Latrine/toilet,1,0,0,0,0,0,0,Child uses latrine,NA,"Yes, shows facility",Pit latrine,NA,NA,"Medium (some damage, but safe to stand on)",Offers full privacy (has walls and a door ),Yes,Yes,After defecation   Before eating After cleaning or changing a baby Before food preparation Before feeding child After working in the dirt,1,1,1,1,1,0,1,0,0,0,NA,5,Yes,Soap,Yes,No,NA,NA,NA,NA,NA,NA,NA,NA,No,NA,No,NA,NA,NA,HWISE Survey,Often (10-20 times in last 4 weeks),Sometimes (3–10 times in the last 4 weeks),Never,Never,Rarely (1–2 times in the last 4 weeks),Never,Never,Rarely (1–2 times in the last 4 weeks),Rarely (1–2 times in the last 4 weeks),Never,Never,Rarely (1–2 times in the last 4 weeks)
Yes,1,Khulna,Koyra,5,Baseline,Male,55,3,1,2,Primary Education,Farmer,NA,Yes,25 Liter,1,0,0,0,0,0,NA,2,NA,NA,NA,NA,NA,NA,Borehole with handpump,No,Other (please specify),0,0,0,0,0,0,0,1,N/A,15,3,33,No,No,NA,Neutral,NA,NA,NA,NA,NA,NA,NA,NA,NA,Latrine/toilet,1,0,0,0,0,"Not applicable, no one between the ages of 3-17 lives in this household",0,0,0,0,1,0,0,"Not applicable, no one under 3 lives in this household",NA,"Yes, shows facility",Pit latrine,NA,NA,Bad ( dangeraous to stand on),Offers full privacy (has walls and a door ),Yes,Yes,After defecation  After working in the dirt  Before eating,1,0,0,1,0,0,1,0,0,0,NA,2,Yes,Soap,Yes,No,NA,NA,NA,NA,NA,NA,NA,NA,No,NA,Yes,No,No,No,HWISE Survey,Often (10-20 times in last 4 weeks),Sometimes (3–10 times in the last 4 weeks),Rarely (1–2 times in the last 4 weeks),Rarely (1–2 times in the last 4 weeks),Rarely (1–2 times in the last 4 weeks),Never,Never,Rarely (1–2 times in the last 4 weeks),Rarely (1–2 times in the last 4 weeks),Never,Never,Rarely (1–2 times in the last 4 weeks)
Yes,1,Khulna,Koyra,5,Baseline,Female,50,3,2,1,Secondary Education,Business,NA,Yes,25 Liter,1,0,0,0,0,0,NA,2,NA,NA,NA,NA,NA,NA,Borehole with handpump,No,Other (please specify),0,0,0,0,0,0,0,1,N/A,15,4,34,Yes,No,NA,Not Satisfied,Long lines It is too far away,1,0,0,1,0,0,0,NA,Latrine/toilet,1,0,0,0,0,Latrine/toilet,1,0,0,0,0,0,0,Child uses latrine,NA,"Yes, shows facility",Pit latrine,NA,NA,"Medium (some damage, but safe to stand on)",Offers full privacy (has walls and a door ),Yes,Yes,After defecation   Before eating Before food preparation After working in the dirt Before feeding child,1,0,1,1,1,0,1,0,0,0,NA,4,Yes,Other cleanser or detergent,Yes,No,NA,NA,NA,NA,NA,NA,NA,NA,No,NA,No,NA,NA,NA,HWISE Survey,Always (More than 20 times in last 4 weeks),Often (10-20 times in last 4 weeks),Rarely (1–2 times in the last 4 weeks),Rarely (1–2 times in the last 4 weeks),Rarely (1–2 times in the last 4 weeks),Never,Never,Rarely (1–2 times in the last 4 weeks),Never,Never,Never,Rarely (1–2 times in the last 4 weeks)
Yes,1,Khulna,Koyra,4,Baseline,Female,40,3,2,1,Higher Secondary Education,Business,NA,Yes,20 Liter,0,1,0,0,0,0,NA,NA,3,NA,NA,NA,NA,NA,Borehole with handpump,No,Other (please specify),0,0,0,0,0,0,0,1,N/A,5,1,11,Yes,No,NA,Satisfied,NA,NA,NA,NA,NA,NA,NA,NA,NA,Latrine/toilet,1,0,0,0,0,"Not applicable, no one between the ages of 3-17 lives in this household",0,0,0,0,1,0,0,"Not applicable, no one under 3 lives in this household",NA,"Yes, shows facility",Flush/pour flush,Septic Tank,Yes,Good condition (no cracks or gaps),Offers full privacy (has walls and a door ),NA,Yes,After defecation  After working in the dirt  Before eating Before food preparation,1,0,1,1,0,0,1,0,0,0,NA,3,Yes,Soap,Yes,No,NA,NA,NA,NA,NA,NA,NA,NA,No,NA,Yes,Yes,Yes,Yes,HWISE Survey,Rarely (1–2 times in the last 4 weeks),Sometimes (3–10 times in the last 4 weeks),Rarely (1–2 times in the last 4 weeks),Never,Rarely (1–2 times in the last 4 weeks),Never,Never,Never,Rarely (1–2 times in the last 4 weeks),Never,Rarely (1–2 times in the last 4 weeks),Never
Yes,1,Khulna,Koyra,4,Baseline,Female,55,3,1,2,University,Farmer,NA,Yes,20 Liter,0,1,0,0,0,0,NA,NA,2,NA,NA,NA,NA,NA,Borehole with handpump,No,Other (please specify),0,0,0,0,0,0,0,1,N/A,10,3,23,No,No,NA,Neutral,NA,NA,NA,NA,NA,NA,NA,NA,NA,Latrine/toilet,1,0,0,0,0,Latrine/toilet,1,0,0,0,0,0,0,Child uses latrine,NA,"Yes, shows facility",Flush/pour flush,Septic Tank,Yes,Good condition (no cracks or gaps),Offers full privacy (has walls and a door ),NA,Yes,After defecation  After cleaning or changing a baby Before feeding child Before food preparation  Before eating After working in the dirt Before praying,1,1,1,1,1,1,1,0,0,0,NA,5,Yes,Soap,Yes,No,NA,NA,NA,NA,NA,NA,NA,NA,No,NA,No,NA,NA,NA,HWISE Survey,Often (10-20 times in last 4 weeks),Sometimes (3–10 times in the last 4 weeks),Rarely (1–2 times in the last 4 weeks),Sometimes (3–10 times in the last 4 weeks),Rarely (1–2 times in the last 4 weeks),Rarely (1–2 times in the last 4 weeks),Never,Never,Rarely (1–2 times in the last 4 weeks),Never,Never,Rarely (1–2 times in the last 4 weeks)
Yes,1,Khulna,Koyra,4,Baseline,Female,35,3,2,1,Higher Secondary Education,Business,NA,Yes,15 Liter,0,0,1,0,0,0,NA,NA,NA,3,NA,NA,NA,NA,"Bottled water, sachet water",No,Other (please specify),0,0,0,0,0,0,0,1,N/A,15,5,35,No,No,NA,Not Satisfied,It is too far away,0,0,0,1,0,0,0,NA,Latrine/toilet,1,0,0,0,0,"Not applicable, no one between the ages of 3-17 lives in this household",0,0,0,0,1,0,0,"Not applicable, no one under 3 lives in this household",NA,"Yes, shows facility",Pit latrine,NA,NA,Bad ( dangeraous to stand on),Offers some privacy (has walls but no door),Yes,Yes,After defecation  After working in the dirt  Before eating Before food preparation,1,0,1,1,0,0,1,0,0,0,NA,3,Yes,Soap,Yes,No,NA,NA,NA,NA,NA,NA,NA,NA,No,NA,No,NA,NA,NA,HWISE Survey,Often (10-20 times in last 4 weeks),Rarely (1–2 times in the last 4 weeks),Sometimes (3–10 times in the last 4 weeks),Often (10-20 times in last 4 weeks),Sometimes (3–10 times in the last 4 weeks),Rarely (1–2 times in the last 4 weeks),Never,Rarely (1–2 times in the last 4 weeks),Rarely (1–2 times in the last 4 weeks),Rarely (1–2 times in the last 4 weeks),Rarely (1–2 times in the last 4 weeks),Rarely (1–2 times in the last 4 weeks)
Yes,6,Khulna,Koyra,2,Baseline,Male,50,9,4,5,Non-Literate,Day Labour,NA,Yes,20 Liter,0,1,0,0,0,0,NA,NA,10,NA,NA,NA,NA,NA,Public tap or standpipe,No,Other (please specify),0,0,0,0,0,0,0,1,N/A,30,20,80,No,No,NA,Neutral,NA,NA,NA,NA,NA,NA,NA,NA,NA,Latrine/toilet,1,0,0,0,0,In the open/no sanitation facilities,0,0,1,0,0,0,0,It is put or rinsed into latrine,NA,"Yes, shows facility",Flush/pour flush,Pit Latrine,No,Good condition (no cracks or gaps),Offers full privacy (has walls and a door ),NA,Yes,After defecation   Before eating After working in the dirt,1,0,0,1,0,0,1,0,0,0,NA,2,Yes,Soap,Yes,No,NA,NA,NA,NA,NA,NA,NA,NA,No,NA,No,NA,NA,NA,HWISE Survey,Sometimes (3–10 times in the last 4 weeks),Sometimes (3–10 times in the last 4 weeks),Often (10-20 times in last 4 weeks),Rarely (1–2 times in the last 4 weeks),Often (10-20 times in last 4 weeks),Rarely (1–2 times in the last 4 weeks),Never,Never,Sometimes (3–10 times in the last 4 weeks),Rarely (1–2 times in the last 4 weeks),Rarely (1–2 times in the last 4 weeks),Rarely (1–2 times in the last 4 weeks)
Yes,6,Khulna,Koyra,2,Baseline,Female,35,3,1,2,Primary Education,Day Labour,NA,Yes,15 Liter,0,0,1,0,0,0,NA,NA,NA,2,NA,NA,NA,NA,Public tap or standpipe,No,Other (please specify),0,0,0,0,0,0,0,1,N/A,30,20,80,No,No,NA,Neutral,NA,NA,NA,NA,NA,NA,NA,NA,NA,Latrine/toilet,1,0,0,0,0,"Not applicable, no one between the ages of 3-17 lives in this household",0,0,0,0,1,0,0,"Not applicable, no one under 3 lives in this household",NA,"Yes, shows facility",Pit latrine,NA,NA,"Medium (some damage, but safe to stand on)",Offers full privacy (has walls and a door ),Yes,Yes,After defecation  Before food preparation  Before eating Before praying After working in the dirt,1,0,1,1,0,1,1,0,0,0,NA,3,Yes,Soap,Yes,No,NA,NA,NA,NA,NA,NA,NA,NA,No,NA,No,NA,NA,NA,HWISE Survey,Sometimes (3–10 times in the last 4 weeks),Often (10-20 times in last 4 weeks),Sometimes (3–10 times in the last 4 weeks),Rarely (1–2 times in the last 4 weeks),Sometimes (3–10 times in the last 4 weeks),Never,Never,Never,Rarely (1–2 times in the last 4 weeks),Never,Sometimes (3–10 times in the last 4 weeks),Often (10-20 times in last 4 weeks)
Yes,6,Khulna,Koyra,2,Baseline,Female,38,8,4,4,Secondary Education,Business,NA,Yes,10 Liter 5 Liter,0,0,0,1,1,0,NA,NA,NA,NA,5,3,NA,NA,Public tap or standpipe,No,Other (please specify),0,0,0,0,0,0,0,1,N/A,20,15,55,No,No,NA,Neutral,NA,NA,NA,NA,NA,NA,NA,NA,NA,Latrine/toilet,1,0,0,0,0,Latrine/toilet,1,0,0,0,0,0,0,Child uses latrine,NA,"Yes, shows facility",Flush/pour flush,Pit Latrine,No,Good condition (no cracks or gaps),Offers full privacy (has walls and a door ),NA,Yes,After defecation   Before eating Before praying After working in the dirt Before food preparation,1,0,1,1,0,1,1,0,0,0,NA,3,Yes,Soap,Yes,No,NA,NA,NA,NA,NA,NA,NA,NA,No,NA,No,NA,NA,NA,HWISE Survey,Sometimes (3–10 times in the last 4 weeks),Often (10-20 times in last 4 weeks),Sometimes (3–10 times in the last 4 weeks),Sometimes (3–10 times in the last 4 weeks),Rarely (1–2 times in the last 4 weeks),Rarely (1–2 times in the last 4 weeks),Never,Never,Rarely (1–2 times in the last 4 weeks),Rarely (1–2 times in the last 4 weeks),Sometimes (3–10 times in the last 4 weeks),Often (10-20 times in last 4 weeks)
Yes,6,Khulna,Koyra,2,Baseline,Male,50,2,1,1,Non-Literate,Farmer,NA,Yes,10 Liter,0,0,0,1,0,0,NA,NA,NA,NA,1,NA,NA,NA,Public tap or standpipe,No,Other (please specify),0,0,0,0,0,0,0,1,N/A,30,20,80,No,No,NA,Neutral,NA,NA,NA,NA,NA,NA,NA,NA,NA,In the open/no sanitation facilities,0,1,0,0,0,"Not applicable, no one between the ages of 3-17 lives in this household",0,0,0,0,1,0,0,"Not applicable, no one under 3 lives in this household",NA,"Yes, shows facility",Pit latrine,NA,NA,Bad ( dangeraous to stand on),Offers little to no privacy (very poor quality),No,Yes,After defecation  After working in the dirt Before food preparation  Before eating,1,0,1,1,0,0,1,0,0,0,NA,3,Yes,Soap,Yes,No,NA,NA,NA,NA,NA,NA,NA,NA,No,NA,No,NA,NA,NA,HWISE Survey,Sometimes (3–10 times in the last 4 weeks),Often (10-20 times in last 4 weeks),Sometimes (3–10 times in the last 4 weeks),Often (10-20 times in last 4 weeks),Rarely (1–2 times in the last 4 weeks),Never,Never,Never,Rarely (1–2 times in the last 4 weeks),Rarely (1–2 times in the last 4 weeks),Sometimes (3–10 times in the last 4 weeks),Often (10-20 times in last 4 weeks)
Yes,6,Khulna,Koyra,2,Baseline,Male,48,5,3,2,Non-Literate,Day Labour,NA,Yes,15 Liter,0,0,1,0,0,0,NA,NA,NA,2,NA,NA,NA,NA,Public tap or standpipe,No,Other (please specify),0,0,0,0,0,0,0,1,N/A,20,15,55,No,No,NA,Not Satisfied,Long lines It is too far away,1,0,0,1,0,0,0,NA,In water body – river or lake,0,0,1,0,0,"Not applicable, no one between the ages of 3-17 lives in this household",0,0,0,0,1,0,0,"Not applicable, no one under 3 lives in this household",NA,Does not have facility,NA,NA,NA,NA,NA,NA,NA,After defecation   Before eating After working in the dirt,1,0,0,1,0,0,1,0,0,0,NA,NA,Yes,Soap,Yes,No,NA,NA,NA,NA,NA,NA,NA,NA,No,NA,No,NA,NA,NA,HWISE Survey,Sometimes (3–10 times in the last 4 weeks),Often (10-20 times in last 4 weeks),Sometimes (3–10 times in the last 4 weeks),Rarely (1–2 times in the last 4 weeks),Rarely (1–2 times in the last 4 weeks),Never,Never,Never,Sometimes (3–10 times in the last 4 weeks),Rarely (1–2 times in the last 4 weeks),Sometimes (3–10 times in the last 4 weeks),Often (10-20 times in last 4 weeks)
Yes,6,Khulna,Koyra,5,Baseline,Female,35,5,2,3,Primary Education,Day Labour,NA,Yes,10 Liter,0,0,0,1,0,0,NA,NA,NA,NA,10,NA,NA,NA,Borehole with handpump,No,Other (please specify),0,0,0,0,0,0,0,1,N/A,30,15,75,No,No,NA,Neutral,NA,NA,NA,NA,NA,NA,NA,NA,NA,Latrine/toilet,1,0,0,0,0,Latrine/toilet,1,0,0,0,0,0,0,Child uses latrine,NA,"Yes, shows facility",Pit latrine,NA,NA,Bad ( dangeraous to stand on),Offers little to no privacy (very poor quality),Yes,Yes,After defecation  Before feeding child Before food preparation  Before eating After working in the dirt,1,0,1,1,1,0,1,0,0,0,NA,4,Yes,Other cleanser or detergent,Yes,No,NA,NA,NA,NA,NA,NA,NA,NA,No,NA,No,NA,NA,NA,HWISE Survey,Rarely (1–2 times in the last 4 weeks),Sometimes (3–10 times in the last 4 weeks),Rarely (1–2 times in the last 4 weeks),Rarely (1–2 times in the last 4 weeks),Sometimes (3–10 times in the last 4 weeks),Never,Never,Never,Rarely (1–2 times in the last 4 weeks),Never,Rarely (1–2 times in the last 4 weeks),Sometimes (3–10 times in the last 4 weeks)
Yes,6,Khulna,Koyra,5,Baseline,Male,45,3,1,2,Primary Education,Day Labour,NA,No,NA,NA,NA,NA,NA,NA,NA,NA,NA,NA,NA,NA,NA,NA,NA,Public tap or standpipe,No,Other (please specify),0,0,0,0,0,0,0,1,N/A,30,20,80,No,No,NA,Neutral,NA,NA,NA,NA,NA,NA,NA,NA,NA,Latrine/toilet,1,0,0,0,0,"Not applicable, no one between the ages of 3-17 lives in this household",0,0,0,0,1,0,0,"Not applicable, no one under 3 lives in this household",NA,"Yes, shows facility",Flush/pour flush,Pit Latrine,Yes,"Medium (some damage, but safe to stand on)",Offers some privacy (has walls but no door),NA,Yes,After defecation  After working in the dirt  Before eating,1,0,0,1,0,0,1,0,0,0,NA,2,Yes,Soap,Yes,No,NA,NA,NA,NA,NA,NA,NA,NA,No,NA,No,NA,NA,NA,HWISE Survey,Sometimes (3–10 times in the last 4 weeks),Sometimes (3–10 times in the last 4 weeks),Rarely (1–2 times in the last 4 weeks),Sometimes (3–10 times in the last 4 weeks),Rarely (1–2 times in the last 4 weeks),Rarely (1–2 times in the last 4 weeks),Rarely (1–2 times in the last 4 weeks),Rarely (1–2 times in the last 4 weeks),Sometimes (3–10 times in the last 4 weeks),Never,Rarely (1–2 times in the last 4 weeks),Sometimes (3–10 times in the last 4 weeks)
Yes,4,Khulna,Koyra,1,Baseline,Female,24,11,4,7,Primary Education,Day Labour,NA,Yes,15 Liter,0,0,1,0,0,0,NA,NA,NA,4,NA,NA,NA,NA,Borehole with handpump,Yes,NA,NA,NA,NA,NA,NA,NA,NA,NA,NA,30,10,70,Yes,Yes,Yes,Satisfied,NA,NA,NA,NA,NA,NA,NA,NA,NA,Latrine/toilet,1,0,0,0,0,Latrine/toilet,1,0,0,0,0,0,0,It is put or rinsed on the ground or in the open,NA,"Yes, shows facility",Flush/pour flush,Pit Latrine,Yes,Good condition (no cracks or gaps),Offers full privacy (has walls and a door ),NA,Yes,After defecation   Before eating Before feeding child,1,0,0,1,1,0,0,0,0,0,NA,3,Yes,Soap,Yes,No,NA,NA,NA,NA,NA,NA,NA,NA,No,NA,Yes,Yes,Yes,No,HWISE Survey,Never,Often (10-20 times in last 4 weeks),Rarely (1–2 times in the last 4 weeks),Never,Never,Never,Never,Never,Never,Never,Never,Never
Yes,4,Khulna,Koyra,1,Baseline,Female,21,6,3,3,Non-Literate,Farmer,NA,Yes,10 Liter,0,0,0,1,0,0,NA,NA,NA,NA,2,NA,NA,NA,Borehole with handpump,Yes,NA,NA,NA,NA,NA,NA,NA,NA,NA,NA,30,5,65,Yes,Yes,Yes,Satisfied,NA,NA,NA,NA,NA,NA,NA,NA,NA,Latrine/toilet,1,0,0,0,0,Latrine/toilet,1,0,0,0,0,0,0,It is put or rinse into garbage bin,NA,"Yes, shows facility",Pit latrine,NA,NA,"Medium (some damage, but safe to stand on)",Offers full privacy (has walls and a door ),Yes,No,After defecation  Before food preparation  Before eating Before feeding child,1,0,1,1,1,0,0,0,0,0,NA,4,Yes,Other cleanser or detergent,Yes,No,NA,NA,NA,NA,NA,NA,NA,NA,No,NA,Yes,Yes,Yes,No,HWISE Survey,Never,Sometimes (3–10 times in the last 4 weeks),Sometimes (3–10 times in the last 4 weeks),Never,Rarely (1–2 times in the last 4 weeks),Never,Never,Never,Rarely (1–2 times in the last 4 weeks),Never,Never,Never
Yes,4,Khulna,Koyra,1,Baseline,Female,35,5,4,1,Non-Literate,Others (Please Specify),Abosor (kaj karena),Yes,15 Liter,0,0,1,0,0,0,NA,NA,NA,4,NA,NA,NA,NA,Borehole with handpump,Yes,NA,NA,NA,NA,NA,NA,NA,NA,NA,NA,30,10,70,Yes,Yes,Yes,Satisfied,NA,NA,NA,NA,NA,NA,NA,NA,NA,Latrine/toilet,1,0,0,0,0,"Not applicable, no one between the ages of 3-17 lives in this household",0,0,0,0,1,0,0,"Not applicable, no one under 3 lives in this household",NA,"Yes, shows facility",Pit latrine,NA,NA,"Medium (some damage, but safe to stand on)",Offers full privacy (has walls and a door ),Yes,Yes,After defecation  Before food preparation  Before eating After working in the dirt,1,0,1,1,0,0,1,0,0,0,NA,3,Yes,Soap,Yes,No,NA,NA,NA,NA,NA,NA,NA,NA,No,NA,Yes,Yes,Yes,No,HWISE Survey,Rarely (1–2 times in the last 4 weeks),Sometimes (3–10 times in the last 4 weeks),Sometimes (3–10 times in the last 4 weeks),Rarely (1–2 times in the last 4 weeks),Never,Rarely (1–2 times in the last 4 weeks),Rarely (1–2 times in the last 4 weeks),Rarely (1–2 times in the last 4 weeks),Sometimes (3–10 times in the last 4 weeks),Rarely (1–2 times in the last 4 weeks),Never,Rarely (1–2 times in the last 4 weeks)
Yes,4,Khulna,Koyra,1,Baseline,Female,38,2,1,1,Non-Literate,Day Labour,NA,Yes,15 Liter,0,0,1,0,0,0,NA,NA,NA,1,NA,NA,NA,NA,Borehole with handpump,don’t know,NA,NA,NA,NA,NA,NA,NA,NA,NA,NA,15,15,45,Yes,No,NA,Satisfied,NA,NA,NA,NA,NA,NA,NA,NA,NA,Latrine/toilet,1,0,0,0,0,Latrine/toilet,1,0,0,0,0,0,0,"Not applicable, no one under 3 lives in this household",NA,"Yes, shows facility",Pit latrine,NA,NA,"Medium (some damage, but safe to stand on)",Offers full privacy (has walls and a door ),Yes,No,After defecation   Before eating After working in the dirt,1,0,0,1,0,0,1,0,0,0,NA,2,Yes,Soap,Yes,No,NA,NA,NA,NA,NA,NA,NA,NA,No,NA,No,NA,NA,NA,HWISE Survey,Never,Rarely (1–2 times in the last 4 weeks),Sometimes (3–10 times in the last 4 weeks),Rarely (1–2 times in the last 4 weeks),Never,Never,Never,Rarely (1–2 times in the last 4 weeks),Rarely (1–2 times in the last 4 weeks),Never,Never,Rarely (1–2 times in the last 4 weeks)
Yes,4,Khulna,Koyra,1,Baseline,Female,47,3,1,2,Non-Literate,Day Labour,NA,Yes,15 Liter,0,0,1,0,0,0,NA,NA,NA,1,NA,NA,NA,NA,Borehole with handpump,don’t know,NA,NA,NA,NA,NA,NA,NA,NA,NA,NA,30,10,70,Yes,No,NA,Satisfied,NA,NA,NA,NA,NA,NA,NA,NA,NA,Latrine/toilet,1,0,0,0,0,Latrine/toilet,1,0,0,0,0,0,0,"Not applicable, no one under 3 lives in this household",NA,"Yes, shows facility",Pit latrine,NA,NA,"Medium (some damage, but safe to stand on)",Offers some privacy (has walls but no door),Yes,No,Before food preparation After defecation   Before eating After working in the dirt,1,0,1,1,0,0,1,0,0,0,NA,3,Yes,Soap,Yes,No,NA,NA,NA,NA,NA,NA,NA,NA,Yes,To keep clean house,No,NA,NA,NA,HWISE Survey,Rarely (1–2 times in the last 4 weeks),Sometimes (3–10 times in the last 4 weeks),Often (10-20 times in last 4 weeks),Never,Never,Sometimes (3–10 times in the last 4 weeks),Rarely (1–2 times in the last 4 weeks),Rarely (1–2 times in the last 4 weeks),Rarely (1–2 times in the last 4 weeks),Rarely (1–2 times in the last 4 weeks),Never,Sometimes (3–10 times in the last 4 weeks)
Yes,4,Khulna,Koyra,1,Baseline,Female,24,3,1,2,Non-Literate,Day Labour,NA,Yes,15 Liter,0,0,1,0,0,0,NA,NA,NA,2,NA,NA,NA,NA,Borehole with handpump,don’t know,NA,NA,NA,NA,NA,NA,NA,NA,NA,NA,30,15,75,Yes,No,NA,Satisfied,NA,NA,NA,NA,NA,NA,NA,NA,NA,Latrine/toilet,1,0,0,0,0,Latrine/toilet,1,0,0,0,0,0,0,"Not applicable, no one under 3 lives in this household",NA,"Yes, shows facility",Pit latrine,NA,NA,"Medium (some damage, but safe to stand on)",Offers some privacy (has walls but no door),Yes,No,Before eating After defecation  Before food preparation Before feeding child After working in the dirt,1,0,1,1,1,0,1,0,0,0,NA,4,Yes,Soap,Yes,No,NA,NA,NA,NA,NA,NA,NA,NA,No,NA,No,NA,NA,NA,HWISE Survey,Rarely (1–2 times in the last 4 weeks),Sometimes (3–10 times in the last 4 weeks),Rarely (1–2 times in the last 4 weeks),Rarely (1–2 times in the last 4 weeks),Rarely (1–2 times in the last 4 weeks),Rarely (1–2 times in the last 4 weeks),Rarely (1–2 times in the last 4 weeks),Rarely (1–2 times in the last 4 weeks),Rarely (1–2 times in the last 4 weeks),Never,Never,Rarely (1–2 times in the last 4 weeks)
Yes,4,Khulna,Koyra,1,Baseline,Female,28,6,3,3,Non-Literate,Day Labour,NA,Yes,10 Liter,0,0,0,1,0,0,NA,NA,NA,NA,3,NA,NA,NA,Borehole with handpump,No,Other (please specify),0,0,0,0,0,0,0,1,Own Fund,20,10,50,Yes,No,NA,Not Satisfied,Long lines,1,0,0,0,0,0,0,NA,Latrine/toilet,1,0,0,0,0,Latrine/toilet Potty,1,1,0,0,0,0,0,It is put or rinse into garbage bin,NA,"Yes, shows facility",Pit latrine,NA,NA,"Medium (some damage, but safe to stand on)",Offers some privacy (has walls but no door),Yes,No,Before eating Before praying After working in the dirt After defecation,1,0,0,1,0,1,1,0,0,0,NA,2,Yes,Soap,Yes,No,NA,NA,NA,NA,NA,NA,NA,NA,No,NA,No,NA,NA,NA,HWISE Survey,Never,Often (10-20 times in last 4 weeks),Sometimes (3–10 times in the last 4 weeks),Sometimes (3–10 times in the last 4 weeks),Rarely (1–2 times in the last 4 weeks),Rarely (1–2 times in the last 4 weeks),Sometimes (3–10 times in the last 4 weeks),Rarely (1–2 times in the last 4 weeks),Sometimes (3–10 times in the last 4 weeks),Rarely (1–2 times in the last 4 weeks),Never,Sometimes (3–10 times in the last 4 weeks)
Yes,9,Bagerhat,Morrelganj,4,Baseline,Female,35,4,1,3,Secondary Education,Private Job,NA,Yes,5 Liter,0,0,0,0,1,0,NA,NA,NA,NA,NA,1,NA,NA,Borehole with handpump,No,Other (please specify),0,0,0,0,0,0,0,1,N/A,2,1,5,No,No,NA,Satisfied,NA,NA,NA,NA,NA,NA,NA,NA,NA,Latrine/toilet,1,0,0,0,0,Latrine/toilet,1,0,0,0,0,0,0,"Not applicable, no one under 3 lives in this household",NA,"Yes, shows facility",Flush/pour flush,Septic Tank,Yes,Good condition (no cracks or gaps),Offers full privacy (has walls and a door ),NA,Yes,After defecation  Before food preparation  Before eating Before feeding child Before praying After working in the dirt,1,0,1,1,1,1,1,0,0,0,NA,4,Yes,Soap,Yes,No,NA,NA,NA,NA,NA,NA,NA,NA,No,NA,No,NA,NA,NA,HWISE Survey,Rarely (1–2 times in the last 4 weeks),Never,Never,Never,Never,Never,Never,Never,Never,Never,Never,Never
Yes,10,Bagerhat,Morrelganj,8,Baseline,Female,42,5,2,3,Primary Education,Day Labour,NA,No,NA,NA,NA,NA,NA,NA,NA,NA,NA,NA,NA,NA,NA,NA,NA,Borehole with handpump,No,Other (please specify),0,0,0,0,0,0,0,1,N/A,10,5,25,No,No,NA,Not Satisfied,Long lines,1,0,0,0,0,0,0,NA,Latrine/toilet,1,0,0,0,0,Latrine/toilet,1,0,0,0,0,0,0,Child uses latrine,NA,"Yes, shows facility",Pit latrine,NA,NA,"Medium (some damage, but safe to stand on)",Offers full privacy (has walls and a door ),Yes,Yes,After defecation  Before food preparation  Before eating Before praying After working in the dirt,1,0,1,1,0,1,1,0,0,0,NA,3,Yes,Other cleanser or detergent,Yes,No,NA,NA,NA,NA,NA,NA,NA,NA,No,NA,No,NA,NA,NA,HWISE Survey,Rarely (1–2 times in the last 4 weeks),Sometimes (3–10 times in the last 4 weeks),Never,Never,Never,Never,Never,Never,Never,Never,Never,Never
Yes,10,Bagerhat,Morrelganj,8,Baseline,Male,45,3,2,1,Higher Secondary Education,Gov. Job,NA,No,NA,NA,NA,NA,NA,NA,NA,NA,NA,NA,NA,NA,NA,NA,NA,Rainwater collection,No,Other (please specify),0,0,0,0,0,0,0,1,N\A,2,0,4,No,No,NA,Satisfied,NA,NA,NA,NA,NA,NA,NA,NA,NA,Latrine/toilet,1,0,0,0,0,"Not applicable, no one between the ages of 3-17 lives in this household",0,0,0,0,1,0,0,"Not applicable, no one under 3 lives in this household",NA,"Yes, shows facility",Flush/pour flush,Septic Tank,Yes,Good condition (no cracks or gaps),Offers full privacy (has walls and a door ),NA,Yes,After defecation  Before food preparation  Before eating Before praying After working in the dirt,1,0,1,1,0,1,1,0,0,0,NA,3,Yes,Soap,Yes,No,NA,NA,NA,NA,NA,NA,NA,NA,No,NA,No,NA,NA,NA,HWISE Survey,Never,Rarely (1–2 times in the last 4 weeks),Never,Never,Never,Never,Never,Never,Never,Never,Never,Never
Yes,10,Bagerhat,Morrelganj,8,Baseline,Female,30,4,2,2,Primary Education,Business,NA,Yes,10 Liter,0,0,0,1,0,0,NA,NA,NA,NA,2,NA,NA,NA,Public tap or standpipe,Yes,NA,NA,NA,NA,NA,NA,NA,NA,NA,NA,15,20,50,No,No,NA,Not Satisfied,Long lines It is too expensive,1,1,0,0,0,0,0,NA,Latrine/toilet,1,0,0,0,0,Latrine/toilet,1,0,0,0,0,0,0,Child uses latrine,NA,"Yes, shows facility",Pit latrine,NA,NA,"Medium (some damage, but safe to stand on)",Offers full privacy (has walls and a door ),Yes,Yes,After defecation  After cleaning or changing a baby Before food preparation  Before eating Before feeding child Before praying After working in the dirt,1,1,1,1,1,1,1,0,0,0,NA,5,Yes,Soap,Yes,No,NA,NA,NA,NA,NA,NA,NA,NA,No,NA,No,NA,NA,NA,HWISE Survey,Rarely (1–2 times in the last 4 weeks),Rarely (1–2 times in the last 4 weeks),Never,Never,Never,Never,Never,Never,Never,Never,Rarely (1–2 times in the last 4 weeks),Never
Yes,10,Bagerhat,Morrelganj,8,Baseline,Male,45,9,4,5,Primary Education,Business,NA,Yes,15 Liter,0,0,1,0,0,0,NA,NA,NA,3,NA,NA,NA,NA,Public tap or standpipe,Yes,NA,NA,NA,NA,NA,NA,NA,NA,NA,NA,20,15,55,No,No,NA,Not Satisfied,Long lines It is too expensive,1,1,0,0,0,0,0,NA,Latrine/toilet,1,0,0,0,0,Latrine/toilet,1,0,0,0,0,0,0,Child uses latrine,NA,"Yes, shows facility",Flush/pour flush,Septic Tank,Yes,Good condition (no cracks or gaps),Offers full privacy (has walls and a door ),NA,Yes,After defecation  After cleaning or changing a baby Before food preparation  Before eating Before feeding child Before praying After working in the dirt,1,1,1,1,1,1,1,0,0,0,NA,5,Yes,Soap,Yes,Yes,Water User Group,1,0,0,0,0,0,NA,No,NA,No,NA,NA,NA,HWISE Survey,Rarely (1–2 times in the last 4 weeks),Rarely (1–2 times in the last 4 weeks),Rarely (1–2 times in the last 4 weeks),Never,Never,Never,Never,Never,Never,Never,Rarely (1–2 times in the last 4 weeks),Never
Yes,8,Bagerhat,Morrelganj,8,Baseline,Female,32,3,1,2,Primary Education,Farmer,NA,Yes,15 Liter,0,0,1,0,0,0,NA,NA,NA,6,NA,NA,NA,NA,Mechanized borehole,No,Other (please specify),0,0,0,0,0,0,0,1,N/A,8,10,26,No,No,NA,Satisfied,NA,NA,NA,NA,NA,NA,NA,NA,NA,Latrine/toilet,1,0,0,0,0,Latrine/toilet,1,0,0,0,0,0,0,"Not applicable, no one under 3 lives in this household",NA,"Yes, shows facility",Pit latrine,NA,NA,"Medium (some damage, but safe to stand on)",Offers full privacy (has walls and a door ),Yes,No,After defecation  Before food preparation After working in the dirt,1,0,1,0,0,0,1,0,0,0,NA,2,Yes,Soap,Yes,No,NA,NA,NA,NA,NA,NA,NA,NA,No,NA,No,NA,NA,NA,HWISE Survey,Rarely (1–2 times in the last 4 weeks),Rarely (1–2 times in the last 4 weeks),Rarely (1–2 times in the last 4 weeks),Rarely (1–2 times in the last 4 weeks),Never,Never,Never,Never,Rarely (1–2 times in the last 4 weeks),Never,Never,Never
Yes,2,Bagerhat,Morrelganj,8,Baseline,Female,25,5,2,3,Primary Education,Day Labour,NA,Yes,15 Liter,0,0,1,0,0,0,NA,NA,NA,4,NA,NA,NA,NA,Mechanized borehole,No,Other (please specify),0,0,0,0,0,0,0,1,N/A,10,15,35,Not applicable,No,NA,Satisfied,NA,NA,NA,NA,NA,NA,NA,NA,NA,Latrine/toilet,1,0,0,0,0,Latrine/toilet,1,0,0,0,0,0,0,It is put or rinsed into latrine,NA,"Yes, shows facility",Flush/pour flush,Septic Tank,Yes,Good condition (no cracks or gaps),Offers full privacy (has walls and a door ),NA,No,After defecation   Before eating Before food preparation After working in the dirt,1,0,1,1,0,0,1,0,0,0,NA,3,Yes,Soap,Yes,No,NA,NA,NA,NA,NA,NA,NA,NA,No,NA,No,NA,NA,NA,HWISE Survey,Rarely (1–2 times in the last 4 weeks),Rarely (1–2 times in the last 4 weeks),Never,Never,Never,Never,Never,Never,Rarely (1–2 times in the last 4 weeks),Never,Never,Never
Yes,3,Bagerhat,Morrelganj,8,Baseline,Female,45,5,2,3,Primary Education,Business,NA,Yes,20 Liter,0,1,0,0,0,0,NA,NA,4,NA,NA,NA,NA,NA,Public tap or standpipe,No,Other (please specify),0,0,0,0,0,0,0,1,N/A,20,15,55,No,Not applicable,NA,Satisfied,NA,NA,NA,NA,NA,NA,NA,NA,NA,Latrine/toilet,1,0,0,0,0,Latrine/toilet,1,0,0,0,0,0,0,It is put or rinsed into latrine,NA,"Yes, shows facility",Flush/pour flush,Septic Tank,Yes,Good condition (no cracks or gaps),Offers full privacy (has walls and a door ),NA,No,After defecation  Before feeding child After working in the dirt  Before eating Before food preparation,1,0,1,1,1,0,1,0,0,0,NA,4,Yes,Soap,Yes,Yes,Water User Group,1,0,0,0,0,0,NA,Yes,Safe Water,Yes,Only for minor repairs,Yes,No,HWISE Survey,Rarely (1–2 times in the last 4 weeks),Rarely (1–2 times in the last 4 weeks),Rarely (1–2 times in the last 4 weeks),Rarely (1–2 times in the last 4 weeks),Never,Never,Never,Never,Rarely (1–2 times in the last 4 weeks),Never,Never,Never
Yes,8,Bagerhat,Morrelganj,8,Baseline,Male,38,3,1,2,Primary Education,Business,NA,No,NA,NA,NA,NA,NA,NA,NA,NA,NA,NA,NA,NA,NA,NA,NA,Rainwater collection,No,I don't like the taste of the water It is too far away Long lines,1,0,1,1,0,0,0,0,NA,5,2,12,No,Not applicable,NA,Satisfied,NA,NA,NA,NA,NA,NA,NA,NA,NA,Latrine/toilet,1,0,0,0,0,Latrine/toilet,1,0,0,0,0,0,0,"Not applicable, no one under 3 lives in this household",NA,"Yes, shows facility",Flush/pour flush,Septic Tank,Yes,Good condition (no cracks or gaps),Offers full privacy (has walls and a door ),NA,No,After defecation  Before praying Before food preparation After working in the dirt,1,0,1,0,0,1,1,0,0,0,NA,2,Yes,Soap,Yes,No,NA,NA,NA,NA,NA,NA,NA,NA,No,NA,Yes,Only for minor repairs,Yes,No,HWISE Survey,Never,Never,Never,Never,Never,Never,Never,Never,Never,Never,Never,Never
Yes,8,Bagerhat,Morrelganj,8,Baseline,Female,30,5,3,2,Primary Education,Business,NA,Yes,15 Liter,0,0,1,0,0,0,NA,NA,NA,2,NA,NA,NA,NA,Borehole with handpump,don’t know,NA,NA,NA,NA,NA,NA,NA,NA,NA,NA,30,10,70,No,No,NA,Satisfied,NA,NA,NA,NA,NA,NA,NA,NA,NA,Latrine/toilet,1,0,0,0,0,Latrine/toilet,1,0,0,0,0,0,0,"Not applicable, no one under 3 lives in this household",NA,"Yes, shows facility",Pit latrine,NA,NA,"Medium (some damage, but safe to stand on)",Offers little to no privacy (very poor quality),Yes,No,After defecation  Before food preparation After working in the dirt,1,0,1,0,0,0,1,0,0,0,NA,2,Yes,Other cleanser or detergent,Yes,No,NA,NA,NA,NA,NA,NA,NA,NA,No,NA,No,NA,NA,NA,HWISE Survey,Rarely (1–2 times in the last 4 weeks),Rarely (1–2 times in the last 4 weeks),Rarely (1–2 times in the last 4 weeks),Never,Never,Never,Never,Never,Never,Never,Never,Never
Yes,8,Bagerhat,Morrelganj,8,Baseline,Male,50,4,2,2,Non-Literate,Farmer,NA,Yes,15 Liter,0,0,1,0,0,0,NA,NA,NA,5,NA,NA,NA,NA,Protected dug well with handpump,don’t know,NA,NA,NA,NA,NA,NA,NA,NA,NA,NA,40,10,90,No,No,NA,Satisfied,NA,NA,NA,NA,NA,NA,NA,NA,NA,Latrine/toilet,1,0,0,0,0,Latrine/toilet,1,0,0,0,0,0,0,"Not applicable, no one under 3 lives in this household",NA,"Yes, shows facility",Pit latrine,NA,NA,Bad ( dangeraous to stand on),Offers little to no privacy (very poor quality),Yes,No,After defecation  Before praying Before food preparation,1,0,1,0,0,1,0,0,0,0,NA,2,Yes,Other cleanser or detergent,Yes,No,NA,NA,NA,NA,NA,NA,NA,NA,No,NA,No,NA,NA,NA,HWISE Survey,Rarely (1–2 times in the last 4 weeks),Rarely (1–2 times in the last 4 weeks),Rarely (1–2 times in the last 4 weeks),Rarely (1–2 times in the last 4 weeks),Never,Never,Never,Never,Never,Never,Never,Rarely (1–2 times in the last 4 weeks)
Yes,11,Bagerhat,Morrelganj,9,Baseline,Female,35,4,1,3,Secondary Education,Business,NA,Yes,Other (please specify),0,0,0,0,0,1,70,NA,NA,NA,NA,NA,5,5,"Surface water (river, dam, lake, pond, stream, canal, irrigation channels)",Yes,NA,NA,NA,NA,NA,NA,NA,NA,NA,NA,5,5,15,No,No,NA,Not Satisfied,Water tastes bad,0,0,1,0,0,0,0,NA,Latrine/toilet,1,0,0,0,0,Latrine/toilet,1,0,0,0,0,0,0,"Not applicable, no one under 3 lives in this household",NA,"Yes, shows facility",Pit latrine,NA,NA,"Medium (some damage, but safe to stand on)",Offers some privacy (has walls but no door),Yes,Yes,After defecation  Before food preparation  Before eating Before praying After working in the dirt,1,0,1,1,0,1,1,0,0,0,NA,3,Yes,Soap,Yes,No,NA,NA,NA,NA,NA,NA,NA,NA,No,NA,No,NA,NA,NA,HWISE Survey,Often (10-20 times in last 4 weeks),Often (10-20 times in last 4 weeks),Often (10-20 times in last 4 weeks),Often (10-20 times in last 4 weeks),Often (10-20 times in last 4 weeks),Never,Sometimes (3–10 times in the last 4 weeks),Often (10-20 times in last 4 weeks),Sometimes (3–10 times in the last 4 weeks),Never,Often (10-20 times in last 4 weeks),Often (10-20 times in last 4 weeks)
Yes,11,Bagerhat,Morrelganj,9,Baseline,Male,40,9,2,4,Non-Literate,Day Labour,NA,Yes,Other (please specify),0,0,0,0,0,1,90,NA,NA,NA,NA,NA,6,6,"Surface water (river, dam, lake, pond, stream, canal, irrigation channels)",No,Other (please specify),0,0,0,0,0,0,0,1,N/A,60,5,125,No,No,NA,Not Satisfied,It is too far away,0,0,0,1,0,0,0,NA,Latrine/toilet,1,0,0,0,0,Latrine/toilet,1,0,0,0,0,0,0,"Not applicable, no one under 3 lives in this household",NA,"Yes, shows facility",Pit latrine,NA,NA,"Medium (some damage, but safe to stand on)",Offers little to no privacy (very poor quality),Yes,Yes,Before eating Before praying After working in the dirt After defecation,1,0,0,1,0,1,1,0,0,0,NA,2,Yes,Soap,Yes,No,NA,NA,NA,NA,NA,NA,NA,NA,No,NA,No,NA,NA,NA,HWISE Survey,Often (10-20 times in last 4 weeks),Often (10-20 times in last 4 weeks),Often (10-20 times in last 4 weeks),Often (10-20 times in last 4 weeks),Often (10-20 times in last 4 weeks),Sometimes (3–10 times in the last 4 weeks),Often (10-20 times in last 4 weeks),Often (10-20 times in last 4 weeks),Often (10-20 times in last 4 weeks),Sometimes (3–10 times in the last 4 weeks),Often (10-20 times in last 4 weeks),Often (10-20 times in last 4 weeks)
Yes,11,Bagerhat,Morrelganj,9,Baseline,Female,35,6,3,3,Non-Literate,Day Labour,NA,No,NA,NA,NA,NA,NA,NA,NA,NA,NA,NA,NA,NA,NA,NA,NA,Rainwater collection,No,Other (please specify),0,0,0,0,0,0,0,1,N/A,60,5,125,No,No,NA,Not Satisfied,It is too far away,0,0,0,1,0,0,0,NA,Latrine/toilet,1,0,0,0,0,Latrine/toilet,1,0,0,0,0,0,0,"Not applicable, no one under 3 lives in this household",NA,"Yes, shows facility",Pit latrine,NA,NA,"Medium (some damage, but safe to stand on)",Offers some privacy (has walls but no door),Yes,Yes,Before food preparation  Before eating Before praying After defecation,1,0,1,1,0,1,0,0,0,0,NA,3,Yes,Soap,Yes,No,NA,NA,NA,NA,NA,NA,NA,NA,No,NA,No,NA,NA,NA,HWISE Survey,Often (10-20 times in last 4 weeks),Often (10-20 times in last 4 weeks),Often (10-20 times in last 4 weeks),Often (10-20 times in last 4 weeks),Sometimes (3–10 times in the last 4 weeks),Never,Rarely (1–2 times in the last 4 weeks),Often (10-20 times in last 4 weeks),Sometimes (3–10 times in the last 4 weeks),Never,Often (10-20 times in last 4 weeks),Often (10-20 times in last 4 weeks)
Yes,11,Bagerhat,Morrelganj,9,Baseline,Female,44,2,1,1,University,Others (Please Specify),Teacher,No,NA,NA,NA,NA,NA,NA,NA,NA,NA,NA,NA,NA,NA,NA,NA,Rainwater collection,No,Other (please specify),0,0,0,0,0,0,0,1,N/A,20,2,42,No,No,NA,Neutral,NA,NA,NA,NA,NA,NA,NA,NA,NA,Latrine/toilet,1,0,0,0,0,Latrine/toilet,1,0,0,0,0,0,0,"Not applicable, no one under 3 lives in this household",NA,"Yes, shows facility",Pit latrine,NA,NA,"Medium (some damage, but safe to stand on)",Offers full privacy (has walls and a door ),Yes,Yes,Before eating Before praying After working in the dirt After defecation,1,0,0,1,0,1,1,0,0,0,NA,2,Yes,Soap,Yes,No,NA,NA,NA,NA,NA,NA,NA,NA,No,NA,No,NA,NA,NA,HWISE Survey,Never,Never,Never,Never,Never,Never,Never,Never,Never,Never,Never,Never
Yes,11,Bagerhat,Morrelganj,9,Baseline,Male,36,6,2,4,Primary Education,Farmer,NA,No,NA,NA,NA,NA,NA,NA,NA,NA,NA,NA,NA,NA,NA,NA,NA,Rainwater collection,No,Other (please specify),0,0,0,0,0,0,0,1,N/A,120,6,246,No,No,NA,Not Satisfied,It is too far away,0,0,0,1,0,0,0,NA,Latrine/toilet,1,0,0,0,0,Latrine/toilet,1,0,0,0,0,0,0,It is put or rinsed into latrine,NA,"Yes, shows facility",Pit latrine,NA,NA,Bad ( dangeraous to stand on),Offers little to no privacy (very poor quality),Yes,Yes,Before praying Before feeding child  Before eating Before food preparation After cleaning or changing a baby After defecation  After working in the dirt,1,1,1,1,1,1,1,0,0,0,NA,5,Yes,Soap,Yes,No,NA,NA,NA,NA,NA,NA,NA,NA,Yes,It was a meeting about how to remove the problem of insufficient drinking water.,No,NA,NA,NA,HWISE Survey,Never,Never,Never,Rarely (1–2 times in the last 4 weeks),Rarely (1–2 times in the last 4 weeks),Sometimes (3–10 times in the last 4 weeks),Sometimes (3–10 times in the last 4 weeks),Never,Sometimes (3–10 times in the last 4 weeks),Sometimes (3–10 times in the last 4 weeks),Rarely (1–2 times in the last 4 weeks),Never
Yes,11,Bagerhat,Morrelganj,9,Baseline,Female,54,2,1,1,University,Others (Please Specify),Tuition,No,NA,NA,NA,NA,NA,NA,NA,NA,NA,NA,NA,NA,NA,NA,NA,Rainwater collection,No,Other (please specify),0,0,0,0,0,0,0,1,N/A,20,2,42,No,No,NA,Not Satisfied,Other (please specify),0,0,0,0,0,0,1,It's hard to carry from here to there,Latrine/toilet,1,0,0,0,0,Latrine/toilet,1,0,0,0,0,0,0,"Not applicable, no one under 3 lives in this household",NA,"Yes, shows facility",Flush/pour flush,Septic Tank,Yes,Good condition (no cracks or gaps),Offers full privacy (has walls and a door ),NA,Yes,Before food preparation  Before eating Before praying After working in the dirt,0,0,1,1,0,1,1,0,0,0,NA,2,Yes,Soap,Yes,No,NA,NA,NA,NA,NA,NA,NA,NA,No,NA,No,NA,NA,NA,HWISE Survey,Never,Never,Never,Never,Never,Never,Never,Never,Never,Never,Never,Never
Yes,11,Bagerhat,Morrelganj,9,Baseline,Female,45,5,3,2,Non-Literate,Day Labour,NA,No,NA,NA,NA,NA,NA,NA,NA,NA,NA,NA,NA,NA,NA,NA,NA,Rainwater collection,No,Other (please specify),0,0,0,0,0,0,0,1,N/A,30,5,65,No,No,NA,Not Satisfied,"Water has a bad smell, color, or quality",0,0,0,0,0,1,0,NA,Latrine/toilet,1,0,0,0,0,Latrine/toilet,1,0,0,0,0,0,0,"Not applicable, no one under 3 lives in this household",NA,"Yes, shows facility",Pit latrine,NA,NA,Bad ( dangeraous to stand on),No superstructure at all,Yes,Yes,After defecation   Before eating Before food preparation Before praying After working in the dirt,1,0,1,1,0,1,1,0,0,0,NA,3,Yes,Soap,Yes,No,NA,NA,NA,NA,NA,NA,NA,NA,No,NA,No,NA,NA,NA,HWISE Survey,Always (More than 20 times in last 4 weeks),Always (More than 20 times in last 4 weeks),Always (More than 20 times in last 4 weeks),Always (More than 20 times in last 4 weeks),Always (More than 20 times in last 4 weeks),Sometimes (3–10 times in the last 4 weeks),Often (10-20 times in last 4 weeks),Always (More than 20 times in last 4 weeks),Often (10-20 times in last 4 weeks),Often (10-20 times in last 4 weeks),Always (More than 20 times in last 4 weeks),Always (More than 20 times in last 4 weeks)
Yes,11,Bagerhat,Morrelganj,9,Baseline,Male,65,5,3,2,Secondary Education,Others (Please Specify),N/A,Yes,Other (please specify),0,0,0,0,0,1,75,NA,NA,NA,NA,NA,5,5,"Surface water (river, dam, lake, pond, stream, canal, irrigation channels)",No,Other (please specify),0,0,0,0,0,0,0,1,N/A,5,5,15,No,No,NA,Not Satisfied,Water tastes bad,0,0,1,0,0,0,0,NA,Latrine/toilet,1,0,0,0,0,Latrine/toilet,1,0,0,0,0,0,0,"Not applicable, no one under 3 lives in this household",NA,"Yes, shows facility",Pit latrine,NA,NA,"Medium (some damage, but safe to stand on)",Offers full privacy (has walls and a door ),Yes,Yes,Before praying After working in the dirt After defecation,1,0,0,0,0,1,1,0,0,0,NA,1,Yes,None Shown,Yes,No,NA,NA,NA,NA,NA,NA,NA,NA,No,NA,No,NA,NA,NA,HWISE Survey,Sometimes (3–10 times in the last 4 weeks),Sometimes (3–10 times in the last 4 weeks),Sometimes (3–10 times in the last 4 weeks),Sometimes (3–10 times in the last 4 weeks),Sometimes (3–10 times in the last 4 weeks),Often (10-20 times in last 4 weeks),Rarely (1–2 times in the last 4 weeks),Rarely (1–2 times in the last 4 weeks),Rarely (1–2 times in the last 4 weeks),Rarely (1–2 times in the last 4 weeks),Rarely (1–2 times in the last 4 weeks),Rarely (1–2 times in the last 4 weeks)
Yes,12,Khulna,Paikgacha,6,Baseline,Male,62,5,3,2,Secondary Education,Farmer,NA,Yes,10 Liter,0,0,0,1,0,0,NA,NA,NA,NA,2,NA,NA,NA,"Surface water (river, dam, lake, pond, stream, canal, irrigation channels)",No,don’t know,0,0,0,0,0,0,1,0,NA,30,10,70,No,No,NA,Not Satisfied,"Water tastes bad Water has a bad smell, color, or quality",0,0,1,0,0,1,0,NA,Latrine/toilet,1,0,0,0,0,Latrine/toilet,1,0,0,0,0,0,0,"Not applicable, no one under 3 lives in this household",NA,"Yes, shows facility",Pit latrine,NA,NA,"Medium (some damage, but safe to stand on)",Offers full privacy (has walls and a door ),No,No,After defecation  Before food preparation  Before eating Before feeding child After working in the dirt,1,0,1,1,1,0,1,0,0,0,NA,4,Yes,Other cleanser or detergent,Yes,Yes,Water User Committee,0,1,0,0,0,0,NA,No,NA,No,NA,NA,NA,HWISE Survey,Sometimes (3–10 times in the last 4 weeks),Sometimes (3–10 times in the last 4 weeks),Sometimes (3–10 times in the last 4 weeks),Rarely (1–2 times in the last 4 weeks),Sometimes (3–10 times in the last 4 weeks),Rarely (1–2 times in the last 4 weeks),Rarely (1–2 times in the last 4 weeks),Rarely (1–2 times in the last 4 weeks),Sometimes (3–10 times in the last 4 weeks),Never,Rarely (1–2 times in the last 4 weeks),Rarely (1–2 times in the last 4 weeks)
Yes,12,Khulna,Paikgacha,6,Baseline,Female,30,5,3,2,Secondary Education,Day Labour,NA,Yes,10 Liter,0,0,0,1,0,0,NA,NA,NA,NA,3,NA,NA,NA,"Surface water (river, dam, lake, pond, stream, canal, irrigation channels)",No,don’t know,0,0,0,0,0,0,1,0,NA,30,10,70,No,No,NA,Not Satisfied,"Water has a bad smell, color, or quality Water tastes bad",0,0,1,0,0,1,0,NA,Latrine/toilet,1,0,0,0,0,Latrine/toilet,1,0,0,0,0,0,0,"Not applicable, no one under 3 lives in this household",NA,"Yes, shows facility",Pit latrine,NA,NA,"Medium (some damage, but safe to stand on)",Offers little to no privacy (very poor quality),No,No,After defecation  After cleaning or changing a baby Before food preparation  Before eating Before feeding child After working in the dirt,1,1,1,1,1,0,1,0,0,0,NA,5,Yes,Soap,Yes,Yes,Water User Committee,0,1,0,0,0,0,NA,No,NA,No,NA,NA,NA,HWISE Survey,Sometimes (3–10 times in the last 4 weeks),Sometimes (3–10 times in the last 4 weeks),Rarely (1–2 times in the last 4 weeks),Sometimes (3–10 times in the last 4 weeks),Sometimes (3–10 times in the last 4 weeks),Sometimes (3–10 times in the last 4 weeks),Rarely (1–2 times in the last 4 weeks),Rarely (1–2 times in the last 4 weeks),Rarely (1–2 times in the last 4 weeks),Rarely (1–2 times in the last 4 weeks),Sometimes (3–10 times in the last 4 weeks),Rarely (1–2 times in the last 4 weeks)
Yes,12,Khulna,Paikgacha,6,Baseline,Male,24,5,2,3,University,Others (Please Specify),Lecturer,Yes,25 Liter,1,0,0,0,0,0,NA,1,NA,NA,NA,NA,NA,NA,"Surface water (river, dam, lake, pond, stream, canal, irrigation channels)",No,don’t know,0,0,0,0,0,0,1,0,NA,20,5,45,No,No,NA,Not Satisfied,"Water tastes bad Water has a bad smell, color, or quality",0,0,1,0,0,1,0,NA,Latrine/toilet,1,0,0,0,0,Latrine/toilet,1,0,0,0,0,0,0,"Not applicable, no one under 3 lives in this household",NA,"Yes, shows facility",Flush/pour flush,Septic Tank,Yes,"Medium (some damage, but safe to stand on)",Offers full privacy (has walls and a door ),NA,No,After defecation  Before food preparation  Before eating After working in the dirt,1,0,1,1,0,0,1,0,0,0,NA,3,Yes,Soap,Yes,Yes,Water User Committee,0,1,0,0,0,0,NA,No,NA,No,NA,NA,NA,HWISE Survey,Sometimes (3–10 times in the last 4 weeks),Sometimes (3–10 times in the last 4 weeks),Sometimes (3–10 times in the last 4 weeks),Sometimes (3–10 times in the last 4 weeks),Rarely (1–2 times in the last 4 weeks),Rarely (1–2 times in the last 4 weeks),Rarely (1–2 times in the last 4 weeks),Rarely (1–2 times in the last 4 weeks),Rarely (1–2 times in the last 4 weeks),Rarely (1–2 times in the last 4 weeks),Rarely (1–2 times in the last 4 weeks),Rarely (1–2 times in the last 4 weeks)
Yes,12,Khulna,Paikgacha,6,Baseline,Female,56,4,1,3,Higher Secondary Education,Others (Please Specify),Puja archona kora,Yes,20 Liter,0,1,0,0,0,0,NA,NA,2,NA,NA,NA,NA,NA,"Surface water (river, dam, lake, pond, stream, canal, irrigation channels)",No,don’t know,0,0,0,0,0,0,1,0,NA,30,5,65,No,No,NA,Not Satisfied,"Water has a bad smell, color, or quality Water tastes bad",0,0,1,0,0,1,0,NA,Latrine/toilet,1,0,0,0,0,Latrine/toilet,1,0,0,0,0,0,0,"Not applicable, no one under 3 lives in this household",NA,"Yes, shows facility",Flush/pour flush,Septic Tank,Yes,"Medium (some damage, but safe to stand on)",Offers full privacy (has walls and a door ),NA,No,Before food preparation  Before eating After working in the dirt After defecation,1,0,1,1,0,0,1,0,0,0,NA,3,Yes,Soap,Yes,Yes,Water User Committee,0,1,0,0,0,0,NA,No,NA,No,NA,NA,NA,HWISE Survey,Sometimes (3–10 times in the last 4 weeks),Sometimes (3–10 times in the last 4 weeks),Sometimes (3–10 times in the last 4 weeks),Rarely (1–2 times in the last 4 weeks),Sometimes (3–10 times in the last 4 weeks),Rarely (1–2 times in the last 4 weeks),Rarely (1–2 times in the last 4 weeks),Rarely (1–2 times in the last 4 weeks),Rarely (1–2 times in the last 4 weeks),Rarely (1–2 times in the last 4 weeks),Rarely (1–2 times in the last 4 weeks),Rarely (1–2 times in the last 4 weeks)
Yes,12,Khulna,Paikgacha,6,Baseline,Female,55,2,1,1,Secondary Education,Farmer,NA,Yes,15 Liter,0,0,1,0,0,0,NA,NA,NA,1,NA,NA,NA,NA,"Surface water (river, dam, lake, pond, stream, canal, irrigation channels)",No,don’t know,0,0,0,0,0,0,1,0,NA,30,5,65,No,No,NA,Not Satisfied,"Water has a bad smell, color, or quality Water tastes bad",0,0,1,0,0,1,0,NA,Latrine/toilet,1,0,0,0,0,"Not applicable, no one between the ages of 3-17 lives in this household",0,0,0,0,1,0,0,"Not applicable, no one under 3 lives in this household",NA,"Yes, shows facility",Flush/pour flush,Septic Tank,Yes,Good condition (no cracks or gaps),Offers full privacy (has walls and a door ),NA,No,After defecation  Before food preparation  Before eating After working in the dirt,1,0,1,1,0,0,1,0,0,0,NA,3,Yes,Soap,Yes,Yes,Water User Committee,0,1,0,0,0,0,NA,No,NA,No,NA,NA,NA,HWISE Survey,Sometimes (3–10 times in the last 4 weeks),Sometimes (3–10 times in the last 4 weeks),Sometimes (3–10 times in the last 4 weeks),Sometimes (3–10 times in the last 4 weeks),Sometimes (3–10 times in the last 4 weeks),Sometimes (3–10 times in the last 4 weeks),Sometimes (3–10 times in the last 4 weeks),Sometimes (3–10 times in the last 4 weeks),Sometimes (3–10 times in the last 4 weeks),Sometimes (3–10 times in the last 4 weeks),Sometimes (3–10 times in the last 4 weeks),Rarely (1–2 times in the last 4 weeks)
Yes,12,Khulna,Paikgacha,6,Baseline,Female,35,6,4,2,University,Private Job,NA,Yes,15 Liter,0,0,1,0,0,0,NA,NA,NA,2,NA,NA,NA,NA,"Surface water (river, dam, lake, pond, stream, canal, irrigation channels)",No,don’t know,0,0,0,0,0,0,1,0,NA,10,5,25,No,No,NA,Not Satisfied,"Water has a bad smell, color, or quality Water tastes bad",0,0,1,0,0,1,0,NA,Latrine/toilet,1,0,0,0,0,Latrine/toilet,1,0,0,0,0,0,0,"Not applicable, no one under 3 lives in this household",NA,"Yes, shows facility",Pit latrine,NA,NA,Bad ( dangeraous to stand on),Offers some privacy (has walls but no door),No,No,After defecation  Before food preparation  Before eating Before feeding child After working in the dirt,1,0,1,1,1,0,1,0,0,0,NA,4,Yes,Soap,Yes,Yes,Water User Committee,0,1,0,0,0,0,NA,No,NA,No,NA,NA,NA,HWISE Survey,Rarely (1–2 times in the last 4 weeks),Rarely (1–2 times in the last 4 weeks),Rarely (1–2 times in the last 4 weeks),Sometimes (3–10 times in the last 4 weeks),Rarely (1–2 times in the last 4 weeks),Rarely (1–2 times in the last 4 weeks),Rarely (1–2 times in the last 4 weeks),Rarely (1–2 times in the last 4 weeks),Rarely (1–2 times in the last 4 weeks),Rarely (1–2 times in the last 4 weeks),Rarely (1–2 times in the last 4 weeks),Rarely (1–2 times in the last 4 weeks)
Yes,12,Khulna,Paikgacha,1,Baseline,Female,58,6,4,2,Secondary Education,Others (Please Specify),Electric makar,Yes,15 Liter,0,0,1,0,0,0,NA,NA,NA,3,NA,NA,NA,NA,"Surface water (river, dam, lake, pond, stream, canal, irrigation channels)",No,don’t know,0,0,0,0,0,0,1,0,NA,10,2,22,No,No,NA,Not Satisfied,"Water has a bad smell, color, or quality Water tastes bad",0,0,1,0,0,1,0,NA,Latrine/toilet,1,0,0,0,0,Latrine/toilet,1,0,0,0,0,0,0,It is put or rinsed into latrine,NA,"Yes, shows facility",Pit latrine,NA,NA,Bad ( dangeraous to stand on),Offers little to no privacy (very poor quality),No,No,After defecation  Before food preparation  Before eating Before feeding child Before praying After working in the dirt,1,0,1,1,1,1,1,0,0,0,NA,4,Yes,Soap,Yes,Yes,Water User Committee,0,1,0,0,0,0,NA,No,NA,No,NA,NA,NA,HWISE Survey,Sometimes (3–10 times in the last 4 weeks),Sometimes (3–10 times in the last 4 weeks),Sometimes (3–10 times in the last 4 weeks),Sometimes (3–10 times in the last 4 weeks),Sometimes (3–10 times in the last 4 weeks),Sometimes (3–10 times in the last 4 weeks),Rarely (1–2 times in the last 4 weeks),Rarely (1–2 times in the last 4 weeks),Sometimes (3–10 times in the last 4 weeks),Rarely (1–2 times in the last 4 weeks),Sometimes (3–10 times in the last 4 weeks),Rarely (1–2 times in the last 4 weeks)
Yes,13,Khulna,Paikgacha,6,Baseline,Female,22,8,5,3,Secondary Education,Rikshaw puller/Van Pullar,NA,Yes,25 Liter,1,0,0,0,0,0,NA,1,NA,NA,NA,NA,NA,NA,"Surface water (river, dam, lake, pond, stream, canal, irrigation channels)",No,don’t know,0,0,0,0,0,0,1,0,NA,30,5,65,No,No,NA,Not Satisfied,"Water tastes bad Water has a bad smell, color, or quality",0,0,1,0,0,1,0,NA,Latrine/toilet,1,0,0,0,0,Latrine/toilet,1,0,0,0,0,0,0,It is put or rinse into garbage bin,NA,"Yes, shows facility",Pit latrine,NA,NA,"Medium (some damage, but safe to stand on)",Offers little to no privacy (very poor quality),No,No,After defecation  Before food preparation  Before eating Before feeding child,1,0,1,1,1,0,0,0,0,0,NA,4,Yes,Soap,Yes,Yes,Water User Committee,0,1,0,0,0,0,NA,No,NA,No,NA,NA,NA,HWISE Survey,Sometimes (3–10 times in the last 4 weeks),Sometimes (3–10 times in the last 4 weeks),Sometimes (3–10 times in the last 4 weeks),Sometimes (3–10 times in the last 4 weeks),Sometimes (3–10 times in the last 4 weeks),Sometimes (3–10 times in the last 4 weeks),Sometimes (3–10 times in the last 4 weeks),Sometimes (3–10 times in the last 4 weeks),Sometimes (3–10 times in the last 4 weeks),Sometimes (3–10 times in the last 4 weeks),Sometimes (3–10 times in the last 4 weeks),Sometimes (3–10 times in the last 4 weeks)
Yes,13,Khulna,Paikgacha,6,Baseline,Male,55,6,3,3,Higher Secondary Education,Private Job,NA,Yes,15 Liter,0,0,1,0,0,0,NA,NA,NA,4,NA,NA,NA,NA,"Surface water (river, dam, lake, pond, stream, canal, irrigation channels)",No,don’t know,0,0,0,0,0,0,1,0,NA,5,1,11,No,No,NA,Not Satisfied,"Water has a bad smell, color, or quality Water tastes bad",0,0,1,0,0,1,0,NA,Latrine/toilet,1,0,0,0,0,Latrine/toilet,1,0,0,0,0,0,0,Child uses latrine,NA,"Yes, shows facility",Pit latrine,NA,NA,Good condition (no cracks or gaps),Offers full privacy (has walls and a door ),No,No,After defecation   Before eating Before feeding child Before food preparation,1,0,1,1,1,0,0,0,0,0,NA,4,Yes,Soap,Yes,No,NA,NA,NA,NA,NA,NA,NA,NA,No,NA,No,NA,NA,NA,HWISE Survey,Sometimes (3–10 times in the last 4 weeks),Sometimes (3–10 times in the last 4 weeks),Sometimes (3–10 times in the last 4 weeks),Sometimes (3–10 times in the last 4 weeks),Sometimes (3–10 times in the last 4 weeks),Sometimes (3–10 times in the last 4 weeks),Sometimes (3–10 times in the last 4 weeks),Rarely (1–2 times in the last 4 weeks),Sometimes (3–10 times in the last 4 weeks),Sometimes (3–10 times in the last 4 weeks),Sometimes (3–10 times in the last 4 weeks),Sometimes (3–10 times in the last 4 weeks)
Yes,13,Khulna,Paikgacha,6,Baseline,Female,50,3,2,1,Secondary Education,Farmer,NA,Yes,15 Liter,0,0,1,0,0,0,NA,NA,NA,1,NA,NA,NA,NA,"Surface water (river, dam, lake, pond, stream, canal, irrigation channels)",No,don’t know,0,0,0,0,0,0,1,0,NA,20,5,45,No,No,NA,Not Satisfied,"Water tastes bad Water has a bad smell, color, or quality",0,0,1,0,0,1,0,NA,Latrine/toilet,1,0,0,0,0,Latrine/toilet,1,0,0,0,0,0,0,Child uses latrine,NA,"Yes, shows facility",Pit latrine,NA,NA,"Medium (some damage, but safe to stand on)",Offers full privacy (has walls and a door ),No,No,After defecation  Before food preparation  Before eating Before feeding child,1,0,1,1,1,0,0,0,0,0,NA,4,Yes,Soap,Yes,Yes,Water User Committee,0,1,0,0,0,0,NA,No,NA,No,NA,NA,NA,HWISE Survey,Sometimes (3–10 times in the last 4 weeks),Sometimes (3–10 times in the last 4 weeks),Sometimes (3–10 times in the last 4 weeks),Sometimes (3–10 times in the last 4 weeks),Rarely (1–2 times in the last 4 weeks),Sometimes (3–10 times in the last 4 weeks),Sometimes (3–10 times in the last 4 weeks),Sometimes (3–10 times in the last 4 weeks),Sometimes (3–10 times in the last 4 weeks),Sometimes (3–10 times in the last 4 weeks),Sometimes (3–10 times in the last 4 weeks),Sometimes (3–10 times in the last 4 weeks)
Yes,13,Khulna,Paikgacha,6,Baseline,Female,35,4,3,1,Primary Education,Rikshaw puller/Van Pullar,NA,Yes,15 Liter,0,0,1,0,0,0,NA,NA,NA,3,NA,NA,NA,NA,"Surface water (river, dam, lake, pond, stream, canal, irrigation channels)",don’t know,NA,NA,NA,NA,NA,NA,NA,NA,NA,NA,20,2,42,No,No,NA,Not Satisfied,"Water has a bad smell, color, or quality Water tastes bad",0,0,1,0,0,1,0,NA,Latrine/toilet,1,0,0,0,0,Latrine/toilet,1,0,0,0,0,0,0,It is put or rinsed on the ground or in the open,NA,"Yes, shows facility",Pit latrine,NA,NA,Bad ( dangeraous to stand on),Offers some privacy (has walls but no door),No,No,After defecation   Before eating Before feeding child,1,0,0,1,1,0,0,0,0,0,NA,3,Yes,Soap,Yes,Yes,Water User Committee,0,1,0,0,0,0,NA,Yes,Water and sanitation,No,NA,NA,NA,HWISE Survey,Sometimes (3–10 times in the last 4 weeks),Sometimes (3–10 times in the last 4 weeks),Sometimes (3–10 times in the last 4 weeks),Sometimes (3–10 times in the last 4 weeks),Sometimes (3–10 times in the last 4 weeks),Sometimes (3–10 times in the last 4 weeks),Sometimes (3–10 times in the last 4 weeks),Sometimes (3–10 times in the last 4 weeks),Sometimes (3–10 times in the last 4 weeks),Sometimes (3–10 times in the last 4 weeks),Sometimes (3–10 times in the last 4 weeks),Sometimes (3–10 times in the last 4 weeks)
Yes,13,Khulna,Paikgacha,6,Baseline,Male,20,2,1,1,Primary Education,Day Labour,NA,Yes,15 Liter,0,0,1,0,0,0,NA,NA,NA,3,NA,NA,NA,NA,"Surface water (river, dam, lake, pond, stream, canal, irrigation channels)",don’t know,NA,NA,NA,NA,NA,NA,NA,NA,NA,NA,20,2,42,No,No,NA,Not Satisfied,"Water has a bad smell, color, or quality Water tastes bad",0,0,1,0,0,1,0,NA,Latrine/toilet,1,0,0,0,0,Latrine/toilet,1,0,0,0,0,0,0,"Not applicable, no one under 3 lives in this household",NA,"Yes, shows facility",Pit latrine,NA,NA,"Medium (some damage, but safe to stand on)",Offers little to no privacy (very poor quality),No,No,After defecation   Before eating Before food preparation,1,0,1,1,0,0,0,0,0,0,NA,3,Yes,Soap,Yes,Yes,Water User Committee,0,1,0,0,0,0,NA,No,NA,No,NA,NA,NA,HWISE Survey,Sometimes (3–10 times in the last 4 weeks),Sometimes (3–10 times in the last 4 weeks),Sometimes (3–10 times in the last 4 weeks),Rarely (1–2 times in the last 4 weeks),Sometimes (3–10 times in the last 4 weeks),Rarely (1–2 times in the last 4 weeks),Sometimes (3–10 times in the last 4 weeks),Sometimes (3–10 times in the last 4 weeks),Sometimes (3–10 times in the last 4 weeks),Sometimes (3–10 times in the last 4 weeks),Sometimes (3–10 times in the last 4 weeks),Rarely (1–2 times in the last 4 weeks)
Yes,13,Khulna,Paikgacha,1,Baseline,Female,36,5,1,4,Secondary Education,Farmer,NA,Yes,15 Liter,0,0,1,0,0,0,NA,NA,NA,2,NA,NA,NA,NA,"Surface water (river, dam, lake, pond, stream, canal, irrigation channels)",don’t know,NA,NA,NA,NA,NA,NA,NA,NA,NA,NA,10,2,22,No,No,NA,Not Satisfied,"Water has a bad smell, color, or quality Water tastes bad",0,0,1,0,0,1,0,NA,Latrine/toilet,1,0,0,0,0,Latrine/toilet,1,0,0,0,0,0,0,"Not applicable, no one under 3 lives in this household",NA,"Yes, shows facility",Pit latrine,NA,NA,"Medium (some damage, but safe to stand on)",Offers full privacy (has walls and a door ),No,No,After defecation  Before food preparation  Before eating Before praying,1,0,1,1,0,1,0,0,0,0,NA,3,Yes,Soap,Yes,Yes,Water User Committee,0,1,0,0,0,0,NA,No,NA,No,NA,NA,NA,HWISE Survey,Sometimes (3–10 times in the last 4 weeks),Sometimes (3–10 times in the last 4 weeks),Rarely (1–2 times in the last 4 weeks),Sometimes (3–10 times in the last 4 weeks),Sometimes (3–10 times in the last 4 weeks),Sometimes (3–10 times in the last 4 weeks),Sometimes (3–10 times in the last 4 weeks),Sometimes (3–10 times in the last 4 weeks),Sometimes (3–10 times in the last 4 weeks),Sometimes (3–10 times in the last 4 weeks),Sometimes (3–10 times in the last 4 weeks),Sometimes (3–10 times in the last 4 weeks)
Yes,13,Khulna,Paikgacha,1,Baseline,Male,24,7,3,4,Primary Education,Fisher,NA,Yes,20 Liter,0,1,0,0,0,0,NA,NA,4,NA,NA,NA,NA,NA,"Surface water (river, dam, lake, pond, stream, canal, irrigation channels)",don’t know,NA,NA,NA,NA,NA,NA,NA,NA,NA,NA,20,5,45,No,No,NA,Not Satisfied,"Water has a bad smell, color, or quality Water tastes bad",0,0,1,0,0,1,0,NA,Latrine/toilet,1,0,0,0,0,Latrine/toilet,1,0,0,0,0,0,0,Child uses latrine,NA,"Yes, shows facility",Pit latrine,NA,NA,"Medium (some damage, but safe to stand on)",Offers some privacy (has walls but no door),No,No,After defecation   Before eating Before feeding child Before praying,1,0,0,1,1,1,0,0,0,0,NA,3,Yes,Soap,Yes,Yes,Water User Committee,0,1,0,0,0,0,NA,No,NA,No,NA,NA,NA,HWISE Survey,Sometimes (3–10 times in the last 4 weeks),Sometimes (3–10 times in the last 4 weeks),Sometimes (3–10 times in the last 4 weeks),Rarely (1–2 times in the last 4 weeks),Sometimes (3–10 times in the last 4 weeks),Sometimes (3–10 times in the last 4 weeks),Sometimes (3–10 times in the last 4 weeks),Sometimes (3–10 times in the last 4 weeks),Sometimes (3–10 times in the last 4 weeks),Sometimes (3–10 times in the last 4 weeks),Sometimes (3–10 times in the last 4 weeks),Sometimes (3–10 times in the last 4 weeks)
Yes,7,Khulna,Koyra,2,Baseline,Male,34,4,3,1,Primary Education,Rikshaw puller/Van Pullar,NA,Yes,15 Liter,0,0,1,0,0,0,NA,NA,NA,3,NA,NA,NA,NA,Borehole with handpump,No,Other (please specify),0,0,0,0,0,0,0,1,N/A,2,2,6,No,No,NA,Neutral,NA,NA,NA,NA,NA,NA,NA,NA,NA,Latrine/toilet,1,0,0,0,0,Latrine/toilet,1,0,0,0,0,0,0,It is put or rinsed on the ground or in the open,NA,"Yes, shows facility",Pit latrine,NA,NA,"Medium (some damage, but safe to stand on)",Offers little to no privacy (very poor quality),No,Yes,After defecation   Before eating After working in the dirt,1,0,0,1,0,0,1,0,0,0,NA,2,Yes,Soap,Yes,No,NA,NA,NA,NA,NA,NA,NA,NA,No,NA,Yes,Yes,Yes,Yes,HWISE Survey,Sometimes (3–10 times in the last 4 weeks),Rarely (1–2 times in the last 4 weeks),Rarely (1–2 times in the last 4 weeks),Sometimes (3–10 times in the last 4 weeks),Often (10-20 times in last 4 weeks),Sometimes (3–10 times in the last 4 weeks),Sometimes (3–10 times in the last 4 weeks),Rarely (1–2 times in the last 4 weeks),Sometimes (3–10 times in the last 4 weeks),Rarely (1–2 times in the last 4 weeks),Rarely (1–2 times in the last 4 weeks),Rarely (1–2 times in the last 4 weeks)
Yes,7,Khulna,Koyra,2,Baseline,Female,54,3,2,1,Non-Literate,Day Labour,NA,Yes,15 Liter,0,0,1,0,0,0,NA,NA,NA,2,NA,NA,NA,NA,Borehole with handpump,No,Other (please specify),0,0,0,0,0,0,0,1,N/A,6,2,14,No,No,NA,Neutral,NA,NA,NA,NA,NA,NA,NA,NA,NA,Latrine/toilet,1,0,0,0,0,Latrine/toilet,1,0,0,0,0,0,0,"Not applicable, no one under 3 lives in this household",NA,"Yes, shows facility",Pit latrine,NA,NA,"Medium (some damage, but safe to stand on)",Offers little to no privacy (very poor quality),No,Yes,After defecation  Before food preparation  Before eating After working in the dirt,1,0,1,1,0,0,1,0,0,0,NA,3,Yes,Soap,Yes,No,NA,NA,NA,NA,NA,NA,NA,NA,No,NA,No,NA,NA,NA,HWISE Survey,Rarely (1–2 times in the last 4 weeks),Sometimes (3–10 times in the last 4 weeks),Often (10-20 times in last 4 weeks),Often (10-20 times in last 4 weeks),Always (More than 20 times in last 4 weeks),Often (10-20 times in last 4 weeks),Always (More than 20 times in last 4 weeks),Sometimes (3–10 times in the last 4 weeks),Sometimes (3–10 times in the last 4 weeks),Never,Rarely (1–2 times in the last 4 weeks),Sometimes (3–10 times in the last 4 weeks)
Yes,7,Khulna,Koyra,2,Baseline,Female,46,4,2,2,Secondary Education,Farmer,NA,Yes,15 Liter,0,0,1,0,0,0,NA,NA,NA,3,NA,NA,NA,NA,Borehole with handpump,No,Other (please specify),0,0,0,0,0,0,0,1,N/A,4,2,10,No,No,NA,Satisfied,NA,NA,NA,NA,NA,NA,NA,NA,NA,Latrine/toilet,1,0,0,0,0,Latrine/toilet,1,0,0,0,0,0,0,"Not applicable, no one under 3 lives in this household",NA,"Yes, shows facility",Pit latrine,NA,NA,"Medium (some damage, but safe to stand on)",Offers little to no privacy (very poor quality),No,Yes,After defecation  Before food preparation  Before eating Before praying After working in the dirt,1,0,1,1,0,1,1,0,0,0,NA,3,Yes,Soap,Yes,No,NA,NA,NA,NA,NA,NA,NA,NA,No,NA,No,NA,NA,NA,HWISE Survey,Never,Never,Often (10-20 times in last 4 weeks),Often (10-20 times in last 4 weeks),Sometimes (3–10 times in the last 4 weeks),Sometimes (3–10 times in the last 4 weeks),Never,Sometimes (3–10 times in the last 4 weeks),Sometimes (3–10 times in the last 4 weeks),Rarely (1–2 times in the last 4 weeks),Rarely (1–2 times in the last 4 weeks),Rarely (1–2 times in the last 4 weeks)
Yes,7,Khulna,Koyra,2,Baseline,Male,65,2,1,1,Non-Literate,Day Labour,NA,Yes,10 Liter,0,0,0,1,0,0,NA,NA,NA,NA,2,NA,NA,NA,Borehole with handpump,No,Other (please specify),0,0,0,0,0,0,0,1,N/A,10,2,22,No,No,NA,Not Satisfied,It is too far away,0,0,0,1,0,0,0,NA,In the open/no sanitation facilities,0,1,0,0,0,"Not applicable, no one between the ages of 3-17 lives in this household",0,0,0,0,1,0,0,"Not applicable, no one under 3 lives in this household",NA,"Yes, shows facility",Hanging toilet/hanging latrine,NA,NA,Bad ( dangeraous to stand on),No superstructure at all,NA,Yes,After defecation   Before eating Before praying After working in the dirt,1,0,0,1,0,1,1,0,0,0,NA,2,Yes,Soap,Yes,No,NA,NA,NA,NA,NA,NA,NA,NA,No,NA,No,NA,NA,NA,HWISE Survey,Sometimes (3–10 times in the last 4 weeks),Sometimes (3–10 times in the last 4 weeks),Often (10-20 times in last 4 weeks),Always (More than 20 times in last 4 weeks),Always (More than 20 times in last 4 weeks),Always (More than 20 times in last 4 weeks),Always (More than 20 times in last 4 weeks),Sometimes (3–10 times in the last 4 weeks),Rarely (1–2 times in the last 4 weeks),Never,Often (10-20 times in last 4 weeks),Rarely (1–2 times in the last 4 weeks)
Yes,7,Khulna,Koyra,2,Baseline,Female,25,7,5,2,Higher Secondary Education,Private Job,NA,Yes,15 Liter,0,0,1,0,0,0,NA,NA,NA,6,NA,NA,NA,NA,Borehole with handpump,No,Other (please specify),0,0,0,0,0,0,0,1,N/A,18,6,42,No,No,NA,Not Satisfied,Long lines It is too far away,1,0,0,1,0,0,0,NA,Latrine/toilet,1,0,0,0,0,Latrine/toilet,1,0,0,0,0,0,0,Child uses latrine,NA,"Yes, shows facility",Pit latrine,NA,NA,"Medium (some damage, but safe to stand on)",Offers full privacy (has walls and a door ),No,Yes,After defecation  Before food preparation  Before eating Before feeding child After working in the dirt,1,0,1,1,1,0,1,0,0,0,NA,4,Yes,Soap,Yes,No,NA,NA,NA,NA,NA,NA,NA,NA,No,NA,No,NA,NA,NA,HWISE Survey,Always (More than 20 times in last 4 weeks),Always (More than 20 times in last 4 weeks),Often (10-20 times in last 4 weeks),Always (More than 20 times in last 4 weeks),Always (More than 20 times in last 4 weeks),Often (10-20 times in last 4 weeks),Always (More than 20 times in last 4 weeks),Rarely (1–2 times in the last 4 weeks),Often (10-20 times in last 4 weeks),Sometimes (3–10 times in the last 4 weeks),Sometimes (3–10 times in the last 4 weeks),Rarely (1–2 times in the last 4 weeks)
Yes,7,Khulna,Koyra,2,Baseline,Female,40,4,2,2,Non-Literate,Day Labour,NA,Yes,15 Liter,0,0,1,0,0,0,NA,NA,NA,4,NA,NA,NA,NA,Borehole with handpump,No,Other (please specify),0,0,0,0,0,0,0,1,N/A,20,8,48,Yes,Yes,Yes,Not Satisfied,Long lines It is too far away,1,0,0,1,0,0,0,NA,Latrine/toilet,1,0,0,0,0,Latrine/toilet,1,0,0,0,0,0,0,"Not applicable, no one under 3 lives in this household",NA,"Yes, shows facility",Pit latrine,NA,NA,"Medium (some damage, but safe to stand on)",Offers some privacy (has walls but no door),No,Yes,After defecation   Before eating Before praying After working in the dirt,1,0,0,1,0,1,1,0,0,0,NA,2,Yes,Soap,Yes,No,NA,NA,NA,NA,NA,NA,NA,NA,No,NA,Yes,Only for minor repairs,Yes,Yes,HWISE Survey,Always (More than 20 times in last 4 weeks),Always (More than 20 times in last 4 weeks),Sometimes (3–10 times in the last 4 weeks),Sometimes (3–10 times in the last 4 weeks),Often (10-20 times in last 4 weeks),Often (10-20 times in last 4 weeks),Often (10-20 times in last 4 weeks),Sometimes (3–10 times in the last 4 weeks),Rarely (1–2 times in the last 4 weeks),Rarely (1–2 times in the last 4 weeks),Sometimes (3–10 times in the last 4 weeks),Rarely (1–2 times in the last 4 weeks)
Yes,7,Khulna,Koyra,2,Baseline,Female,35,3,0,3,Primary Education,Business,NA,Yes,10 Liter,0,0,0,1,0,0,NA,NA,NA,NA,2,NA,NA,NA,Borehole with handpump,No,Other (please specify),0,0,0,0,0,0,0,1,N/A,30,8,68,No,No,NA,Not Satisfied,It is too far away Long lines,1,0,0,1,0,0,0,NA,Latrine/toilet,1,0,0,0,0,Latrine/toilet,1,0,0,0,0,0,0,"Not applicable, no one under 3 lives in this household",NA,"Has a facility, but does not show",NA,NA,NA,NA,NA,NA,NA,After defecation   Before eating Before food preparation After working in the dirt Before praying,1,0,1,1,0,1,1,0,0,0,NA,NA,Yes,Soap,Yes,No,NA,NA,NA,NA,NA,NA,NA,NA,No,NA,No,NA,NA,NA,HWISE Survey,Always (More than 20 times in last 4 weeks),Always (More than 20 times in last 4 weeks),Often (10-20 times in last 4 weeks),Often (10-20 times in last 4 weeks),Often (10-20 times in last 4 weeks),Sometimes (3–10 times in the last 4 weeks),Often (10-20 times in last 4 weeks),Often (10-20 times in last 4 weeks),Often (10-20 times in last 4 weeks),Sometimes (3–10 times in the last 4 weeks),Often (10-20 times in last 4 weeks),Sometimes (3–10 times in the last 4 weeks)
Yes,1,Khulna,Koyra,2,Baseline,Female,42,7,4,3,Non-Literate,Day Labour,NA,Yes,15 Liter,0,0,1,0,0,0,NA,NA,NA,4,NA,NA,NA,NA,Borehole with handpump,No,Other (please specify),0,0,0,0,0,0,0,1,N/A,10,3,23,No,No,NA,Satisfied,NA,NA,NA,NA,NA,NA,NA,NA,NA,Latrine/toilet,1,0,0,0,0,Latrine/toilet,1,0,0,0,0,0,0,Child uses latrine,NA,"Yes, shows facility",Flush/pour flush,Septic Tank,Yes,Good condition (no cracks or gaps),Offers some privacy (has walls but no door),NA,Yes,After defecation  After cleaning or changing a baby  Before eating Before feeding child After working in the dirt Before praying Before food preparation,1,1,1,1,1,1,1,0,0,0,NA,5,Yes,Soap,Yes,No,NA,NA,NA,NA,NA,NA,NA,NA,No,NA,No,NA,NA,NA,HWISE Survey,Always (More than 20 times in last 4 weeks),Often (10-20 times in last 4 weeks),Sometimes (3–10 times in the last 4 weeks),Often (10-20 times in last 4 weeks),Sometimes (3–10 times in the last 4 weeks),Rarely (1–2 times in the last 4 weeks),Never,Rarely (1–2 times in the last 4 weeks),Rarely (1–2 times in the last 4 weeks),Rarely (1–2 times in the last 4 weeks),Rarely (1–2 times in the last 4 weeks),Rarely (1–2 times in the last 4 weeks)
Yes,1,Khulna,Koyra,2,Baseline,Female,39,5,2,3,Primary Education,Farmer,NA,Yes,15 Liter,0,0,1,0,0,0,NA,NA,NA,2,NA,NA,NA,NA,Borehole with handpump,No,Other (please specify),0,0,0,0,0,0,0,1,N/A,10,2,22,No,No,NA,Neutral,NA,NA,NA,NA,NA,NA,NA,NA,NA,Latrine/toilet,1,0,0,0,0,Latrine/toilet,1,0,0,0,0,0,0,Child uses latrine,NA,"Yes, shows facility",Pit latrine,NA,NA,Bad ( dangeraous to stand on),Offers full privacy (has walls and a door ),Yes,Yes,After defecation  After cleaning or changing a baby Before feeding child  Before eating After working in the dirt Before praying,1,1,0,1,1,1,1,0,0,0,NA,4,Yes,Soap,Yes,No,NA,NA,NA,NA,NA,NA,NA,NA,No,NA,No,NA,NA,NA,HWISE Survey,Often (10-20 times in last 4 weeks),Sometimes (3–10 times in the last 4 weeks),Sometimes (3–10 times in the last 4 weeks),Rarely (1–2 times in the last 4 weeks),Rarely (1–2 times in the last 4 weeks),Never,Never,Never,Never,Rarely (1–2 times in the last 4 weeks),Rarely (1–2 times in the last 4 weeks),Rarely (1–2 times in the last 4 weeks)
Yes,1,Khulna,Koyra,2,Baseline,Female,55,2,1,1,Non-Literate,Rikshaw puller/Van Pullar,NA,Yes,10 Liter,0,0,0,1,0,0,NA,NA,NA,NA,3,NA,NA,NA,Borehole with handpump,No,Other (please specify),0,0,0,0,0,0,0,1,N/A,12,4,28,No,No,NA,Not Satisfied,It is too far away,0,0,0,1,0,0,0,NA,Latrine/toilet,1,0,0,0,0,"Not applicable, no one between the ages of 3-17 lives in this household",0,0,0,0,1,0,0,"Not applicable, no one under 3 lives in this household",NA,"Yes, shows facility",Pit latrine,NA,NA,Bad ( dangeraous to stand on),Offers some privacy (has walls but no door),Yes,Yes,After defecation  After working in the dirt  Before eating Before praying Before food preparation,1,0,1,1,0,1,1,0,0,0,NA,3,Yes,Soap,Yes,No,NA,NA,NA,NA,NA,NA,NA,NA,No,NA,No,NA,NA,NA,HWISE Survey,Often (10-20 times in last 4 weeks),Sometimes (3–10 times in the last 4 weeks),Rarely (1–2 times in the last 4 weeks),Often (10-20 times in last 4 weeks),Sometimes (3–10 times in the last 4 weeks),Rarely (1–2 times in the last 4 weeks),Rarely (1–2 times in the last 4 weeks),Rarely (1–2 times in the last 4 weeks),Rarely (1–2 times in the last 4 weeks),Rarely (1–2 times in the last 4 weeks),Sometimes (3–10 times in the last 4 weeks),Sometimes (3–10 times in the last 4 weeks)
Yes,1,Khulna,Koyra,2,Baseline,Male,26,2,1,1,Primary Education,Day Labour,NA,Yes,20 Liter,0,1,0,0,0,0,NA,NA,2,NA,NA,NA,NA,NA,Borehole with handpump,No,Other (please specify),0,0,0,0,0,0,0,1,N/A,15,5,35,Yes,No,NA,Not Satisfied,It is too far away,0,0,0,1,0,0,0,NA,Latrine/toilet,1,0,0,0,0,"Not applicable, no one between the ages of 3-17 lives in this household",0,0,0,0,1,0,0,"Not applicable, no one under 3 lives in this household",NA,"Yes, shows facility",Pit latrine,NA,NA,Bad ( dangeraous to stand on),Offers some privacy (has walls but no door),Yes,Yes,Before eating After defecation  Before praying After working in the dirt,1,0,0,1,0,1,1,0,0,0,NA,2,Yes,Soap,Yes,No,NA,NA,NA,NA,NA,NA,NA,NA,No,NA,No,NA,NA,NA,HWISE Survey,Always (More than 20 times in last 4 weeks),Sometimes (3–10 times in the last 4 weeks),Rarely (1–2 times in the last 4 weeks),Sometimes (3–10 times in the last 4 weeks),Rarely (1–2 times in the last 4 weeks),Never,Never,Never,Rarely (1–2 times in the last 4 weeks),Never,Rarely (1–2 times in the last 4 weeks),Rarely (1–2 times in the last 4 weeks)
Yes,1,Khulna,Koyra,2,Baseline,Female,65,1,0,1,Non-Literate,Others (Please Specify),বেকার,Yes,10 Liter,0,0,0,1,0,0,NA,NA,NA,NA,1,NA,NA,NA,Borehole with handpump,No,Other (please specify),0,0,0,0,0,0,0,1,N/A,15,4,34,Yes,No,NA,Not Satisfied,It is too far away,0,0,0,1,0,0,0,NA,Latrine/toilet,1,0,0,0,0,"Not applicable, no one between the ages of 3-17 lives in this household",0,0,0,0,1,0,0,"Not applicable, no one under 3 lives in this household",NA,"Yes, shows facility",Pit latrine,NA,NA,Bad ( dangeraous to stand on),Offers little to no privacy (very poor quality),Yes,Yes,After defecation   Before eating Before praying After working in the dirt,1,0,0,1,0,1,1,0,0,0,NA,2,Yes,Soap,Yes,No,NA,NA,NA,NA,NA,NA,NA,NA,No,NA,No,NA,NA,NA,HWISE Survey,Always (More than 20 times in last 4 weeks),Rarely (1–2 times in the last 4 weeks),Sometimes (3–10 times in the last 4 weeks),Rarely (1–2 times in the last 4 weeks),Rarely (1–2 times in the last 4 weeks),Rarely (1–2 times in the last 4 weeks),Never,Never,Rarely (1–2 times in the last 4 weeks),Rarely (1–2 times in the last 4 weeks),Rarely (1–2 times in the last 4 weeks),Rarely (1–2 times in the last 4 weeks)
Yes,1,Khulna,Koyra,2,Baseline,Female,25,4,2,2,Primary Education,Business,NA,Yes,25 Liter,1,0,0,0,0,0,NA,1,NA,NA,NA,NA,NA,NA,Borehole with handpump,No,Other (please specify),0,0,0,0,0,0,0,1,N/A,10,3,23,Yes,No,NA,Neutral,NA,NA,NA,NA,NA,NA,NA,NA,NA,Latrine/toilet,1,0,0,0,0,Latrine/toilet,1,0,0,0,0,0,0,Child uses latrine,NA,"Yes, shows facility",Flush/pour flush,Septic Tank,Yes,Good condition (no cracks or gaps),Offers some privacy (has walls but no door),NA,Yes,After defecation  After cleaning or changing a baby Before food preparation  Before eating Before feeding child Before praying After working in the dirt,1,1,1,1,1,1,1,0,0,0,NA,5,Yes,Soap,Yes,No,NA,NA,NA,NA,NA,NA,NA,NA,No,NA,Yes,Yes,Yes,No,HWISE Survey,Often (10-20 times in last 4 weeks),Sometimes (3–10 times in the last 4 weeks),Rarely (1–2 times in the last 4 weeks),Rarely (1–2 times in the last 4 weeks),Sometimes (3–10 times in the last 4 weeks),Never,Never,Never,Rarely (1–2 times in the last 4 weeks),Never,Rarely (1–2 times in the last 4 weeks),Rarely (1–2 times in the last 4 weeks)
Yes,2,Khulna,Koyra,7,Baseline,Male,55,1,1,0,Primary Education,Farmer,NA,No,NA,NA,NA,NA,NA,NA,NA,NA,NA,NA,NA,NA,NA,NA,NA,Borehole with handpump,No,Other (please specify),0,0,0,0,0,0,0,1,N/A,10,10,30,No,No,NA,Not Satisfied,It is too far away,0,0,0,1,0,0,0,NA,Latrine/toilet,1,0,0,0,0,"Not applicable, no one between the ages of 3-17 lives in this household",0,0,0,0,1,0,0,"Not applicable, no one under 3 lives in this household",NA,"Yes, shows facility",Flush/pour flush,Septic Tank,No,"Medium (some damage, but safe to stand on)",Offers full privacy (has walls and a door ),NA,No,Before eating Before praying After working in the dirt,0,0,0,1,0,1,1,0,0,0,NA,1,Yes,None Shown,Yes,No,NA,NA,NA,NA,NA,NA,NA,NA,No,NA,Yes,Yes,Yes,No,HWISE Survey,Rarely (1–2 times in the last 4 weeks),Never,Never,Rarely (1–2 times in the last 4 weeks),Rarely (1–2 times in the last 4 weeks),Rarely (1–2 times in the last 4 weeks),Never,Never,Rarely (1–2 times in the last 4 weeks),Never,Never,Sometimes (3–10 times in the last 4 weeks)
Yes,2,Khulna,Koyra,7,Baseline,Female,35,5,1,4,Primary Education,Day Labour,NA,Yes,15 Liter,0,0,1,0,0,0,NA,NA,NA,1,NA,NA,NA,NA,Borehole with handpump,No,Other (please specify),0,0,0,0,0,0,0,1,N/A,10,30,50,No,No,NA,Not Satisfied,Long lines,1,0,0,0,0,0,0,NA,Latrine/toilet,1,0,0,0,0,Latrine/toilet,1,0,0,0,0,0,0,It is put or rinsed on the ground or in the open,NA,"Yes, shows facility",Pit latrine,NA,NA,Bad ( dangeraous to stand on),Offers full privacy (has walls and a door ),Yes,No,Before food preparation Before feeding child  Before eating After working in the dirt,0,0,1,1,1,0,1,0,0,0,NA,3,Yes,Soap,Yes,No,NA,NA,NA,NA,NA,NA,NA,NA,No,NA,Yes,Yes,Yes,No,HWISE Survey,Rarely (1–2 times in the last 4 weeks),Rarely (1–2 times in the last 4 weeks),Never,Never,Never,Never,Never,Never,Rarely (1–2 times in the last 4 weeks),Never,Never,Never
Yes,2,Khulna,Koyra,7,Baseline,Female,35,3,2,1,Primary Education,Day Labour,NA,Yes,Other (please specify),0,0,0,0,0,1,35,NA,NA,NA,NA,NA,3,35,Borehole with handpump,No,Other (please specify),0,0,0,0,0,0,0,1,N/A,10,30,50,No,No,NA,Satisfied,NA,NA,NA,NA,NA,NA,NA,NA,NA,Latrine/toilet,1,0,0,0,0,Latrine/toilet,1,0,0,0,0,0,0,"Not applicable, no one under 3 lives in this household",NA,"Yes, shows facility",Flush/pour flush,Septic Tank,No,Good condition (no cracks or gaps),Offers full privacy (has walls and a door ),NA,No,Before food preparation  Before eating Before praying After working in the dirt,0,0,1,1,0,1,1,0,0,0,NA,2,Yes,Soap,Yes,No,NA,NA,NA,NA,NA,NA,NA,NA,No,NA,Yes,Only for minor repairs,Yes,No,HWISE Survey,Never,Sometimes (3–10 times in the last 4 weeks),Never,Never,Never,Never,Never,Never,Never,Never,Never,Rarely (1–2 times in the last 4 weeks)
Yes,2,Khulna,Koyra,7,Baseline,Male,45,3,2,1,Non-Literate,Day Labour,NA,Yes,Other (please specify),0,0,0,0,0,1,32,NA,NA,NA,NA,NA,2,32,Borehole with handpump,No,Other (please specify),0,0,0,0,0,0,0,1,N/A,30,30,90,Yes,No,NA,Not Satisfied,Long lines,1,0,0,0,0,0,0,NA,Latrine/toilet,1,0,0,0,0,Latrine/toilet,1,0,0,0,0,0,0,"Not applicable, no one under 3 lives in this household",NA,"Yes, shows facility",Pit latrine,NA,NA,Bad ( dangeraous to stand on),Offers some privacy (has walls but no door),Yes,No,Before eating After working in the dirt After defecation,1,0,0,1,0,0,1,0,0,0,NA,2,Yes,Soap,Yes,No,NA,NA,NA,NA,NA,NA,NA,NA,No,NA,Yes,Only for minor repairs,Yes,No,HWISE Survey,Rarely (1–2 times in the last 4 weeks),Sometimes (3–10 times in the last 4 weeks),Rarely (1–2 times in the last 4 weeks),Rarely (1–2 times in the last 4 weeks),Never,Rarely (1–2 times in the last 4 weeks),Never,Rarely (1–2 times in the last 4 weeks),Rarely (1–2 times in the last 4 weeks),Rarely (1–2 times in the last 4 weeks),Rarely (1–2 times in the last 4 weeks),Rarely (1–2 times in the last 4 weeks)
Yes,2,Khulna,Koyra,7,Baseline,Female,30,4,2,2,Primary Education,Day Labour,NA,No,NA,NA,NA,NA,NA,NA,NA,NA,NA,NA,NA,NA,NA,NA,NA,Borehole with handpump,No,Other (please specify),0,0,0,0,0,0,0,1,N/A,10,5,25,Yes,No,NA,Not Satisfied,Long lines,1,0,0,0,0,0,0,NA,Latrine/toilet,1,0,0,0,0,Latrine/toilet,1,0,0,0,0,0,0,"Not applicable, no one under 3 lives in this household",NA,"Yes, shows facility",Flush/pour flush,Septic Tank,No,"Medium (some damage, but safe to stand on)",Offers some privacy (has walls but no door),NA,No,Before eating Before food preparation After defecation  After working in the dirt,1,0,1,1,0,0,1,0,0,0,NA,3,Yes,Soap,Yes,No,NA,NA,NA,NA,NA,NA,NA,NA,No,NA,Yes,Yes,No,Yes,HWISE Survey,Never,Never,Never,Rarely (1–2 times in the last 4 weeks),Rarely (1–2 times in the last 4 weeks),Rarely (1–2 times in the last 4 weeks),Never,Rarely (1–2 times in the last 4 weeks),Rarely (1–2 times in the last 4 weeks),Rarely (1–2 times in the last 4 weeks),Rarely (1–2 times in the last 4 weeks),Rarely (1–2 times in the last 4 weeks)
Yes,2,Khulna,Koyra,7,Baseline,Female,50,5,3,2,Secondary Education,Farmer,NA,No,NA,NA,NA,NA,NA,NA,NA,NA,NA,NA,NA,NA,NA,NA,NA,Borehole with handpump,No,Other (please specify),0,0,0,0,0,0,0,1,N/A,30,30,90,Yes,No,NA,Not Satisfied,It is too far away,0,0,0,1,0,0,0,NA,Latrine/toilet,1,0,0,0,0,Latrine/toilet,1,0,0,0,0,0,0,It is put or rinsed on the ground or in the open,NA,"Yes, shows facility",Flush/pour flush,Septic Tank,Yes,Good condition (no cracks or gaps),Offers full privacy (has walls and a door ),NA,No,Before food preparation After working in the dirt  Before eating,0,0,1,1,0,0,1,0,0,0,NA,2,Yes,Soap,Yes,No,NA,NA,NA,NA,NA,NA,NA,NA,No,NA,No,NA,NA,NA,HWISE Survey,Always (More than 20 times in last 4 weeks),Sometimes (3–10 times in the last 4 weeks),Rarely (1–2 times in the last 4 weeks),Never,Rarely (1–2 times in the last 4 weeks),Rarely (1–2 times in the last 4 weeks),Never,Never,Rarely (1–2 times in the last 4 weeks),Never,Rarely (1–2 times in the last 4 weeks),Rarely (1–2 times in the last 4 weeks)
Yes,2,Khulna,Koyra,7,Baseline,Female,25,4,1,3,Primary Education,Day Labour,NA,Yes,15 Liter,0,0,1,0,0,0,NA,NA,NA,1,NA,NA,NA,NA,Borehole with handpump,No,Other (please specify),0,0,0,0,0,0,0,1,N/A,30,10,70,Yes,No,NA,Satisfied,NA,NA,NA,NA,NA,NA,NA,NA,NA,Latrine/toilet,1,0,0,0,0,Latrine/toilet,1,0,0,0,0,0,0,"Not applicable, no one under 3 lives in this household",NA,"Yes, shows facility",Pit latrine,NA,NA,"Medium (some damage, but safe to stand on)",Offers some privacy (has walls but no door),Yes,No,After working in the dirt  Before eating After defecation,1,0,0,1,0,0,1,0,0,0,NA,2,Yes,Soap,Yes,No,NA,NA,NA,NA,NA,NA,NA,NA,No,NA,No,NA,NA,NA,HWISE Survey,Never,Sometimes (3–10 times in the last 4 weeks),Never,Never,Never,Never,Never,Never,Rarely (1–2 times in the last 4 weeks),Never,Never,Never
Yes,3,Khulna,Koyra,7,Baseline,Male,38,5,3,2,Primary Education,Day Labour,NA,Yes,25 Liter,1,0,0,0,0,0,NA,3,NA,NA,NA,NA,NA,NA,Borehole with handpump,No,Other (please specify),0,0,0,0,0,0,0,1,N/A,30,10,70,No,No,NA,Neutral,NA,NA,NA,NA,NA,NA,NA,NA,NA,Latrine/toilet,1,0,0,0,0,Latrine/toilet,1,0,0,0,0,0,0,It is put or rinsed on the ground or in the open,NA,"Yes, shows facility",Pit latrine,NA,NA,"Medium (some damage, but safe to stand on)",Offers full privacy (has walls and a door ),Yes,Yes,After defecation  After cleaning or changing a baby Before food preparation  Before eating Before feeding child Before praying After working in the dirt,1,1,1,1,1,1,1,0,0,0,NA,5,Yes,Soap,Yes,No,NA,NA,NA,NA,NA,NA,NA,NA,No,NA,No,NA,NA,NA,HWISE Survey,Always (More than 20 times in last 4 weeks),Often (10-20 times in last 4 weeks),Sometimes (3–10 times in the last 4 weeks),Sometimes (3–10 times in the last 4 weeks),Sometimes (3–10 times in the last 4 weeks),Sometimes (3–10 times in the last 4 weeks),Sometimes (3–10 times in the last 4 weeks),Sometimes (3–10 times in the last 4 weeks),Sometimes (3–10 times in the last 4 weeks),Rarely (1–2 times in the last 4 weeks),Sometimes (3–10 times in the last 4 weeks),Rarely (1–2 times in the last 4 weeks)
Yes,3,Khulna,Koyra,7,Baseline,Male,39,5,2,3,Primary Education,Business,NA,Yes,25 Liter,1,0,0,0,0,0,NA,3,NA,NA,NA,NA,NA,NA,Borehole with handpump,No,Other (please specify),0,0,0,0,0,0,0,1,N/A,60,20,140,No,No,NA,Neutral,NA,NA,NA,NA,NA,NA,NA,NA,NA,Latrine/toilet,1,0,0,0,0,Latrine/toilet,1,0,0,0,0,0,0,Decline to state,NA,"Yes, shows facility",Flush/pour flush,Septic Tank,No,"Medium (some damage, but safe to stand on)",Offers full privacy (has walls and a door ),NA,Yes,After defecation  After cleaning or changing a baby Before food preparation  Before eating Before feeding child Before praying After working in the dirt,1,1,1,1,1,1,1,0,0,0,NA,5,Yes,Soap,Yes,No,NA,NA,NA,NA,NA,NA,NA,NA,No,NA,No,NA,NA,NA,HWISE Survey,Always (More than 20 times in last 4 weeks),Often (10-20 times in last 4 weeks),Sometimes (3–10 times in the last 4 weeks),Always (More than 20 times in last 4 weeks),Sometimes (3–10 times in the last 4 weeks),Sometimes (3–10 times in the last 4 weeks),Sometimes (3–10 times in the last 4 weeks),Sometimes (3–10 times in the last 4 weeks),Sometimes (3–10 times in the last 4 weeks),Rarely (1–2 times in the last 4 weeks),Sometimes (3–10 times in the last 4 weeks),Sometimes (3–10 times in the last 4 weeks)
Yes,3,Khulna,Koyra,7,Baseline,Female,50,6,3,3,Primary Education,Day Labour,NA,Yes,20 Liter,0,1,0,0,0,0,NA,NA,30,NA,NA,NA,NA,NA,Borehole with handpump,No,Other (please specify),0,0,0,0,0,0,0,1,N/A,50,15,115,No,No,NA,Neutral,NA,NA,NA,NA,NA,NA,NA,NA,NA,Latrine/toilet,1,0,0,0,0,Latrine/toilet,1,0,0,0,0,0,0,It is put or rinsed on the ground or in the open,NA,"Yes, shows facility",Pit latrine,NA,NA,Bad ( dangeraous to stand on),Offers little to no privacy (very poor quality),Yes,Yes,After defecation  After cleaning or changing a baby Before food preparation  Before eating Before feeding child Before praying After working in the dirt,1,1,1,1,1,1,1,0,0,0,NA,5,Yes,Soap,Yes,No,NA,NA,NA,NA,NA,NA,NA,NA,No,NA,No,NA,NA,NA,HWISE Survey,Always (More than 20 times in last 4 weeks),Always (More than 20 times in last 4 weeks),Sometimes (3–10 times in the last 4 weeks),Often (10-20 times in last 4 weeks),Sometimes (3–10 times in the last 4 weeks),Often (10-20 times in last 4 weeks),Sometimes (3–10 times in the last 4 weeks),Often (10-20 times in last 4 weeks),Often (10-20 times in last 4 weeks),Rarely (1–2 times in the last 4 weeks),Sometimes (3–10 times in the last 4 weeks),Rarely (1–2 times in the last 4 weeks)
Yes,3,Khulna,Koyra,7,Baseline,Male,30,2,1,1,Non-Literate,Day Labour,NA,Yes,20 Liter,0,1,0,0,0,0,NA,NA,2,NA,NA,NA,NA,NA,Borehole with handpump,No,Other (please specify),0,0,0,0,0,0,0,1,N/A,20,5,45,No,No,NA,Satisfied,NA,NA,NA,NA,NA,NA,NA,NA,NA,Latrine/toilet,1,0,0,0,0,Latrine/toilet,1,0,0,0,0,0,0,Decline to state,NA,"Yes, shows facility",Pit latrine,NA,NA,Bad ( dangeraous to stand on),Offers little to no privacy (very poor quality),Yes,Yes,After defecation  After cleaning or changing a baby Before food preparation  Before eating Before feeding child Before praying After working in the dirt,1,1,1,1,1,1,1,0,0,0,NA,5,Yes,Soap,Yes,No,NA,NA,NA,NA,NA,NA,NA,NA,No,NA,No,NA,NA,NA,HWISE Survey,Always (More than 20 times in last 4 weeks),Always (More than 20 times in last 4 weeks),Sometimes (3–10 times in the last 4 weeks),Often (10-20 times in last 4 weeks),Often (10-20 times in last 4 weeks),Sometimes (3–10 times in the last 4 weeks),Often (10-20 times in last 4 weeks),Sometimes (3–10 times in the last 4 weeks),Sometimes (3–10 times in the last 4 weeks),Rarely (1–2 times in the last 4 weeks),Sometimes (3–10 times in the last 4 weeks),Sometimes (3–10 times in the last 4 weeks)
Yes,3,Khulna,Koyra,2,Baseline,Male,26,3,1,2,Primary Education,Shopkeeper,NA,Yes,20 Liter,0,1,0,0,0,0,NA,NA,2,NA,NA,NA,NA,NA,Borehole with handpump,No,Other (please specify),0,0,0,0,0,0,0,1,N/A,20,5,45,No,No,NA,Satisfied,NA,NA,NA,NA,NA,NA,NA,NA,NA,Latrine/toilet,1,0,0,0,0,Latrine/toilet,1,0,0,0,0,0,0,It is put or rinsed on the ground or in the open,NA,"Yes, shows facility",Pit latrine,NA,NA,Bad ( dangeraous to stand on),Offers little to no privacy (very poor quality),No,Yes,After defecation   Before eating Before feeding child Before praying After working in the dirt Before food preparation,1,0,1,1,1,1,1,0,0,0,NA,4,Yes,Soap,Yes,No,NA,NA,NA,NA,NA,NA,NA,NA,No,NA,No,NA,NA,NA,HWISE Survey,Always (More than 20 times in last 4 weeks),Sometimes (3–10 times in the last 4 weeks),Sometimes (3–10 times in the last 4 weeks),Often (10-20 times in last 4 weeks),Sometimes (3–10 times in the last 4 weeks),Sometimes (3–10 times in the last 4 weeks),Sometimes (3–10 times in the last 4 weeks),Sometimes (3–10 times in the last 4 weeks),Often (10-20 times in last 4 weeks),Sometimes (3–10 times in the last 4 weeks),Sometimes (3–10 times in the last 4 weeks),Sometimes (3–10 times in the last 4 weeks)
Yes,3,Khulna,Koyra,2,Baseline,Female,40,5,1,4,Primary Education,Shopkeeper,NA,Yes,25 Liter,1,0,0,0,0,0,NA,3,NA,NA,NA,NA,NA,NA,Borehole with handpump,No,Other (please specify),0,0,0,0,0,0,0,1,N/A,20,9,49,No,No,NA,Neutral,NA,NA,NA,NA,NA,NA,NA,NA,NA,Latrine/toilet,1,0,0,0,0,Latrine/toilet,1,0,0,0,0,0,0,It is put or rinse into garbage bin,NA,"Yes, shows facility",Pit latrine,NA,NA,Bad ( dangeraous to stand on),Offers little to no privacy (very poor quality),Yes,Yes,After defecation  After cleaning or changing a baby Before food preparation  Before eating Before feeding child Before praying After working in the dirt,1,1,1,1,1,1,1,0,0,0,NA,5,Yes,Soap,Yes,No,NA,NA,NA,NA,NA,NA,NA,NA,No,NA,No,NA,NA,NA,HWISE Survey,Always (More than 20 times in last 4 weeks),Always (More than 20 times in last 4 weeks),Often (10-20 times in last 4 weeks),Often (10-20 times in last 4 weeks),Often (10-20 times in last 4 weeks),Often (10-20 times in last 4 weeks),Sometimes (3–10 times in the last 4 weeks),Sometimes (3–10 times in the last 4 weeks),Sometimes (3–10 times in the last 4 weeks),Rarely (1–2 times in the last 4 weeks),Sometimes (3–10 times in the last 4 weeks),Sometimes (3–10 times in the last 4 weeks)
Yes,3,Khulna,Koyra,2,Baseline,Female,27,7,3,4,Non-Literate,Shopkeeper,NA,Yes,25 Liter,1,0,0,0,0,0,NA,3,NA,NA,NA,NA,NA,NA,Borehole with handpump,No,Other (please specify),0,0,0,0,0,0,0,1,N/A,25,10,60,No,No,NA,Neutral,NA,NA,NA,NA,NA,NA,NA,NA,NA,Latrine/toilet,1,0,0,0,0,Latrine/toilet,1,0,0,0,0,0,0,Decline to state,NA,"Yes, shows facility",Flush/pour flush,Septic Tank,No,Bad ( dangeraous to stand on),Offers full privacy (has walls and a door ),NA,Yes,After defecation  After cleaning or changing a baby Before food preparation  Before eating Before feeding child Before praying After working in the dirt,1,1,1,1,1,1,1,0,0,0,NA,5,Yes,Soap,Yes,No,NA,NA,NA,NA,NA,NA,NA,NA,No,NA,No,NA,NA,NA,HWISE Survey,Always (More than 20 times in last 4 weeks),Always (More than 20 times in last 4 weeks),Sometimes (3–10 times in the last 4 weeks),Often (10-20 times in last 4 weeks),Sometimes (3–10 times in the last 4 weeks),Sometimes (3–10 times in the last 4 weeks),Often (10-20 times in last 4 weeks),Sometimes (3–10 times in the last 4 weeks),Often (10-20 times in last 4 weeks),Sometimes (3–10 times in the last 4 weeks),Sometimes (3–10 times in the last 4 weeks),Sometimes (3–10 times in the last 4 weeks)
Yes,6,Khulna,Koyra,1,Baseline,Female,35,7,4,3,Primary Education,Day Labour,NA,Yes,10 Liter,0,0,0,1,0,0,NA,NA,NA,NA,2,NA,NA,NA,Borehole with handpump,No,Other (please specify),0,0,0,0,0,0,0,1,N/A,3,10,16,No,No,NA,Satisfied,NA,NA,NA,NA,NA,NA,NA,NA,NA,Latrine/toilet,1,0,0,0,0,Latrine/toilet,1,0,0,0,0,0,0,"Not applicable, no one under 3 lives in this household",NA,"Yes, shows facility",Pit latrine,NA,NA,"Medium (some damage, but safe to stand on)",Offers some privacy (has walls but no door),Yes,Yes,After defecation   Before eating After working in the dirt Before food preparation,1,0,1,1,0,0,1,0,0,0,NA,3,Yes,Soap,Yes,No,NA,NA,NA,NA,NA,NA,NA,NA,No,NA,No,NA,NA,NA,HWISE Survey,Sometimes (3–10 times in the last 4 weeks),Often (10-20 times in last 4 weeks),Sometimes (3–10 times in the last 4 weeks),Rarely (1–2 times in the last 4 weeks),Never,Never,Never,Never,Rarely (1–2 times in the last 4 weeks),Rarely (1–2 times in the last 4 weeks),Rarely (1–2 times in the last 4 weeks),Sometimes (3–10 times in the last 4 weeks)
Yes,6,Khulna,Koyra,1,Baseline,Male,67,7,3,4,Non-Literate,Day Labour,NA,Yes,15 Liter,0,0,1,0,0,0,NA,NA,NA,9,NA,NA,NA,NA,Borehole with handpump,No,Other (please specify),0,0,0,0,0,0,0,1,N/A,15,10,40,No,No,NA,Neutral,NA,NA,NA,NA,NA,NA,NA,NA,NA,Latrine/toilet,1,0,0,0,0,Latrine/toilet,1,0,0,0,0,0,0,"Not applicable, no one under 3 lives in this household",NA,"Yes, shows facility",Pit latrine,NA,NA,Bad ( dangeraous to stand on),Offers little to no privacy (very poor quality),Yes,Yes,After defecation  After working in the dirt  Before eating Before praying,1,0,0,1,0,1,1,0,0,0,NA,2,Yes,Soap,Yes,No,NA,NA,NA,NA,NA,NA,NA,NA,No,NA,No,NA,NA,NA,HWISE Survey,Sometimes (3–10 times in the last 4 weeks),Often (10-20 times in last 4 weeks),Sometimes (3–10 times in the last 4 weeks),Sometimes (3–10 times in the last 4 weeks),Rarely (1–2 times in the last 4 weeks),Rarely (1–2 times in the last 4 weeks),Never,Never,Rarely (1–2 times in the last 4 weeks),Never,Rarely (1–2 times in the last 4 weeks),Often (10-20 times in last 4 weeks)
Yes,6,Khulna,Koyra,1,Baseline,Female,37,7,3,4,Primary Education,Day Labour,NA,Yes,10 Liter,0,0,0,1,0,0,NA,NA,NA,NA,3,NA,NA,NA,Borehole with handpump,No,Other (please specify),0,0,0,0,0,0,0,1,N/A,15,10,40,No,No,NA,Neutral,NA,NA,NA,NA,NA,NA,NA,NA,NA,Latrine/toilet,1,0,0,0,0,Latrine/toilet,1,0,0,0,0,0,0,"Not applicable, no one under 3 lives in this household",NA,"Yes, shows facility",Pit latrine,NA,NA,Good condition (no cracks or gaps),Offers full privacy (has walls and a door ),Yes,Yes,After defecation   Before eating Before food preparation After working in the dirt Before praying,1,0,1,1,0,1,1,0,0,0,NA,3,Yes,Soap,Yes,No,NA,NA,NA,NA,NA,NA,NA,NA,No,NA,No,NA,NA,NA,HWISE Survey,Sometimes (3–10 times in the last 4 weeks),Often (10-20 times in last 4 weeks),Sometimes (3–10 times in the last 4 weeks),Rarely (1–2 times in the last 4 weeks),Rarely (1–2 times in the last 4 weeks),Rarely (1–2 times in the last 4 weeks),Never,Never,Rarely (1–2 times in the last 4 weeks),Rarely (1–2 times in the last 4 weeks),Rarely (1–2 times in the last 4 weeks),Sometimes (3–10 times in the last 4 weeks)
Yes,6,Khulna,Koyra,1,Baseline,Female,40,4,3,1,Non-Literate,Business,NA,Yes,15 Liter,0,0,1,0,0,0,NA,NA,NA,2,NA,NA,NA,NA,Borehole with handpump,No,Other (please specify),0,0,0,0,0,0,0,1,N/A,15,10,40,No,No,NA,Neutral,NA,NA,NA,NA,NA,NA,NA,NA,NA,Latrine/toilet,1,0,0,0,0,Latrine/toilet,1,0,0,0,0,0,0,"Not applicable, no one under 3 lives in this household",NA,"Yes, shows facility",Flush/pour flush,Septic Tank,Yes,Good condition (no cracks or gaps),Offers full privacy (has walls and a door ),NA,Yes,After defecation   Before eating Before food preparation After working in the dirt Before praying,1,0,1,1,0,1,1,0,0,0,NA,3,Yes,Soap,Yes,No,NA,NA,NA,NA,NA,NA,NA,NA,No,NA,No,NA,NA,NA,HWISE Survey,Sometimes (3–10 times in the last 4 weeks),Often (10-20 times in last 4 weeks),Rarely (1–2 times in the last 4 weeks),Rarely (1–2 times in the last 4 weeks),Rarely (1–2 times in the last 4 weeks),Never,Never,Never,Rarely (1–2 times in the last 4 weeks),Never,Rarely (1–2 times in the last 4 weeks),Sometimes (3–10 times in the last 4 weeks)
Yes,6,Khulna,Koyra,1,Baseline,Female,25,3,2,1,Primary Education,Day Labour,NA,No,NA,NA,NA,NA,NA,NA,NA,NA,NA,NA,NA,NA,NA,NA,NA,Borehole with handpump,No,Other (please specify),0,0,0,0,0,0,0,1,N/A,10,15,35,No,No,NA,Neutral,NA,NA,NA,NA,NA,NA,NA,NA,NA,Latrine/toilet,1,0,0,0,0,Latrine/toilet,1,0,0,0,0,0,0,Child uses latrine,NA,"Yes, shows facility",Pit latrine,NA,NA,Bad ( dangeraous to stand on),Offers little to no privacy (very poor quality),No,Yes,After defecation   Before eating After working in the dirt Before food preparation,1,0,1,1,0,0,1,0,0,0,NA,3,Yes,Soap,Yes,No,NA,NA,NA,NA,NA,NA,NA,NA,No,NA,No,NA,NA,NA,HWISE Survey,Sometimes (3–10 times in the last 4 weeks),Often (10-20 times in last 4 weeks),Sometimes (3–10 times in the last 4 weeks),Rarely (1–2 times in the last 4 weeks),Rarely (1–2 times in the last 4 weeks),Rarely (1–2 times in the last 4 weeks),Never,Never,Never,Rarely (1–2 times in the last 4 weeks),Rarely (1–2 times in the last 4 weeks),Sometimes (3–10 times in the last 4 weeks)
Yes,6,Khulna,Koyra,2,Baseline,Female,35,4,3,1,Non-Literate,Day Labour,NA,Yes,15 Liter,0,0,1,0,0,0,NA,NA,NA,5,NA,NA,NA,NA,Borehole with handpump,No,Other (please specify),0,0,0,0,0,0,0,1,N/A,10,30,50,Yes,No,NA,Not Satisfied,Long lines It is too far away,1,0,0,1,0,0,0,NA,Latrine/toilet,1,0,0,0,0,Latrine/toilet,1,0,0,0,0,0,0,"Not applicable, no one under 3 lives in this household",NA,"Yes, shows facility",Pit latrine,NA,NA,Good condition (no cracks or gaps),Offers full privacy (has walls and a door ),Yes,Yes,After defecation  After working in the dirt  Before eating Before food preparation,1,0,1,1,0,0,1,0,0,0,NA,3,Yes,Soap,Yes,No,NA,NA,NA,NA,NA,NA,NA,NA,No,NA,No,NA,NA,NA,HWISE Survey,Rarely (1–2 times in the last 4 weeks),Sometimes (3–10 times in the last 4 weeks),Rarely (1–2 times in the last 4 weeks),Rarely (1–2 times in the last 4 weeks),Rarely (1–2 times in the last 4 weeks),Rarely (1–2 times in the last 4 weeks),Never,Never,Rarely (1–2 times in the last 4 weeks),Never,Rarely (1–2 times in the last 4 weeks),Rarely (1–2 times in the last 4 weeks)
Yes,5,Khulna,Koyra,1,Baseline,Female,35,3,2,1,Primary Education,Day Labour,NA,Yes,20 Liter,0,1,0,0,0,0,NA,NA,2,NA,NA,NA,NA,NA,Borehole with handpump,No,Other (please specify),0,0,0,0,0,0,0,1,N/A,30,10,70,Yes,No,NA,Satisfied,NA,NA,NA,NA,NA,NA,NA,NA,NA,Latrine/toilet,1,0,0,0,0,Latrine/toilet,1,0,0,0,0,0,0,"Not applicable, no one under 3 lives in this household",NA,"Yes, shows facility",Pit latrine,NA,NA,"Medium (some damage, but safe to stand on)",Offers some privacy (has walls but no door),Yes,Yes,After defecation  Before food preparation  Before eating After working in the dirt Before feeding child,1,0,1,1,1,0,1,0,0,0,NA,4,Yes,Soap,Yes,No,NA,NA,NA,NA,NA,NA,NA,NA,No,NA,No,NA,NA,NA,HWISE Survey,Rarely (1–2 times in the last 4 weeks),Never,Sometimes (3–10 times in the last 4 weeks),Sometimes (3–10 times in the last 4 weeks),Never,Rarely (1–2 times in the last 4 weeks),Rarely (1–2 times in the last 4 weeks),Rarely (1–2 times in the last 4 weeks),Never,Never,Rarely (1–2 times in the last 4 weeks),Never
Yes,5,Khulna,Koyra,1,Baseline,Female,50,4,3,1,Non-Literate,Business,NA,Yes,20 Liter,0,1,0,0,0,0,NA,NA,2,NA,NA,NA,NA,NA,Borehole with handpump,No,Other (please specify),0,0,0,0,0,0,0,1,N/A,30,5,65,No,No,NA,Satisfied,NA,NA,NA,NA,NA,NA,NA,NA,NA,Latrine/toilet,1,0,0,0,0,"Not applicable, no one between the ages of 3-17 lives in this household",0,0,0,0,1,0,0,"Not applicable, no one under 3 lives in this household",NA,"Yes, shows facility",Pit latrine,NA,NA,Good condition (no cracks or gaps),Offers full privacy (has walls and a door ),Yes,Yes,After defecation  Before food preparation  Before eating After working in the dirt Before praying,1,0,1,1,0,1,1,0,0,0,NA,3,Yes,Soap,Yes,No,NA,NA,NA,NA,NA,NA,NA,NA,No,NA,No,NA,NA,NA,HWISE Survey,Sometimes (3–10 times in the last 4 weeks),Never,Never,Rarely (1–2 times in the last 4 weeks),Never,Rarely (1–2 times in the last 4 weeks),Never,Rarely (1–2 times in the last 4 weeks),Never,Never,Sometimes (3–10 times in the last 4 weeks),Never
Yes,5,Khulna,Koyra,1,Baseline,Female,25,4,2,2,Non-Literate,Rikshaw puller/Van Pullar,NA,Yes,20 Liter,0,1,0,0,0,0,NA,NA,2,NA,NA,NA,NA,NA,Borehole with handpump,No,Other (please specify),0,0,0,0,0,0,0,1,N/A,30,10,70,Yes,No,NA,Satisfied,NA,NA,NA,NA,NA,NA,NA,NA,NA,Latrine/toilet,1,0,0,0,0,Potty,0,1,0,0,0,0,0,It is put or rinsed into latrine,NA,"Yes, shows facility",Pit latrine,NA,NA,Good condition (no cracks or gaps),Offers full privacy (has walls and a door ),Yes,Yes,After defecation  After cleaning or changing a baby Before food preparation  Before eating Before feeding child Before praying After working in the dirt,1,1,1,1,1,1,1,0,0,0,NA,5,Yes,Soap,Yes,No,NA,NA,NA,NA,NA,NA,NA,NA,No,NA,No,NA,NA,NA,HWISE Survey,Never,Never,Rarely (1–2 times in the last 4 weeks),Rarely (1–2 times in the last 4 weeks),Never,Rarely (1–2 times in the last 4 weeks),Never,Never,Never,Rarely (1–2 times in the last 4 weeks),Rarely (1–2 times in the last 4 weeks),Never
Yes,5,Khulna,Koyra,1,Baseline,Male,52,3,2,1,Secondary Education,Farmer,NA,Yes,20 Liter,0,1,0,0,0,0,NA,NA,3,NA,NA,NA,NA,NA,Borehole with handpump,No,Other (please specify),0,0,0,0,0,0,0,1,N/A,25,5,55,No,No,NA,Satisfied,NA,NA,NA,NA,NA,NA,NA,NA,NA,Latrine/toilet,1,0,0,0,0,Latrine/toilet,1,0,0,0,0,0,0,"Not applicable, no one under 3 lives in this household",NA,"Yes, shows facility",Pit latrine,NA,NA,Good condition (no cracks or gaps),Offers little to no privacy (very poor quality),Yes,Yes,After defecation  Before food preparation  Before eating Before praying After working in the dirt,1,0,1,1,0,1,1,0,0,0,NA,3,Yes,Soap,Yes,No,NA,NA,NA,NA,NA,NA,NA,NA,No,NA,No,NA,NA,NA,HWISE Survey,Rarely (1–2 times in the last 4 weeks),Rarely (1–2 times in the last 4 weeks),Never,Never,Never,Never,Never,Rarely (1–2 times in the last 4 weeks),Sometimes (3–10 times in the last 4 weeks),Rarely (1–2 times in the last 4 weeks),Rarely (1–2 times in the last 4 weeks),Never
Yes,5,Khulna,Koyra,1,Baseline,Male,60,2,1,1,Non-Literate,Farmer,NA,Yes,15 Liter,0,0,1,0,0,0,NA,NA,NA,2,NA,NA,NA,NA,Borehole with handpump,No,Other (please specify),0,0,0,0,0,0,0,1,N/A,20,5,45,No,No,NA,Satisfied,NA,NA,NA,NA,NA,NA,NA,NA,NA,Latrine/toilet,1,0,0,0,0,"Not applicable, no one between the ages of 3-17 lives in this household",0,0,0,0,1,0,0,"Not applicable, no one under 3 lives in this household",NA,"Yes, shows facility",Pit latrine,NA,NA,Good condition (no cracks or gaps),Offers little to no privacy (very poor quality),Yes,Yes,After defecation  Before food preparation  Before eating Before praying After working in the dirt,1,0,1,1,0,1,1,0,0,0,NA,3,Yes,Soap,Yes,No,NA,NA,NA,NA,NA,NA,NA,NA,No,NA,No,NA,NA,NA,HWISE Survey,Rarely (1–2 times in the last 4 weeks),Never,Rarely (1–2 times in the last 4 weeks),Never,Never,Rarely (1–2 times in the last 4 weeks),Never,Never,Never,Rarely (1–2 times in the last 4 weeks),Sometimes (3–10 times in the last 4 weeks),Never
Yes,5,Khulna,Koyra,2,Baseline,Female,32,5,4,1,Non-Literate,Farmer,NA,Yes,20 Liter,0,1,0,0,0,0,NA,NA,3,NA,NA,NA,NA,NA,Borehole with handpump,No,Other (please specify),0,0,0,0,0,0,0,1,N/A,5,2,12,Yes,No,NA,Satisfied,NA,NA,NA,NA,NA,NA,NA,NA,NA,Latrine/toilet,1,0,0,0,0,Latrine/toilet,1,0,0,0,0,0,0,"Not applicable, no one under 3 lives in this household",NA,"Yes, shows facility",Pit latrine,NA,NA,"Medium (some damage, but safe to stand on)",Offers some privacy (has walls but no door),Yes,Yes,After defecation  Before food preparation  Before eating Before praying After working in the dirt,1,0,1,1,0,1,1,0,0,0,NA,3,Yes,Soap,Yes,No,NA,NA,NA,NA,NA,NA,NA,NA,No,NA,No,NA,NA,NA,HWISE Survey,Sometimes (3–10 times in the last 4 weeks),Rarely (1–2 times in the last 4 weeks),Sometimes (3–10 times in the last 4 weeks),Never,Never,Sometimes (3–10 times in the last 4 weeks),Never,Rarely (1–2 times in the last 4 weeks),Rarely (1–2 times in the last 4 weeks),Never,Sometimes (3–10 times in the last 4 weeks),Sometimes (3–10 times in the last 4 weeks)
Yes,4,Khulna,Koyra,2,Baseline,Female,35,4,2,2,Non-Literate,Day Labour,NA,Yes,25 Liter,1,0,0,0,0,0,NA,2,NA,NA,NA,NA,NA,NA,Borehole with handpump,Yes,NA,NA,NA,NA,NA,NA,NA,NA,NA,NA,40,20,100,Yes,No,NA,Not Satisfied,It is too far away Long lines,1,0,0,1,0,0,0,NA,Latrine/toilet,1,0,0,0,0,Latrine/toilet,1,0,0,0,0,0,0,"Not applicable, no one under 3 lives in this household",NA,"Yes, shows facility",Pit latrine,NA,NA,"Medium (some damage, but safe to stand on)",Offers some privacy (has walls but no door),No,No,After defecation  Before food preparation  Before eating After working in the dirt,1,0,1,1,0,0,1,0,0,0,NA,3,Yes,Soap,Yes,No,NA,NA,NA,NA,NA,NA,NA,NA,No,NA,Yes,No,Yes,No,HWISE Survey,Sometimes (3–10 times in the last 4 weeks),Rarely (1–2 times in the last 4 weeks),Sometimes (3–10 times in the last 4 weeks),Often (10-20 times in last 4 weeks),Rarely (1–2 times in the last 4 weeks),Sometimes (3–10 times in the last 4 weeks),Rarely (1–2 times in the last 4 weeks),Sometimes (3–10 times in the last 4 weeks),Rarely (1–2 times in the last 4 weeks),Never,Sometimes (3–10 times in the last 4 weeks),Rarely (1–2 times in the last 4 weeks)
Yes,4,Khulna,Koyra,2,Baseline,Male,40,6,2,4,Non-Literate,Others (Please Specify),Workless,Yes,25 Liter,1,0,0,0,0,0,NA,4,NA,NA,NA,NA,NA,NA,Borehole with handpump,Yes,NA,NA,NA,NA,NA,NA,NA,NA,NA,NA,40,20,100,Yes,Yes,Yes,Not Satisfied,Long lines It is too far away,1,0,0,1,0,0,0,NA,Latrine/toilet,1,0,0,0,0,Latrine/toilet,1,0,0,0,0,0,0,"Not applicable, no one under 3 lives in this household",NA,"Yes, shows facility",Pit latrine,NA,NA,"Medium (some damage, but safe to stand on)",Offers some privacy (has walls but no door),No,No,After defecation  Before food preparation  Before eating After working in the dirt,1,0,1,1,0,0,1,0,0,0,NA,3,Yes,Other cleanser or detergent,Yes,No,NA,NA,NA,NA,NA,NA,NA,NA,Yes,For Sanitation,Yes,No,Yes,No,HWISE Survey,Rarely (1–2 times in the last 4 weeks),Rarely (1–2 times in the last 4 weeks),Sometimes (3–10 times in the last 4 weeks),Never,Rarely (1–2 times in the last 4 weeks),Rarely (1–2 times in the last 4 weeks),Sometimes (3–10 times in the last 4 weeks),Rarely (1–2 times in the last 4 weeks),Rarely (1–2 times in the last 4 weeks),Rarely (1–2 times in the last 4 weeks),Rarely (1–2 times in the last 4 weeks),Sometimes (3–10 times in the last 4 weeks)
Yes,4,Khulna,Koyra,2,Baseline,Female,37,2,1,1,Secondary Education,Day Labour,NA,Yes,10 Liter,0,0,0,1,0,0,NA,NA,NA,NA,16,NA,NA,NA,Borehole with handpump,Yes,NA,NA,NA,NA,NA,NA,NA,NA,NA,NA,30,20,80,Yes,Yes,Yes,Not Satisfied,Long lines It is too far away,1,0,0,1,0,0,0,NA,Latrine/toilet,1,0,0,0,0,Latrine/toilet,1,0,0,0,0,0,0,"Not applicable, no one under 3 lives in this household",NA,"Yes, shows facility",Pit latrine,NA,NA,"Medium (some damage, but safe to stand on)",Offers full privacy (has walls and a door ),Yes,No,After defecation  Before food preparation After working in the dirt,1,0,1,0,0,0,1,0,0,0,NA,2,Yes,Soap,Yes,No,NA,NA,NA,NA,NA,NA,NA,NA,No,NA,Yes,No,Yes,No,HWISE Survey,Sometimes (3–10 times in the last 4 weeks),Sometimes (3–10 times in the last 4 weeks),Rarely (1–2 times in the last 4 weeks),Rarely (1–2 times in the last 4 weeks),Sometimes (3–10 times in the last 4 weeks),Sometimes (3–10 times in the last 4 weeks),Rarely (1–2 times in the last 4 weeks),Rarely (1–2 times in the last 4 weeks),Rarely (1–2 times in the last 4 weeks),Rarely (1–2 times in the last 4 weeks),Rarely (1–2 times in the last 4 weeks),Rarely (1–2 times in the last 4 weeks)
Yes,4,Khulna,Koyra,2,Baseline,Female,19,3,1,2,Primary Education,Others (Please Specify),Workless,Yes,20 Liter,0,1,0,0,0,0,NA,NA,3,NA,NA,NA,NA,NA,Borehole with handpump,Yes,NA,NA,NA,NA,NA,NA,NA,NA,NA,NA,30,10,70,Yes,Yes,Yes,Not Satisfied,It is too far away Long lines,1,0,0,1,0,0,0,NA,Latrine/toilet,1,0,0,0,0,Potty,0,1,0,0,0,0,0,It is put or rinse into garbage bin,NA,"Yes, shows facility",Pit latrine,NA,NA,"Medium (some damage, but safe to stand on)",Offers full privacy (has walls and a door ),Yes,No,After defecation  Before food preparation  Before eating After working in the dirt,1,0,1,1,0,0,1,0,0,0,NA,3,Yes,Soap,Yes,No,NA,NA,NA,NA,NA,NA,NA,NA,No,NA,No,NA,NA,NA,HWISE Survey,Rarely (1–2 times in the last 4 weeks),Sometimes (3–10 times in the last 4 weeks),Rarely (1–2 times in the last 4 weeks),Rarely (1–2 times in the last 4 weeks),Rarely (1–2 times in the last 4 weeks),Rarely (1–2 times in the last 4 weeks),Rarely (1–2 times in the last 4 weeks),Rarely (1–2 times in the last 4 weeks),Rarely (1–2 times in the last 4 weeks),Rarely (1–2 times in the last 4 weeks),Sometimes (3–10 times in the last 4 weeks),Sometimes (3–10 times in the last 4 weeks)
Yes,4,Khulna,Koyra,2,Baseline,Female,50,6,3,3,Primary Education,Business,NA,Yes,20 Liter,0,1,0,0,0,0,NA,NA,3,NA,NA,NA,NA,NA,Borehole with handpump,No,Other (please specify),0,0,0,0,0,0,0,1,Own,20,5,45,Yes,No,NA,Not Satisfied,It is too far away,0,0,0,1,0,0,0,NA,Latrine/toilet,1,0,0,0,0,Latrine/toilet,1,0,0,0,0,0,0,"Not applicable, no one under 3 lives in this household",NA,"Yes, shows facility",Pit latrine,NA,NA,"Medium (some damage, but safe to stand on)",Offers full privacy (has walls and a door ),Yes,No,After defecation  Before food preparation  Before eating After working in the dirt,1,0,1,1,0,0,1,0,0,0,NA,3,Yes,Soap,Yes,No,NA,NA,NA,NA,NA,NA,NA,NA,Yes,For Sanitation,No,NA,NA,NA,HWISE Survey,Sometimes (3–10 times in the last 4 weeks),Sometimes (3–10 times in the last 4 weeks),Sometimes (3–10 times in the last 4 weeks),Rarely (1–2 times in the last 4 weeks),Rarely (1–2 times in the last 4 weeks),Sometimes (3–10 times in the last 4 weeks),Rarely (1–2 times in the last 4 weeks),Sometimes (3–10 times in the last 4 weeks),Rarely (1–2 times in the last 4 weeks),Rarely (1–2 times in the last 4 weeks),Rarely (1–2 times in the last 4 weeks),Sometimes (3–10 times in the last 4 weeks)
Yes,4,Khulna,Koyra,2,Baseline,Female,26,5,2,3,Non-Literate,Day Labour,NA,Yes,20 Liter,0,1,0,0,0,0,NA,NA,2,NA,NA,NA,NA,NA,Borehole with handpump,No,Other (please specify),0,0,0,0,0,0,0,1,Owner,20,20,60,Yes,Yes,Yes,Not Satisfied,Long lines It is too far away,1,0,0,1,0,0,0,NA,Latrine/toilet,1,0,0,0,0,Latrine/toilet,1,0,0,0,0,0,0,"Not applicable, no one under 3 lives in this household",NA,"Yes, shows facility",Pit latrine,NA,NA,"Medium (some damage, but safe to stand on)",Offers some privacy (has walls but no door),Yes,No,After defecation  Before food preparation  Before eating Before feeding child After working in the dirt,1,0,1,1,1,0,1,0,0,0,NA,4,Yes,Soap,Yes,No,NA,NA,NA,NA,NA,NA,NA,NA,No,NA,Yes,No,No,No,HWISE Survey,Rarely (1–2 times in the last 4 weeks),Sometimes (3–10 times in the last 4 weeks),Rarely (1–2 times in the last 4 weeks),Sometimes (3–10 times in the last 4 weeks),Rarely (1–2 times in the last 4 weeks),Sometimes (3–10 times in the last 4 weeks),Sometimes (3–10 times in the last 4 weeks),Rarely (1–2 times in the last 4 weeks),Rarely (1–2 times in the last 4 weeks),Sometimes (3–10 times in the last 4 weeks),Rarely (1–2 times in the last 4 weeks),Rarely (1–2 times in the last 4 weeks)
Yes,9,Bagerhat,Morrelganj,3,Baseline,Female,58,2,1,1,Secondary Education,Shopkeeper,NA,Yes,15 Liter,0,0,1,0,0,0,NA,NA,NA,2,NA,NA,NA,NA,"Surface water (river, dam, lake, pond, stream, canal, irrigation channels)",No,Other (please specify),0,0,0,0,0,0,0,1,N/A,30,1,61,No,No,NA,Not Satisfied,It is too far away Water tastes bad,0,0,1,1,0,0,0,NA,Latrine/toilet,1,0,0,0,0,"Not applicable, no one between the ages of 3-17 lives in this household",0,0,0,0,1,0,0,"Not applicable, no one under 3 lives in this household",NA,"Yes, shows facility",Pit latrine,NA,NA,"Medium (some damage, but safe to stand on)",Offers full privacy (has walls and a door ),Yes,Yes,After defecation  Before food preparation  Before eating Before praying After working in the dirt,1,0,1,1,0,1,1,0,0,0,NA,3,Yes,Soap,Yes,No,NA,NA,NA,NA,NA,NA,NA,NA,No,NA,No,NA,NA,NA,HWISE Survey,Sometimes (3–10 times in the last 4 weeks),Sometimes (3–10 times in the last 4 weeks),Never,Never,Sometimes (3–10 times in the last 4 weeks),Never,Rarely (1–2 times in the last 4 weeks),Never,Rarely (1–2 times in the last 4 weeks),Never,Never,Never
Yes,9,Bagerhat,Morrelganj,3,Baseline,Female,40,4,3,1,Primary Education,Others (Please Specify),বেকার,Yes,25 Liter,1,0,0,0,0,0,NA,2,NA,NA,NA,NA,NA,NA,"Surface water (river, dam, lake, pond, stream, canal, irrigation channels)",No,Other (please specify),0,0,0,0,0,0,0,1,N/A,30,0,60,No,No,NA,Not Satisfied,Water tastes bad,0,0,1,0,0,0,0,NA,Latrine/toilet,1,0,0,0,0,Latrine/toilet,1,0,0,0,0,0,0,"Not applicable, no one under 3 lives in this household",NA,"Yes, shows facility",Hanging toilet/hanging latrine,NA,NA,Bad ( dangeraous to stand on),No superstructure at all,NA,Yes,After defecation  Before food preparation  Before eating Before praying,1,0,1,1,0,1,0,0,0,0,NA,3,Yes,Soap,Yes,No,NA,NA,NA,NA,NA,NA,NA,NA,Yes,নিরাপদ পানির জন্য,No,NA,NA,NA,HWISE Survey,Often (10-20 times in last 4 weeks),Often (10-20 times in last 4 weeks),Rarely (1–2 times in the last 4 weeks),Rarely (1–2 times in the last 4 weeks),Sometimes (3–10 times in the last 4 weeks),Rarely (1–2 times in the last 4 weeks),Often (10-20 times in last 4 weeks),Never,Rarely (1–2 times in the last 4 weeks),Rarely (1–2 times in the last 4 weeks),Sometimes (3–10 times in the last 4 weeks),Never
Yes,10,Bagerhat,Morrelganj,3,Baseline,Male,56,6,2,4,Primary Education,Day Labour,NA,Yes,25 Liter,1,0,0,0,0,0,NA,5,NA,NA,NA,NA,NA,NA,"Surface water (river, dam, lake, pond, stream, canal, irrigation channels)",No,I don't like the taste of the water,0,0,1,0,0,0,0,0,NA,10,0,20,No,No,NA,Not Satisfied,Water tastes bad,0,0,1,0,0,0,0,NA,Latrine/toilet,1,0,0,0,0,Latrine/toilet,1,0,0,0,0,0,0,Child uses latrine,NA,"Yes, shows facility",Pit latrine,NA,NA,"Medium (some damage, but safe to stand on)",Offers full privacy (has walls and a door ),Yes,Yes,After defecation  After cleaning or changing a baby Before food preparation  Before eating Before feeding child Before praying After working in the dirt,1,1,1,1,1,1,1,0,0,0,NA,5,Yes,Soap,Yes,No,NA,NA,NA,NA,NA,NA,NA,NA,Yes,নিরাপদ পানি,No,NA,NA,NA,HWISE Survey,Rarely (1–2 times in the last 4 weeks),Sometimes (3–10 times in the last 4 weeks),Rarely (1–2 times in the last 4 weeks),Never,Rarely (1–2 times in the last 4 weeks),Never,Never,Never,Rarely (1–2 times in the last 4 weeks),Never,Rarely (1–2 times in the last 4 weeks),Never
Yes,10,Bagerhat,Morrelganj,3,Baseline,Female,55,1,0,1,Primary Education,Others (Please Specify),গৃহিণী,No,NA,NA,NA,NA,NA,NA,NA,NA,NA,NA,NA,NA,NA,NA,NA,"Surface water (river, dam, lake, pond, stream, canal, irrigation channels)",No,Other (please specify),0,0,0,0,0,0,0,1,N\A,10,0,20,No,No,NA,Not Satisfied,Water tastes bad,0,0,1,0,0,0,0,NA,Latrine/toilet,1,0,0,0,0,"Not applicable, no one between the ages of 3-17 lives in this household",0,0,0,0,1,0,0,"Not applicable, no one under 3 lives in this household",NA,"Yes, shows facility",Pit latrine,NA,NA,"Medium (some damage, but safe to stand on)",Offers some privacy (has walls but no door),Yes,Yes,After defecation  Before food preparation  Before eating Before praying After working in the dirt,1,0,1,1,0,1,1,0,0,0,NA,3,Yes,Soap,Yes,No,NA,NA,NA,NA,NA,NA,NA,NA,No,NA,No,NA,NA,NA,HWISE Survey,Rarely (1–2 times in the last 4 weeks),Rarely (1–2 times in the last 4 weeks),Rarely (1–2 times in the last 4 weeks),Never,Rarely (1–2 times in the last 4 weeks),Rarely (1–2 times in the last 4 weeks),Never,Never,Never,Never,Rarely (1–2 times in the last 4 weeks),Never
Yes,9,Bagerhat,Morrelganj,3,Baseline,Male,60,5,2,3,Primary Education,Business,NA,Yes,20 Liter,0,1,0,0,0,0,NA,NA,2,NA,NA,NA,NA,NA,"Surface water (river, dam, lake, pond, stream, canal, irrigation channels)",No,Other (please specify),0,0,0,0,0,0,0,1,N/A,10,0,20,No,No,NA,Not Satisfied,Water tastes bad Other (please specify),0,0,1,0,0,0,1,একটু লবন,Latrine/toilet,1,0,0,0,0,Latrine/toilet,1,0,0,0,0,0,0,"Not applicable, no one under 3 lives in this household",NA,"Yes, shows facility",Flush/pour flush,Septic Tank,Yes,Good condition (no cracks or gaps),Offers full privacy (has walls and a door ),NA,Yes,After defecation  Before food preparation  Before eating Before praying After working in the dirt,1,0,1,1,0,1,1,0,0,0,NA,3,Yes,Soap,Yes,No,NA,NA,NA,NA,NA,NA,NA,NA,Yes,নিরাপদ পানির জন্য,No,NA,NA,NA,HWISE Survey,Rarely (1–2 times in the last 4 weeks),Rarely (1–2 times in the last 4 weeks),Never,Never,Rarely (1–2 times in the last 4 weeks),Never,Never,Never,Never,Never,Never,Never
Yes,9,Bagerhat,Morrelganj,3,Baseline,Female,50,3,2,1,Primary Education,Others (Please Specify),housewife,Yes,20 Liter,0,1,0,0,0,0,NA,NA,2,NA,NA,NA,NA,NA,"Surface water (river, dam, lake, pond, stream, canal, irrigation channels)",No,Other (please specify),0,0,0,0,0,0,0,1,N/A,80,0,160,No,No,NA,Not Satisfied,Water tastes bad It is too far away,0,0,1,1,0,0,0,NA,Latrine/toilet,1,0,0,0,0,"Not applicable, no one between the ages of 3-17 lives in this household",0,0,0,0,1,0,0,"Not applicable, no one under 3 lives in this household",NA,"Yes, shows facility",Pit latrine,NA,NA,"Medium (some damage, but safe to stand on)",Offers full privacy (has walls and a door ),Yes,Yes,After working in the dirt After defecation  Before food preparation  Before eating Before praying,1,0,1,1,0,1,1,0,0,0,NA,3,Yes,Soap,Yes,No,NA,NA,NA,NA,NA,NA,NA,NA,No,NA,No,NA,NA,NA,HWISE Survey,Often (10-20 times in last 4 weeks),Often (10-20 times in last 4 weeks),Rarely (1–2 times in the last 4 weeks),Never,Rarely (1–2 times in the last 4 weeks),Never,Never,Never,Often (10-20 times in last 4 weeks),Rarely (1–2 times in the last 4 weeks),Rarely (1–2 times in the last 4 weeks),Never
Yes,10,Bagerhat,Morrelganj,3,Baseline,Female,24,2,1,1,Primary Education,Others (Please Specify),Expatriate,Yes,10 Liter,0,0,0,1,0,0,NA,NA,NA,NA,2,NA,NA,NA,"Surface water (river, dam, lake, pond, stream, canal, irrigation channels)",No,It is too far away I don't like the taste of the water,1,0,1,0,0,0,0,0,NA,30,0,60,No,No,NA,Not Satisfied,Water tastes bad It is too far away,0,0,1,1,0,0,0,NA,Latrine/toilet,1,0,0,0,0,"Not applicable, no one between the ages of 3-17 lives in this household",0,0,0,0,1,0,0,"Not applicable, no one under 3 lives in this household",NA,"Yes, shows facility",Pit latrine,NA,NA,"Medium (some damage, but safe to stand on)",Offers full privacy (has walls and a door ),Yes,Yes,After defecation  Before food preparation  Before eating Before praying After working in the dirt,1,0,1,1,0,1,1,0,0,0,NA,3,Yes,Soap,Yes,No,NA,NA,NA,NA,NA,NA,NA,NA,No,NA,No,NA,NA,NA,HWISE Survey,Rarely (1–2 times in the last 4 weeks),Sometimes (3–10 times in the last 4 weeks),Sometimes (3–10 times in the last 4 weeks),Never,Sometimes (3–10 times in the last 4 weeks),Rarely (1–2 times in the last 4 weeks),Never,Never,Rarely (1–2 times in the last 4 weeks),Never,Rarely (1–2 times in the last 4 weeks),Never
Yes,9,Bagerhat,Morrelganj,3,Baseline,Male,55,9,2,7,Secondary Education,Others (Please Specify),unemployed,Yes,15 Liter,0,0,1,0,0,0,NA,NA,NA,4,NA,NA,NA,NA,"Surface water (river, dam, lake, pond, stream, canal, irrigation channels)",No,Other (please specify),0,0,0,0,0,0,0,1,N/A,90,0,180,No,No,NA,Not Satisfied,It is too far away Water tastes bad,0,0,1,1,0,0,0,NA,Latrine/toilet,1,0,0,0,0,Latrine/toilet,1,0,0,0,0,0,0,It is put or rinsed into latrine,NA,"Yes, shows facility",Pit latrine,NA,NA,"Medium (some damage, but safe to stand on)",Offers full privacy (has walls and a door ),Yes,Yes,After defecation  After cleaning or changing a baby Before food preparation  Before eating Before praying After working in the dirt,1,1,1,1,0,1,1,0,0,0,NA,4,Yes,Soap,Yes,No,NA,NA,NA,NA,NA,NA,NA,NA,No,NA,No,NA,NA,NA,HWISE Survey,Often (10-20 times in last 4 weeks),Often (10-20 times in last 4 weeks),Rarely (1–2 times in the last 4 weeks),Rarely (1–2 times in the last 4 weeks),Sometimes (3–10 times in the last 4 weeks),Never,Never,Never,Sometimes (3–10 times in the last 4 weeks),Never,Rarely (1–2 times in the last 4 weeks),Never
Yes,9,Bagerhat,Morrelganj,8,Baseline,Male,58,2,1,1,Non-Literate,Others (Please Specify),unemployed,Yes,10 Liter,0,0,0,1,0,0,NA,NA,NA,NA,2,NA,NA,NA,"Surface water (river, dam, lake, pond, stream, canal, irrigation channels)",No,Other (please specify),0,0,0,0,0,0,0,1,N/A,60,0,120,No,No,NA,Not Satisfied,It is too far away,0,0,0,1,0,0,0,NA,Latrine/toilet,1,0,0,0,0,"Not applicable, no one between the ages of 3-17 lives in this household",0,0,0,0,1,0,0,"Not applicable, no one under 3 lives in this household",NA,"Yes, shows facility",Hanging toilet/hanging latrine,NA,NA,Bad ( dangeraous to stand on),No superstructure at all,NA,Yes,After defecation  Before food preparation  Before eating Before praying After working in the dirt,1,0,1,1,0,1,1,0,0,0,NA,3,Yes,Soap,Yes,No,NA,NA,NA,NA,NA,NA,NA,NA,No,NA,No,NA,NA,NA,HWISE Survey,Often (10-20 times in last 4 weeks),Rarely (1–2 times in the last 4 weeks),Sometimes (3–10 times in the last 4 weeks),Rarely (1–2 times in the last 4 weeks),Rarely (1–2 times in the last 4 weeks),Never,Rarely (1–2 times in the last 4 weeks),Never,Rarely (1–2 times in the last 4 weeks),Never,Rarely (1–2 times in the last 4 weeks),Never
Yes,9,Bagerhat,Morrelganj,8,Baseline,Female,41,4,1,3,Higher Secondary Education,Farmer,NA,Yes,20 Liter,0,1,0,0,0,0,NA,NA,4,NA,NA,NA,NA,NA,"Surface water (river, dam, lake, pond, stream, canal, irrigation channels)",No,Other (please specify),0,0,0,0,0,0,0,1,N/A,60,7,127,No,No,NA,Not Satisfied,It is too far away Water tastes bad It is too expensive,0,1,1,1,0,0,0,NA,Latrine/toilet,1,0,0,0,0,Latrine/toilet,1,0,0,0,0,0,0,"Not applicable, no one under 3 lives in this household",NA,"Yes, shows facility",Pit latrine,NA,NA,"Medium (some damage, but safe to stand on)",Offers some privacy (has walls but no door),Yes,Yes,After defecation  Before food preparation  Before eating Before praying After working in the dirt,1,0,1,1,0,1,1,0,0,0,NA,3,Yes,Soap,Yes,No,NA,NA,NA,NA,NA,NA,NA,NA,No,NA,No,NA,NA,NA,HWISE Survey,Often (10-20 times in last 4 weeks),Often (10-20 times in last 4 weeks),Rarely (1–2 times in the last 4 weeks),Sometimes (3–10 times in the last 4 weeks),Rarely (1–2 times in the last 4 weeks),Never,Never,Rarely (1–2 times in the last 4 weeks),Sometimes (3–10 times in the last 4 weeks),Rarely (1–2 times in the last 4 weeks),Rarely (1–2 times in the last 4 weeks),Never
Yes,10,Bagerhat,Morrelganj,3,Baseline,Female,52,4,1,3,Primary Education,Business,NA,No,NA,NA,NA,NA,NA,NA,NA,NA,NA,NA,NA,NA,NA,NA,NA,"Surface water (river, dam, lake, pond, stream, canal, irrigation channels)",No,It is too far away I don't like the taste of the water,1,0,1,0,0,0,0,0,NA,35,0,70,No,No,NA,Not Satisfied,Water tastes bad It is too far away,0,0,1,1,0,0,0,NA,Latrine/toilet,1,0,0,0,0,"Not applicable, no one between the ages of 3-17 lives in this household",0,0,0,0,1,0,0,"Not applicable, no one under 3 lives in this household",NA,"Yes, shows facility",Flush/pour flush,Septic Tank,Yes,Good condition (no cracks or gaps),Offers full privacy (has walls and a door ),NA,Yes,After defecation  Before food preparation  Before eating Before praying After working in the dirt,1,0,1,1,0,1,1,0,0,0,NA,3,Yes,Soap,Yes,No,NA,NA,NA,NA,NA,NA,NA,NA,No,NA,No,NA,NA,NA,HWISE Survey,Rarely (1–2 times in the last 4 weeks),Sometimes (3–10 times in the last 4 weeks),Rarely (1–2 times in the last 4 weeks),Never,Rarely (1–2 times in the last 4 weeks),Never,Never,Never,Rarely (1–2 times in the last 4 weeks),Never,Never,Never
Yes,10,Bagerhat,Morrelganj,3,Baseline,Male,50,4,2,2,Non-Literate,Others (Please Specify),Unemployed,Yes,10 Liter,0,0,0,1,0,0,NA,NA,NA,NA,3,NA,NA,NA,"Surface water (river, dam, lake, pond, stream, canal, irrigation channels)",No,It is too far away I don't like the taste of the water,1,0,1,0,0,0,0,0,NA,40,0,80,No,No,NA,Not Satisfied,Water tastes bad It is too far away,0,0,1,1,0,0,0,NA,Latrine/toilet,1,0,0,0,0,"Not applicable, no one between the ages of 3-17 lives in this household",0,0,0,0,1,0,0,"Not applicable, no one under 3 lives in this household",NA,"Yes, shows facility",Pit latrine,NA,NA,"Medium (some damage, but safe to stand on)",Offers little to no privacy (very poor quality),Yes,Yes,After defecation  Before food preparation  Before eating Before praying After working in the dirt,1,0,1,1,0,1,1,0,0,0,NA,3,Yes,Soap,Yes,No,NA,NA,NA,NA,NA,NA,NA,NA,No,NA,No,NA,NA,NA,HWISE Survey,Often (10-20 times in last 4 weeks),Sometimes (3–10 times in the last 4 weeks),Sometimes (3–10 times in the last 4 weeks),Rarely (1–2 times in the last 4 weeks),Sometimes (3–10 times in the last 4 weeks),Rarely (1–2 times in the last 4 weeks),Rarely (1–2 times in the last 4 weeks),Never,Rarely (1–2 times in the last 4 weeks),Never,Sometimes (3–10 times in the last 4 weeks),Never
Yes,10,Bagerhat,Morrelganj,8,Baseline,Male,66,4,2,2,Primary Education,Rikshaw puller/Van Pullar,NA,Yes,20 Liter,0,1,0,0,0,0,NA,NA,2,NA,NA,NA,NA,NA,"Surface water (river, dam, lake, pond, stream, canal, irrigation channels)",No,It is too far away I don't like the taste of the water,1,0,1,0,0,0,0,0,NA,60,0,120,No,No,NA,Not Satisfied,It is too expensive Water tastes bad It is too far away,0,1,1,1,0,0,0,NA,Latrine/toilet,1,0,0,0,0,"Not applicable, no one between the ages of 3-17 lives in this household",0,0,0,0,1,0,0,"Not applicable, no one under 3 lives in this household",NA,"Yes, shows facility",Pit latrine,NA,NA,"Medium (some damage, but safe to stand on)",Offers some privacy (has walls but no door),Yes,Yes,After defecation  Before food preparation  Before eating Before praying After working in the dirt,1,0,1,1,0,1,1,0,0,0,NA,3,Yes,Soap,Yes,No,NA,NA,NA,NA,NA,NA,NA,NA,No,NA,No,NA,NA,NA,HWISE Survey,Often (10-20 times in last 4 weeks),Often (10-20 times in last 4 weeks),Sometimes (3–10 times in the last 4 weeks),Rarely (1–2 times in the last 4 weeks),Often (10-20 times in last 4 weeks),Sometimes (3–10 times in the last 4 weeks),Sometimes (3–10 times in the last 4 weeks),Never,Sometimes (3–10 times in the last 4 weeks),Never,Rarely (1–2 times in the last 4 weeks),Never
Yes,10,Bagerhat,Morrelganj,8,Baseline,Female,51,4,2,2,Primary Education,Others (Please Specify),Housewife,Yes,15 Liter,0,0,1,0,0,0,NA,NA,NA,2,NA,NA,NA,NA,"Surface water (river, dam, lake, pond, stream, canal, irrigation channels)",No,It is too far away I don't like the taste of the water,1,0,1,0,0,0,0,0,NA,40,0,80,No,No,NA,Not Satisfied,It is too expensive Water tastes bad It is too far away,0,1,1,1,0,0,0,NA,Latrine/toilet,1,0,0,0,0,Latrine/toilet,1,0,0,0,0,0,0,"Not applicable, no one under 3 lives in this household",NA,"Yes, shows facility",Pit latrine,NA,NA,"Medium (some damage, but safe to stand on)",Offers full privacy (has walls and a door ),Yes,Yes,After defecation  Before food preparation  Before eating Before praying After working in the dirt,1,0,1,1,0,1,1,0,0,0,NA,3,Yes,Soap,Yes,No,NA,NA,NA,NA,NA,NA,NA,NA,No,NA,No,NA,NA,NA,HWISE Survey,Often (10-20 times in last 4 weeks),Sometimes (3–10 times in the last 4 weeks),Sometimes (3–10 times in the last 4 weeks),Rarely (1–2 times in the last 4 weeks),Rarely (1–2 times in the last 4 weeks),Never,Rarely (1–2 times in the last 4 weeks),Never,Rarely (1–2 times in the last 4 weeks),Never,Rarely (1–2 times in the last 4 weeks),Never
Yes,11,Bagerhat,Morrelganj,9,Baseline,Female,35,5,3,2,Primary Education,Farmer,NA,Yes,20 Liter,0,1,0,0,0,0,NA,NA,1,NA,NA,NA,NA,NA,"Surface water (river, dam, lake, pond, stream, canal, irrigation channels)",No,Other (please specify),0,0,0,0,0,0,0,1,N/A,20,5,45,No,No,NA,Not Satisfied,Water tastes bad,0,0,1,0,0,0,0,NA,Latrine/toilet,1,0,0,0,0,Latrine/toilet,1,0,0,0,0,0,0,"Not applicable, no one under 3 lives in this household",NA,"Yes, shows facility",Pit latrine,NA,NA,"Medium (some damage, but safe to stand on)",Offers little to no privacy (very poor quality),Yes,Yes,After defecation  Before food preparation  Before eating Before praying After working in the dirt,1,0,1,1,0,1,1,0,0,0,NA,3,Yes,Soap,Yes,No,NA,NA,NA,NA,NA,NA,NA,NA,No,NA,No,NA,NA,NA,HWISE Survey,Rarely (1–2 times in the last 4 weeks),Rarely (1–2 times in the last 4 weeks),Rarely (1–2 times in the last 4 weeks),Rarely (1–2 times in the last 4 weeks),Sometimes (3–10 times in the last 4 weeks),Sometimes (3–10 times in the last 4 weeks),Rarely (1–2 times in the last 4 weeks),Rarely (1–2 times in the last 4 weeks),Rarely (1–2 times in the last 4 weeks),Rarely (1–2 times in the last 4 weeks),Sometimes (3–10 times in the last 4 weeks),Sometimes (3–10 times in the last 4 weeks)
Yes,11,Bagerhat,Morrelganj,9,Baseline,Female,45,4,2,2,Secondary Education,Business,NA,No,NA,NA,NA,NA,NA,NA,NA,NA,NA,NA,NA,NA,NA,NA,NA,Rainwater collection,No,Other (please specify),0,0,0,0,0,0,0,1,N/A,30,5,65,No,No,NA,Not Satisfied,Water tastes bad,0,0,1,0,0,0,0,NA,Latrine/toilet,1,0,0,0,0,Latrine/toilet,1,0,0,0,0,0,0,"Not applicable, no one under 3 lives in this household",NA,"Yes, shows facility",Pit latrine,NA,NA,"Medium (some damage, but safe to stand on)",Offers full privacy (has walls and a door ),Yes,Yes,After defecation   Before eating Before food preparation Before praying After working in the dirt,1,0,1,1,0,1,1,0,0,0,NA,3,Yes,Other cleanser or detergent,Yes,No,NA,NA,NA,NA,NA,NA,NA,NA,No,NA,No,NA,NA,NA,HWISE Survey,Often (10-20 times in last 4 weeks),Often (10-20 times in last 4 weeks),Often (10-20 times in last 4 weeks),Often (10-20 times in last 4 weeks),Often (10-20 times in last 4 weeks),Often (10-20 times in last 4 weeks),Sometimes (3–10 times in the last 4 weeks),Sometimes (3–10 times in the last 4 weeks),Often (10-20 times in last 4 weeks),Rarely (1–2 times in the last 4 weeks),Sometimes (3–10 times in the last 4 weeks),Often (10-20 times in last 4 weeks)
Yes,7,Khulna,Koyra,2,Baseline,Female,50,4,1,3,Primary Education,Day Labour,NA,Yes,10 Liter,0,0,0,1,0,0,NA,NA,NA,NA,3,NA,NA,NA,Borehole with handpump,No,Other (please specify),0,0,0,0,0,0,0,1,N/A,14,15,43,No,No,NA,Not Satisfied,Long lines It is too far away,1,0,0,1,0,0,0,NA,Latrine/toilet,1,0,0,0,0,Latrine/toilet,1,0,0,0,0,0,0,"Not applicable, no one under 3 lives in this household",NA,"Yes, shows facility",Flush/pour flush,Pit Latrine,No,Good condition (no cracks or gaps),Offers full privacy (has walls and a door ),NA,Yes,After defecation  Before food preparation  Before eating Before praying After working in the dirt,1,0,1,1,0,1,1,0,0,0,NA,3,Yes,Soap,Yes,No,NA,NA,NA,NA,NA,NA,NA,NA,No,NA,No,NA,NA,NA,HWISE Survey,Always (More than 20 times in last 4 weeks),Often (10-20 times in last 4 weeks),Often (10-20 times in last 4 weeks),Often (10-20 times in last 4 weeks),Often (10-20 times in last 4 weeks),Often (10-20 times in last 4 weeks),Sometimes (3–10 times in the last 4 weeks),Rarely (1–2 times in the last 4 weeks),Rarely (1–2 times in the last 4 weeks),Never,Sometimes (3–10 times in the last 4 weeks),Rarely (1–2 times in the last 4 weeks)
Yes,7,Khulna,Koyra,2,Baseline,Male,62,2,1,1,Higher Secondary Education,Others (Please Specify),Jajonik,Yes,10 Liter,0,0,0,1,0,0,NA,NA,NA,NA,2,NA,NA,NA,Borehole with handpump,No,Other (please specify),0,0,0,0,0,0,0,1,N/A,36,20,92,No,No,NA,Not Satisfied,Long lines It is too far away,1,0,0,1,0,0,0,NA,Latrine/toilet,1,0,0,0,0,"Not applicable, no one between the ages of 3-17 lives in this household",0,0,0,0,1,0,0,"Not applicable, no one under 3 lives in this household",NA,"Has a facility, but does not show",NA,NA,NA,NA,NA,NA,NA,After defecation   Before eating After working in the dirt,1,0,0,1,0,0,1,0,0,0,NA,NA,Yes,Soap,Yes,No,NA,NA,NA,NA,NA,NA,NA,NA,No,NA,No,NA,NA,NA,HWISE Survey,Always (More than 20 times in last 4 weeks),Always (More than 20 times in last 4 weeks),Often (10-20 times in last 4 weeks),Often (10-20 times in last 4 weeks),Sometimes (3–10 times in the last 4 weeks),Often (10-20 times in last 4 weeks),Sometimes (3–10 times in the last 4 weeks),Sometimes (3–10 times in the last 4 weeks),Sometimes (3–10 times in the last 4 weeks),Rarely (1–2 times in the last 4 weeks),Rarely (1–2 times in the last 4 weeks),Rarely (1–2 times in the last 4 weeks)
Yes,7,Khulna,Koyra,2,Baseline,Female,55,6,3,3,Non-Literate,Day Labour,NA,Yes,15 Liter,0,0,1,0,0,0,NA,NA,NA,4,NA,NA,NA,NA,Borehole with handpump,No,Other (please specify),0,0,0,0,0,0,0,1,N/A,24,10,58,No,No,NA,Not Satisfied,Long lines It is too far away,1,0,0,1,0,0,0,NA,Latrine/toilet,1,0,0,0,0,Latrine/toilet,1,0,0,0,0,0,0,It is put or rinsed into latrine,NA,"Yes, shows facility",Pit latrine,NA,NA,Good condition (no cracks or gaps),Offers full privacy (has walls and a door ),No,Yes,After defecation   Before eating Before feeding child Before praying After working in the dirt Before food preparation,1,0,1,1,1,1,1,0,0,0,NA,4,Yes,Soap,Yes,No,NA,NA,NA,NA,NA,NA,NA,NA,No,NA,No,NA,NA,NA,HWISE Survey,Always (More than 20 times in last 4 weeks),Always (More than 20 times in last 4 weeks),Sometimes (3–10 times in the last 4 weeks),Sometimes (3–10 times in the last 4 weeks),Sometimes (3–10 times in the last 4 weeks),Sometimes (3–10 times in the last 4 weeks),Sometimes (3–10 times in the last 4 weeks),Sometimes (3–10 times in the last 4 weeks),Often (10-20 times in last 4 weeks),Sometimes (3–10 times in the last 4 weeks),Sometimes (3–10 times in the last 4 weeks),Rarely (1–2 times in the last 4 weeks)
Yes,7,Khulna,Koyra,2,Baseline,Male,36,5,3,2,Primary Education,Day Labour,NA,Yes,10 Liter,0,0,0,1,0,0,NA,NA,NA,NA,5,NA,NA,NA,Borehole with handpump,No,Other (please specify),0,0,0,0,0,0,0,1,N/A,46,15,107,No,No,NA,Not Satisfied,Long lines It is too far away It is too expensive,1,1,0,1,0,0,0,NA,Latrine/toilet,1,0,0,0,0,Latrine/toilet,1,0,0,0,0,0,0,"Not applicable, no one under 3 lives in this household",NA,"Yes, shows facility",Flush/pour flush,Pit Latrine,No,"Medium (some damage, but safe to stand on)",Offers little to no privacy (very poor quality),NA,Yes,After defecation  Before praying After working in the dirt  Before eating,1,0,0,1,0,1,1,0,0,0,NA,2,Yes,Soap,Yes,No,NA,NA,NA,NA,NA,NA,NA,NA,No,NA,No,NA,NA,NA,HWISE Survey,Always (More than 20 times in last 4 weeks),Always (More than 20 times in last 4 weeks),Sometimes (3–10 times in the last 4 weeks),Often (10-20 times in last 4 weeks),Often (10-20 times in last 4 weeks),Always (More than 20 times in last 4 weeks),Often (10-20 times in last 4 weeks),Sometimes (3–10 times in the last 4 weeks),Sometimes (3–10 times in the last 4 weeks),Rarely (1–2 times in the last 4 weeks),Sometimes (3–10 times in the last 4 weeks),Rarely (1–2 times in the last 4 weeks)
Yes,7,Khulna,Koyra,2,Baseline,Female,38,3,2,1,Primary Education,Day Labour,NA,Yes,10 Liter,0,0,0,1,0,0,NA,NA,NA,NA,4,NA,NA,NA,Borehole with handpump,No,Other (please specify),0,0,0,0,0,0,0,1,N/A,2,1,5,Yes,Yes,Yes,Neutral,NA,NA,NA,NA,NA,NA,NA,NA,NA,Latrine/toilet,1,0,0,0,0,Latrine/toilet,1,0,0,0,0,0,0,"Not applicable, no one under 3 lives in this household",NA,"Yes, shows facility",Pit latrine,NA,NA,"Medium (some damage, but safe to stand on)",Offers little to no privacy (very poor quality),No,Yes,After defecation  Before food preparation  Before eating Before praying After working in the dirt,1,0,1,1,0,1,1,0,0,0,NA,3,Yes,Soap,Yes,No,NA,NA,NA,NA,NA,NA,NA,NA,No,NA,Yes,Only for minor repairs,Yes,Yes,HWISE Survey,Rarely (1–2 times in the last 4 weeks),Sometimes (3–10 times in the last 4 weeks),Rarely (1–2 times in the last 4 weeks),Often (10-20 times in last 4 weeks),Often (10-20 times in last 4 weeks),Sometimes (3–10 times in the last 4 weeks),Sometimes (3–10 times in the last 4 weeks),Sometimes (3–10 times in the last 4 weeks),Sometimes (3–10 times in the last 4 weeks),Rarely (1–2 times in the last 4 weeks),Often (10-20 times in last 4 weeks),Sometimes (3–10 times in the last 4 weeks)
Yes,7,Khulna,Koyra,7,Baseline,Female,30,7,4,3,Secondary Education,Rikshaw puller/Van Pullar,NA,Yes,15 Liter 5 Liter,0,0,1,0,1,0,NA,NA,NA,2,NA,2,NA,NA,Borehole with handpump,No,Other (please specify),0,0,0,0,0,0,0,1,N/A,16,10,42,No,No,NA,Not Satisfied,Long lines It is too far away It is too expensive,1,1,0,1,0,0,0,NA,Latrine/toilet,1,0,0,0,0,Latrine/toilet,1,0,0,0,0,0,0,It is put or rinsed into latrine,NA,"Yes, shows facility",Flush/pour flush,Septic Tank,No,Good condition (no cracks or gaps),Offers full privacy (has walls and a door ),NA,Yes,After defecation  After cleaning or changing a baby Before food preparation  Before eating Before feeding child Before praying After working in the dirt,1,1,1,1,1,1,1,0,0,0,NA,5,Yes,Soap,Yes,No,NA,NA,NA,NA,NA,NA,NA,NA,No,NA,No,NA,NA,NA,HWISE Survey,Always (More than 20 times in last 4 weeks),Always (More than 20 times in last 4 weeks),Often (10-20 times in last 4 weeks),Often (10-20 times in last 4 weeks),Often (10-20 times in last 4 weeks),Often (10-20 times in last 4 weeks),Often (10-20 times in last 4 weeks),Sometimes (3–10 times in the last 4 weeks),Sometimes (3–10 times in the last 4 weeks),Sometimes (3–10 times in the last 4 weeks),Often (10-20 times in last 4 weeks),Rarely (1–2 times in the last 4 weeks)
Yes,7,Khulna,Koyra,7,Baseline,Female,29,5,3,2,Secondary Education,Private Job,NA,Yes,15 Liter 10 Liter,0,0,1,1,0,0,NA,NA,NA,3,2,NA,NA,NA,Borehole with handpump,No,Other (please specify),0,0,0,0,0,0,0,1,N/A,30,13,73,No,No,NA,Not Satisfied,Long lines It is too far away,1,0,0,1,0,0,0,NA,Latrine/toilet,1,0,0,0,0,Latrine/toilet,1,0,0,0,0,0,0,"Not applicable, no one under 3 lives in this household",NA,"Yes, shows facility",Pit latrine,NA,NA,"Medium (some damage, but safe to stand on)",Offers little to no privacy (very poor quality),Yes,Yes,After defecation  Before food preparation  Before eating Before praying After working in the dirt After cleaning or changing a baby,1,1,1,1,0,1,1,0,0,0,NA,4,Yes,Soap,Yes,No,NA,NA,NA,NA,NA,NA,NA,NA,No,NA,No,NA,NA,NA,HWISE Survey,Always (More than 20 times in last 4 weeks),Always (More than 20 times in last 4 weeks),Often (10-20 times in last 4 weeks),Sometimes (3–10 times in the last 4 weeks),Sometimes (3–10 times in the last 4 weeks),Sometimes (3–10 times in the last 4 weeks),Sometimes (3–10 times in the last 4 weeks),Rarely (1–2 times in the last 4 weeks),Sometimes (3–10 times in the last 4 weeks),Sometimes (3–10 times in the last 4 weeks),Often (10-20 times in last 4 weeks),Rarely (1–2 times in the last 4 weeks)
Yes,3,Khulna,Koyra,7,Baseline,Male,38,5,2,3,Higher Secondary Education,Shopkeeper,NA,Yes,20 Liter,0,1,0,0,0,0,NA,NA,2,NA,NA,NA,NA,NA,Borehole with handpump,No,Other (please specify),0,0,0,0,0,0,0,1,N/A,10,15,35,No,No,NA,Not Satisfied,Long lines It is too far away Water tastes bad,1,0,1,1,0,0,0,NA,Latrine/toilet,1,0,0,0,0,Latrine/toilet,1,0,0,0,0,0,0,Decline to state,NA,"Yes, shows facility",Flush/pour flush,Septic Tank,No,Good condition (no cracks or gaps),Offers full privacy (has walls and a door ),NA,Yes,After defecation   Before eating After working in the dirt After cleaning or changing a baby,1,1,0,1,0,0,1,0,0,0,NA,3,Yes,Soap,Yes,No,NA,NA,NA,NA,NA,NA,NA,NA,No,NA,No,NA,NA,NA,HWISE Survey,Always (More than 20 times in last 4 weeks),Often (10-20 times in last 4 weeks),Sometimes (3–10 times in the last 4 weeks),Sometimes (3–10 times in the last 4 weeks),Rarely (1–2 times in the last 4 weeks),Sometimes (3–10 times in the last 4 weeks),Sometimes (3–10 times in the last 4 weeks),Sometimes (3–10 times in the last 4 weeks),Rarely (1–2 times in the last 4 weeks),Sometimes (3–10 times in the last 4 weeks),Rarely (1–2 times in the last 4 weeks),Rarely (1–2 times in the last 4 weeks)
Yes,3,Khulna,Koyra,7,Baseline,Male,43,5,1,4,Secondary Education,Business,NA,Yes,20 Liter,0,1,0,0,0,0,NA,NA,3,NA,NA,NA,NA,NA,Borehole with handpump,No,Other (please specify),0,0,0,0,0,0,0,1,N/A,10,15,35,No,No,NA,Not Satisfied,Long lines It is too far away Water tastes bad,1,0,1,1,0,0,0,NA,Latrine/toilet,1,0,0,0,0,Latrine/toilet,1,0,0,0,0,0,0,It is put or rinsed on the ground or in the open,NA,"Yes, shows facility",Flush/pour flush,Septic Tank,No,Good condition (no cracks or gaps),Offers little to no privacy (very poor quality),NA,Yes,After defecation  After cleaning or changing a baby Before food preparation After working in the dirt,1,1,1,0,0,0,1,0,0,0,NA,3,Yes,Soap,Yes,No,NA,NA,NA,NA,NA,NA,NA,NA,No,NA,No,NA,NA,NA,HWISE Survey,Always (More than 20 times in last 4 weeks),Often (10-20 times in last 4 weeks),Sometimes (3–10 times in the last 4 weeks),Sometimes (3–10 times in the last 4 weeks),Sometimes (3–10 times in the last 4 weeks),Rarely (1–2 times in the last 4 weeks),Rarely (1–2 times in the last 4 weeks),Sometimes (3–10 times in the last 4 weeks),Rarely (1–2 times in the last 4 weeks),Sometimes (3–10 times in the last 4 weeks),Sometimes (3–10 times in the last 4 weeks),Rarely (1–2 times in the last 4 weeks)
Yes,3,Khulna,Koyra,7,Baseline,Female,50,8,5,3,Secondary Education,Business,NA,Yes,25 Liter,1,0,0,0,0,0,NA,3,NA,NA,NA,NA,NA,NA,Rainwater collection,No,Other (please specify),0,0,0,0,0,0,0,1,N/A,30,5,65,Yes,No,NA,Not Satisfied,Long lines Water tastes bad It is too far away,1,0,1,1,0,0,0,NA,Latrine/toilet,1,0,0,0,0,Latrine/toilet,1,0,0,0,0,0,0,Decline to state,NA,"Yes, shows facility",Flush/pour flush,Septic Tank,No,Good condition (no cracks or gaps),Offers full privacy (has walls and a door ),NA,Yes,After defecation  After cleaning or changing a baby Before food preparation  Before eating Before feeding child Before praying After working in the dirt,1,1,1,1,1,1,1,0,0,0,NA,5,Yes,Soap,Yes,No,NA,NA,NA,NA,NA,NA,NA,NA,No,NA,Yes,Yes,Yes,Yes,HWISE Survey,Often (10-20 times in last 4 weeks),Sometimes (3–10 times in the last 4 weeks),Sometimes (3–10 times in the last 4 weeks),Rarely (1–2 times in the last 4 weeks),Rarely (1–2 times in the last 4 weeks),Sometimes (3–10 times in the last 4 weeks),Rarely (1–2 times in the last 4 weeks),Rarely (1–2 times in the last 4 weeks),Rarely (1–2 times in the last 4 weeks),Sometimes (3–10 times in the last 4 weeks),Rarely (1–2 times in the last 4 weeks),Sometimes (3–10 times in the last 4 weeks)
Yes,3,Khulna,Koyra,7,Baseline,Female,38,6,2,4,Primary Education,Day Labour,NA,Yes,20 Liter,0,1,0,0,0,0,NA,NA,2,NA,NA,NA,NA,NA,Borehole with handpump,No,Other (please specify),0,0,0,0,0,0,0,1,N/A,10,15,35,No,No,NA,Not Satisfied,Long lines Water tastes bad It is too far away,1,0,1,1,0,0,0,NA,Latrine/toilet,1,0,0,0,0,Latrine/toilet,1,0,0,0,0,0,0,Decline to state,NA,"Yes, shows facility",Pit latrine,NA,NA,Bad ( dangeraous to stand on),Offers little to no privacy (very poor quality),Yes,Yes,After defecation  After cleaning or changing a baby Before food preparation Before feeding child  Before eating After working in the dirt,1,1,1,1,1,0,1,0,0,0,NA,5,Yes,Soap,Yes,No,NA,NA,NA,NA,NA,NA,NA,NA,No,NA,No,NA,NA,NA,HWISE Survey,Often (10-20 times in last 4 weeks),Often (10-20 times in last 4 weeks),Rarely (1–2 times in the last 4 weeks),Sometimes (3–10 times in the last 4 weeks),Sometimes (3–10 times in the last 4 weeks),Sometimes (3–10 times in the last 4 weeks),Sometimes (3–10 times in the last 4 weeks),Sometimes (3–10 times in the last 4 weeks),Rarely (1–2 times in the last 4 weeks),Rarely (1–2 times in the last 4 weeks),Sometimes (3–10 times in the last 4 weeks),Rarely (1–2 times in the last 4 weeks)
Yes,3,Khulna,Koyra,7,Baseline,Male,45,4,1,3,Primary Education,Day Labour,NA,Yes,20 Liter,0,1,0,0,0,0,NA,NA,2,NA,NA,NA,NA,NA,Borehole with handpump,No,Other (please specify),0,0,0,0,0,0,0,1,N/A,10,20,40,No,No,NA,Not Satisfied,Long lines Water tastes bad It is too far away,1,0,1,1,0,0,0,NA,Latrine/toilet,1,0,0,0,0,Latrine/toilet,1,0,0,0,0,0,0,Decline to state,NA,"Yes, shows facility",Pit latrine,NA,NA,Bad ( dangeraous to stand on),Offers little to no privacy (very poor quality),Yes,Yes,After defecation  After cleaning or changing a baby Before food preparation  Before eating Before feeding child After working in the dirt,1,1,1,1,1,0,1,0,0,0,NA,5,Yes,Soap,Yes,No,NA,NA,NA,NA,NA,NA,NA,NA,No,NA,No,NA,NA,NA,HWISE Survey,Sometimes (3–10 times in the last 4 weeks),Always (More than 20 times in last 4 weeks),Sometimes (3–10 times in the last 4 weeks),Sometimes (3–10 times in the last 4 weeks),Sometimes (3–10 times in the last 4 weeks),Often (10-20 times in last 4 weeks),Rarely (1–2 times in the last 4 weeks),Rarely (1–2 times in the last 4 weeks),Sometimes (3–10 times in the last 4 weeks),Sometimes (3–10 times in the last 4 weeks),Sometimes (3–10 times in the last 4 weeks),Sometimes (3–10 times in the last 4 weeks)
Yes,3,Khulna,Koyra,7,Baseline,Female,45,4,3,1,Primary Education,Day Labour,NA,Yes,20 Liter,0,1,0,0,0,0,NA,NA,2,NA,NA,NA,NA,NA,Borehole with handpump,No,Other (please specify),0,0,0,0,0,0,0,1,N/A,10,12,32,No,No,NA,Not Satisfied,Long lines It is too far away Water tastes bad,1,0,1,1,0,0,0,NA,Latrine/toilet,1,0,0,0,0,Latrine/toilet,1,0,0,0,0,0,0,Decline to state,NA,"Yes, shows facility",Flush/pour flush,Septic Tank,No,Good condition (no cracks or gaps),Offers full privacy (has walls and a door ),NA,Yes,After defecation  After cleaning or changing a baby Before food preparation  Before eating Before feeding child After working in the dirt,1,1,1,1,1,0,1,0,0,0,NA,5,Yes,Soap,Yes,No,NA,NA,NA,NA,NA,NA,NA,NA,No,NA,No,NA,NA,NA,HWISE Survey,Often (10-20 times in last 4 weeks),Always (More than 20 times in last 4 weeks),Sometimes (3–10 times in the last 4 weeks),Rarely (1–2 times in the last 4 weeks),Sometimes (3–10 times in the last 4 weeks),Sometimes (3–10 times in the last 4 weeks),Sometimes (3–10 times in the last 4 weeks),Sometimes (3–10 times in the last 4 weeks),Sometimes (3–10 times in the last 4 weeks),Sometimes (3–10 times in the last 4 weeks),Rarely (1–2 times in the last 4 weeks),Rarely (1–2 times in the last 4 weeks)
Yes,3,Khulna,Koyra,7,Baseline,Male,40,6,4,2,Primary Education,Farmer,NA,Yes,25 Liter,1,0,0,0,0,0,NA,2,NA,NA,NA,NA,NA,NA,Borehole with handpump,No,Other (please specify),0,0,0,0,0,0,0,1,N/A,10,20,40,No,No,NA,Not Satisfied,Long lines It is too far away Water tastes bad,1,0,1,1,0,0,0,NA,Latrine/toilet,1,0,0,0,0,Latrine/toilet,1,0,0,0,0,0,0,It is put or rinsed on the ground or in the open,NA,"Yes, shows facility",Pit latrine,NA,NA,Bad ( dangeraous to stand on),Offers little to no privacy (very poor quality),Yes,Yes,After defecation  After cleaning or changing a baby Before food preparation  Before eating Before feeding child Before praying After working in the dirt,1,1,1,1,1,1,1,0,0,0,NA,5,Yes,Other cleanser or detergent,Yes,No,NA,NA,NA,NA,NA,NA,NA,NA,No,NA,No,NA,NA,NA,HWISE Survey,Always (More than 20 times in last 4 weeks),Always (More than 20 times in last 4 weeks),Sometimes (3–10 times in the last 4 weeks),Sometimes (3–10 times in the last 4 weeks),Sometimes (3–10 times in the last 4 weeks),Sometimes (3–10 times in the last 4 weeks),Sometimes (3–10 times in the last 4 weeks),Rarely (1–2 times in the last 4 weeks),Sometimes (3–10 times in the last 4 weeks),Sometimes (3–10 times in the last 4 weeks),Sometimes (3–10 times in the last 4 weeks),Rarely (1–2 times in the last 4 weeks)
Yes,3,Khulna,Koyra,7,Baseline,Female,50,1,0,1,Primary Education,Day Labour,NA,Yes,15 Liter,0,0,1,0,0,0,NA,NA,NA,1,NA,NA,NA,NA,Borehole with handpump,No,Other (please specify),0,0,0,0,0,0,0,1,N/A,20,15,55,No,No,NA,Not Satisfied,Long lines It is too far away Water tastes bad,1,0,1,1,0,0,0,NA,In the open/no sanitation facilities Latrine/toilet In water body – river or lake,1,1,1,0,0,In the open/no sanitation facilities  Latrine/toilet In water body – river or lake,1,0,1,1,0,0,0,Decline to state,NA,"Yes, shows facility",Pit latrine,NA,NA,Bad ( dangeraous to stand on),Offers little to no privacy (very poor quality),Yes,Yes,After defecation  After cleaning or changing a baby Before food preparation  Before eating Before feeding child Before praying After working in the dirt,1,1,1,1,1,1,1,0,0,0,NA,5,Yes,Soap,Yes,No,NA,NA,NA,NA,NA,NA,NA,NA,No,NA,No,NA,NA,NA,HWISE Survey,Always (More than 20 times in last 4 weeks),Often (10-20 times in last 4 weeks),Sometimes (3–10 times in the last 4 weeks),Sometimes (3–10 times in the last 4 weeks),Often (10-20 times in last 4 weeks),Sometimes (3–10 times in the last 4 weeks),Rarely (1–2 times in the last 4 weeks),Rarely (1–2 times in the last 4 weeks),Often (10-20 times in last 4 weeks),Rarely (1–2 times in the last 4 weeks),Rarely (1–2 times in the last 4 weeks),Rarely (1–2 times in the last 4 weeks)
Yes,1,Khulna,Koyra,1,Baseline,Male,62,4,2,2,Non-Literate,Farmer,NA,Yes,20 Liter,0,1,0,0,0,0,NA,NA,3,NA,NA,NA,NA,NA,Borehole with handpump,No,Other (please specify),0,0,0,0,0,0,0,1,N/A,12,5,29,No,No,NA,Neutral,NA,NA,NA,NA,NA,NA,NA,NA,NA,Latrine/toilet,1,0,0,0,0,"Not applicable, no one between the ages of 3-17 lives in this household",0,0,0,0,1,0,0,"Not applicable, no one under 3 lives in this household",NA,"Yes, shows facility",Pit latrine,NA,NA,Bad ( dangeraous to stand on),Offers some privacy (has walls but no door),Yes,Yes,After defecation  After working in the dirt  Before eating Before food preparation Before praying,1,0,1,1,0,1,1,0,0,0,NA,3,Yes,Other cleanser or detergent,Yes,No,NA,NA,NA,NA,NA,NA,NA,NA,No,NA,Yes,Yes,Yes,No,HWISE Survey,Always (More than 20 times in last 4 weeks),Rarely (1–2 times in the last 4 weeks),Rarely (1–2 times in the last 4 weeks),Sometimes (3–10 times in the last 4 weeks),Rarely (1–2 times in the last 4 weeks),Never,Never,Rarely (1–2 times in the last 4 weeks),Rarely (1–2 times in the last 4 weeks),Rarely (1–2 times in the last 4 weeks),Rarely (1–2 times in the last 4 weeks),Rarely (1–2 times in the last 4 weeks)
Yes,1,Khulna,Koyra,1,Baseline,Female,40,4,2,2,Primary Education,Day Labour,NA,Yes,20 Liter,0,1,0,0,0,0,NA,NA,2,NA,NA,NA,NA,NA,Borehole with handpump,No,Other (please specify),0,0,0,0,0,0,0,1,N/A,15,5,35,No,No,NA,Not Satisfied,Long lines It is too far away,1,0,0,1,0,0,0,NA,Latrine/toilet,1,0,0,0,0,"Not applicable, no one between the ages of 3-17 lives in this household",0,0,0,0,1,0,0,"Not applicable, no one under 3 lives in this household",NA,"Yes, shows facility",Pit latrine,NA,NA,"Medium (some damage, but safe to stand on)",Offers little to no privacy (very poor quality),Yes,Yes,After defecation  Before praying After working in the dirt  Before eating,1,0,0,1,0,1,1,0,0,0,NA,2,Yes,Soap,Yes,No,NA,NA,NA,NA,NA,NA,NA,NA,No,NA,Yes,Only for minor repairs,Yes,Yes,HWISE Survey,Often (10-20 times in last 4 weeks),Sometimes (3–10 times in the last 4 weeks),Rarely (1–2 times in the last 4 weeks),Sometimes (3–10 times in the last 4 weeks),Sometimes (3–10 times in the last 4 weeks),Rarely (1–2 times in the last 4 weeks),Never,Never,Rarely (1–2 times in the last 4 weeks),Rarely (1–2 times in the last 4 weeks),Rarely (1–2 times in the last 4 weeks),Rarely (1–2 times in the last 4 weeks)
Yes,1,Khulna,Koyra,1,Baseline,Female,36,3,2,1,Secondary Education,Fisher,NA,Yes,20 Liter,0,1,0,0,0,0,NA,NA,2,NA,NA,NA,NA,NA,Borehole with handpump,No,Other (please specify),0,0,0,0,0,0,0,1,N/A,20,6,46,No,No,NA,Not Satisfied,Long lines It is too far away,1,0,0,1,0,0,0,NA,Latrine/toilet,1,0,0,0,0,Latrine/toilet,1,0,0,0,0,0,0,Child uses latrine,NA,"Yes, shows facility",Flush/pour flush,Septic Tank,Yes,Good condition (no cracks or gaps),Offers full privacy (has walls and a door ),NA,Yes,After defecation   Before eating Before food preparation After cleaning or changing a baby Before feeding child Before praying After working in the dirt,1,1,1,1,1,1,1,0,0,0,NA,5,Yes,Soap,Yes,No,NA,NA,NA,NA,NA,NA,NA,NA,No,NA,Yes,Only for minor repairs,Yes,Yes,HWISE Survey,Always (More than 20 times in last 4 weeks),Sometimes (3–10 times in the last 4 weeks),Sometimes (3–10 times in the last 4 weeks),Rarely (1–2 times in the last 4 weeks),Rarely (1–2 times in the last 4 weeks),Never,Never,Rarely (1–2 times in the last 4 weeks),Rarely (1–2 times in the last 4 weeks),Never,Never,Rarely (1–2 times in the last 4 weeks)
Yes,1,Khulna,Koyra,1,Baseline,Female,42,7,4,3,Primary Education,Farmer,NA,Yes,15 Liter,0,0,1,0,0,0,NA,NA,NA,4,NA,NA,NA,NA,Borehole with handpump,No,Other (please specify),0,0,0,0,0,0,0,1,N/A,20,6,46,No,No,NA,Neutral,NA,NA,NA,NA,NA,NA,NA,NA,NA,Latrine/toilet,1,0,0,0,0,Latrine/toilet,1,0,0,0,0,0,0,Child uses latrine,NA,"Yes, shows facility",Flush/pour flush,Pit Latrine,No,"Medium (some damage, but safe to stand on)",Offers full privacy (has walls and a door ),NA,Yes,After defecation  After cleaning or changing a baby Before praying After working in the dirt Before feeding child  Before eating Before food preparation,1,1,1,1,1,1,1,0,0,0,NA,5,Yes,Soap,Yes,No,NA,NA,NA,NA,NA,NA,NA,NA,No,NA,No,NA,NA,NA,HWISE Survey,Often (10-20 times in last 4 weeks),Rarely (1–2 times in the last 4 weeks),Rarely (1–2 times in the last 4 weeks),Rarely (1–2 times in the last 4 weeks),Rarely (1–2 times in the last 4 weeks),Never,Never,Never,Rarely (1–2 times in the last 4 weeks),Never,Never,Rarely (1–2 times in the last 4 weeks)
Yes,1,Khulna,Koyra,1,Baseline,Female,37,6,3,3,University,Gov. Job,NA,Yes,25 Liter,1,0,0,0,0,0,NA,2,NA,NA,NA,NA,NA,NA,Borehole with handpump,No,Other (please specify),0,0,0,0,0,0,0,1,N/A,12,8,32,No,No,NA,Not Satisfied,Long lines,1,0,0,0,0,0,0,NA,Latrine/toilet,1,0,0,0,0,Latrine/toilet,1,0,0,0,0,0,0,Child uses latrine,NA,"Yes, shows facility",Flush/pour flush,Septic Tank,Yes,Good condition (no cracks or gaps),Offers full privacy (has walls and a door ),NA,Yes,After defecation   Before eating Before food preparation After cleaning or changing a baby Before feeding child Before praying After working in the dirt,1,1,1,1,1,1,1,0,0,0,NA,5,Yes,Soap,Yes,No,NA,NA,NA,NA,NA,NA,NA,NA,No,NA,Yes,Only for minor repairs,Yes,Yes,HWISE Survey,Often (10-20 times in last 4 weeks),Rarely (1–2 times in the last 4 weeks),Rarely (1–2 times in the last 4 weeks),Rarely (1–2 times in the last 4 weeks),Sometimes (3–10 times in the last 4 weeks),Never,Never,Never,Never,Never,Never,Rarely (1–2 times in the last 4 weeks)
Yes,1,Khulna,Koyra,1,Baseline,Male,32,4,2,2,Non-Literate,Farmer,NA,Yes,20 Liter,0,1,0,0,0,0,NA,NA,2,NA,NA,NA,NA,NA,Borehole with handpump,don’t know,NA,NA,NA,NA,NA,NA,NA,NA,NA,NA,10,5,25,No,No,NA,Neutral,NA,NA,NA,NA,NA,NA,NA,NA,NA,Latrine/toilet,1,0,0,0,0,"Not applicable, no one between the ages of 3-17 lives in this household",0,0,0,0,1,0,0,"Not applicable, no one under 3 lives in this household",NA,"Yes, shows facility",Flush/pour flush,Septic Tank,Yes,Good condition (no cracks or gaps),Offers full privacy (has walls and a door ),NA,Yes,After defecation   Before eating Before praying After working in the dirt Before food preparation,1,0,1,1,0,1,1,0,0,0,NA,3,Yes,Soap,Yes,No,NA,NA,NA,NA,NA,NA,NA,NA,No,NA,Yes,Only for minor repairs,Yes,Yes,HWISE Survey,Often (10-20 times in last 4 weeks),Sometimes (3–10 times in the last 4 weeks),Rarely (1–2 times in the last 4 weeks),Rarely (1–2 times in the last 4 weeks),Never,Rarely (1–2 times in the last 4 weeks),Never,Rarely (1–2 times in the last 4 weeks),Rarely (1–2 times in the last 4 weeks),Never,Rarely (1–2 times in the last 4 weeks),Rarely (1–2 times in the last 4 weeks)
Yes,1,Khulna,Koyra,1,Baseline,Male,62,10,6,4,Primary Education,Farmer,NA,Yes,25 Liter,1,0,0,0,0,0,NA,3,NA,NA,NA,NA,NA,NA,Borehole with handpump,No,Other (please specify),0,0,0,0,0,0,0,1,N/A,20,8,48,No,No,NA,Not Satisfied,Long lines It is too far away,1,0,0,1,0,0,0,NA,Latrine/toilet Don't Know,1,0,0,0,1,Latrine/toilet,1,0,0,0,0,0,0,Child uses latrine,NA,"Yes, shows facility",Pit latrine,NA,NA,Bad ( dangeraous to stand on),Offers full privacy (has walls and a door ),Yes,Yes,After defecation  After working in the dirt  Before eating Before praying,1,0,0,1,0,1,1,0,0,0,NA,2,Yes,Soap,Yes,No,NA,NA,NA,NA,NA,NA,NA,NA,No,NA,No,NA,NA,NA,HWISE Survey,Often (10-20 times in last 4 weeks),Rarely (1–2 times in the last 4 weeks),Rarely (1–2 times in the last 4 weeks),Rarely (1–2 times in the last 4 weeks),Rarely (1–2 times in the last 4 weeks),Never,Never,Never,Rarely (1–2 times in the last 4 weeks),Never,Rarely (1–2 times in the last 4 weeks),Rarely (1–2 times in the last 4 weeks)
Yes,5,Khulna,Koyra,3,Baseline,Male,43,6,4,2,Primary Education,Day Labour,NA,Yes,25 Liter,1,0,0,0,0,0,NA,2,NA,NA,NA,NA,NA,NA,Borehole with handpump,No,Other (please specify),0,0,0,0,0,0,0,1,N/A,20,5,45,Yes,Yes,No,Satisfied,NA,NA,NA,NA,NA,NA,NA,NA,NA,Latrine/toilet,1,0,0,0,0,Potty,0,1,0,0,0,0,0,It is put or rinsed into latrine,NA,"Yes, shows facility",Pit latrine,NA,NA,"Medium (some damage, but safe to stand on)",Offers full privacy (has walls and a door ),Yes,Yes,After defecation  After cleaning or changing a baby  Before eating Before food preparation Before praying After working in the dirt,1,1,1,1,0,1,1,0,0,0,NA,4,Yes,Soap,Yes,No,NA,NA,NA,NA,NA,NA,NA,NA,No,NA,No,NA,NA,NA,HWISE Survey,Rarely (1–2 times in the last 4 weeks),Rarely (1–2 times in the last 4 weeks),Sometimes (3–10 times in the last 4 weeks),Never,Rarely (1–2 times in the last 4 weeks),Never,Never,Never,Sometimes (3–10 times in the last 4 weeks),Rarely (1–2 times in the last 4 weeks),Rarely (1–2 times in the last 4 weeks),Sometimes (3–10 times in the last 4 weeks)
Yes,5,Khulna,Koyra,3,Baseline,Female,60,6,3,3,Non-Literate,Day Labour,NA,Yes,25 Liter,1,0,0,0,0,0,NA,3,NA,NA,NA,NA,NA,NA,Borehole with handpump,No,Other (please specify),0,0,0,0,0,0,0,1,N/A,20,3,43,No,Yes,No,Satisfied,NA,NA,NA,NA,NA,NA,NA,NA,NA,Latrine/toilet,1,0,0,0,0,Latrine/toilet,1,0,0,0,0,0,0,"Not applicable, no one under 3 lives in this household",NA,"Yes, shows facility",Pit latrine,NA,NA,"Medium (some damage, but safe to stand on)",Offers full privacy (has walls and a door ),Yes,Yes,After defecation   Before eating Before food preparation After working in the dirt Before praying,1,0,1,1,0,1,1,0,0,0,NA,3,Yes,Soap,Yes,No,NA,NA,NA,NA,NA,NA,NA,NA,No,NA,No,NA,NA,NA,HWISE Survey,Sometimes (3–10 times in the last 4 weeks),Rarely (1–2 times in the last 4 weeks),Sometimes (3–10 times in the last 4 weeks),Never,Never,Never,Never,Rarely (1–2 times in the last 4 weeks),Sometimes (3–10 times in the last 4 weeks),Rarely (1–2 times in the last 4 weeks),Rarely (1–2 times in the last 4 weeks),Sometimes (3–10 times in the last 4 weeks)
Yes,5,Khulna,Koyra,3,Baseline,Male,35,6,4,2,Primary Education,Day Labour,NA,Yes,20 Liter,0,1,0,0,0,0,NA,NA,2,NA,NA,NA,NA,NA,Borehole with handpump,No,Other (please specify),0,0,0,0,0,0,0,1,N/A,20,10,50,No,Yes,No,Satisfied,NA,NA,NA,NA,NA,NA,NA,NA,NA,Latrine/toilet,1,0,0,0,0,Latrine/toilet,1,0,0,0,0,0,0,"Not applicable, no one under 3 lives in this household",NA,"Yes, shows facility",Pit latrine,NA,NA,"Medium (some damage, but safe to stand on)",Offers full privacy (has walls and a door ),Yes,Yes,After defecation   Before eating Before food preparation Before praying After working in the dirt,1,0,1,1,0,1,1,0,0,0,NA,3,Yes,Soap,Yes,No,NA,NA,NA,NA,NA,NA,NA,NA,No,NA,No,NA,NA,NA,HWISE Survey,Sometimes (3–10 times in the last 4 weeks),Sometimes (3–10 times in the last 4 weeks),Often (10-20 times in last 4 weeks),Sometimes (3–10 times in the last 4 weeks),Rarely (1–2 times in the last 4 weeks),Rarely (1–2 times in the last 4 weeks),Never,Never,Never,Rarely (1–2 times in the last 4 weeks),Sometimes (3–10 times in the last 4 weeks),Rarely (1–2 times in the last 4 weeks)
Yes,5,Khulna,Koyra,3,Baseline,Male,66,2,1,1,Primary Education,Business,NA,Yes,20 Liter,0,1,0,0,0,0,NA,NA,2,NA,NA,NA,NA,NA,Borehole with handpump,No,Other (please specify),0,0,0,0,0,0,0,1,N/A,25,10,60,No,Yes,No,Satisfied,NA,NA,NA,NA,NA,NA,NA,NA,NA,Latrine/toilet,1,0,0,0,0,Latrine/toilet,1,0,0,0,0,0,0,"Not applicable, no one under 3 lives in this household",NA,"Yes, shows facility",Pit latrine,NA,NA,"Medium (some damage, but safe to stand on)",Offers some privacy (has walls but no door),Yes,Yes,After defecation  Before food preparation  Before eating Before praying After working in the dirt,1,0,1,1,0,1,1,0,0,0,NA,3,Yes,Soap,Yes,No,NA,NA,NA,NA,NA,NA,NA,NA,No,NA,No,NA,NA,NA,HWISE Survey,Never,Rarely (1–2 times in the last 4 weeks),Rarely (1–2 times in the last 4 weeks),Never,Never,Rarely (1–2 times in the last 4 weeks),Never,Never,Rarely (1–2 times in the last 4 weeks),Rarely (1–2 times in the last 4 weeks),Sometimes (3–10 times in the last 4 weeks),Rarely (1–2 times in the last 4 weeks)
Yes,5,Khulna,Koyra,1,Baseline,Male,26,5,2,3,Primary Education,Farmer,NA,Yes,25 Liter,1,0,0,0,0,0,NA,2,NA,NA,NA,NA,NA,NA,Borehole with handpump,No,Other (please specify),0,0,0,0,0,0,0,1,N/A,15,30,60,No,No,NA,Satisfied,NA,NA,NA,NA,NA,NA,NA,NA,NA,Latrine/toilet,1,0,0,0,0,Latrine/toilet,1,0,0,0,0,0,0,"Not applicable, no one under 3 lives in this household",NA,"Yes, shows facility",Pit latrine,NA,NA,"Medium (some damage, but safe to stand on)",Offers some privacy (has walls but no door),Yes,Yes,After defecation  Before food preparation  Before eating Before praying After working in the dirt,1,0,1,1,0,1,1,0,0,0,NA,3,Yes,Other cleanser or detergent,Yes,No,NA,NA,NA,NA,NA,NA,NA,NA,No,NA,No,NA,NA,NA,HWISE Survey,Never,Never,Never,Rarely (1–2 times in the last 4 weeks),Never,Rarely (1–2 times in the last 4 weeks),Never,Never,Rarely (1–2 times in the last 4 weeks),Rarely (1–2 times in the last 4 weeks),Sometimes (3–10 times in the last 4 weeks),Never
Yes,5,Khulna,Koyra,1,Baseline,Female,30,4,2,2,Primary Education,Day Labour,NA,Yes,25 Liter,1,0,0,0,0,0,NA,2,NA,NA,NA,NA,NA,NA,Borehole with handpump,No,Other (please specify),0,0,0,0,0,0,0,1,N/A,5,2,12,No,No,NA,Satisfied,NA,NA,NA,NA,NA,NA,NA,NA,NA,Latrine/toilet,1,0,0,0,0,Latrine/toilet,1,0,0,0,0,0,0,"Not applicable, no one under 3 lives in this household",NA,"Yes, shows facility",Pit latrine,NA,NA,Bad ( dangeraous to stand on),Offers some privacy (has walls but no door),Yes,Yes,After defecation  Before food preparation  Before eating After working in the dirt,1,0,1,1,0,0,1,0,0,0,NA,3,Yes,Soap,Yes,No,NA,NA,NA,NA,NA,NA,NA,NA,No,NA,No,NA,NA,NA,HWISE Survey,Rarely (1–2 times in the last 4 weeks),Sometimes (3–10 times in the last 4 weeks),Never,Rarely (1–2 times in the last 4 weeks),Never,Rarely (1–2 times in the last 4 weeks),Never,Never,Never,Never,Never,Rarely (1–2 times in the last 4 weeks)
Yes,6,Khulna,Koyra,3,Baseline,Female,45,2,1,1,Non-Literate,Day Labour,NA,Yes,10 Liter,0,0,0,1,0,0,NA,NA,NA,NA,6,NA,NA,NA,Borehole with handpump,No,Other (please specify),0,0,0,0,0,0,0,1,N/A,30,20,80,No,No,NA,Not Satisfied,Long lines It is too far away,1,0,0,1,0,0,0,NA,Latrine/toilet,1,0,0,0,0,Latrine/toilet,1,0,0,0,0,0,0,"Not applicable, no one under 3 lives in this household",NA,"Yes, shows facility",Pit latrine,NA,NA,"Medium (some damage, but safe to stand on)",Offers full privacy (has walls and a door ),Yes,Yes,After defecation   Before eating After working in the dirt,1,0,0,1,0,0,1,0,0,0,NA,2,Yes,Soap,Yes,No,NA,NA,NA,NA,NA,NA,NA,NA,No,NA,No,NA,NA,NA,HWISE Survey,Rarely (1–2 times in the last 4 weeks),Often (10-20 times in last 4 weeks),Rarely (1–2 times in the last 4 weeks),Sometimes (3–10 times in the last 4 weeks),Sometimes (3–10 times in the last 4 weeks),Rarely (1–2 times in the last 4 weeks),Never,Never,Rarely (1–2 times in the last 4 weeks),Never,Rarely (1–2 times in the last 4 weeks),Sometimes (3–10 times in the last 4 weeks)
Yes,6,Khulna,Koyra,3,Baseline,Male,48,4,2,2,Higher Secondary Education,Farmer,NA,Yes,15 Liter,0,0,1,0,0,0,NA,NA,NA,1,NA,NA,NA,NA,Borehole with handpump,No,Other (please specify),0,0,0,0,0,0,0,1,N/A,30,20,80,No,No,NA,Neutral,NA,NA,NA,NA,NA,NA,NA,NA,NA,Latrine/toilet,1,0,0,0,0,Latrine/toilet,1,0,0,0,0,0,0,"Not applicable, no one under 3 lives in this household",NA,"Yes, shows facility",Flush/pour flush,Pit Latrine,No,Good condition (no cracks or gaps),Offers full privacy (has walls and a door ),NA,Yes,After defecation   Before eating After working in the dirt,1,0,0,1,0,0,1,0,0,0,NA,2,Yes,Other cleanser or detergent,Yes,No,NA,NA,NA,NA,NA,NA,NA,NA,No,NA,No,NA,NA,NA,HWISE Survey,Sometimes (3–10 times in the last 4 weeks),Sometimes (3–10 times in the last 4 weeks),Rarely (1–2 times in the last 4 weeks),Rarely (1–2 times in the last 4 weeks),Sometimes (3–10 times in the last 4 weeks),Rarely (1–2 times in the last 4 weeks),Never,Never,Rarely (1–2 times in the last 4 weeks),Never,Rarely (1–2 times in the last 4 weeks),Often (10-20 times in last 4 weeks)
Yes,6,Khulna,Koyra,3,Baseline,Female,25,6,2,4,Secondary Education,Day Labour,NA,Yes,10 Liter,0,0,0,1,0,0,NA,NA,NA,NA,4,NA,NA,NA,Borehole with handpump,No,Other (please specify),0,0,0,0,0,0,0,1,N/A,30,18,78,No,No,NA,Not Satisfied,Long lines It is too far away,1,0,0,1,0,0,0,NA,Latrine/toilet,1,0,0,0,0,Latrine/toilet,1,0,0,0,0,0,0,"Not applicable, no one under 3 lives in this household",NA,"Yes, shows facility",Pit latrine,NA,NA,"Medium (some damage, but safe to stand on)",Offers full privacy (has walls and a door ),Yes,Yes,After defecation   Before eating After working in the dirt,1,0,0,1,0,0,1,0,0,0,NA,2,Yes,Soap,Yes,No,NA,NA,NA,NA,NA,NA,NA,NA,No,NA,No,NA,NA,NA,HWISE Survey,Sometimes (3–10 times in the last 4 weeks),Often (10-20 times in last 4 weeks),Rarely (1–2 times in the last 4 weeks),Sometimes (3–10 times in the last 4 weeks),Sometimes (3–10 times in the last 4 weeks),Rarely (1–2 times in the last 4 weeks),Never,Never,Rarely (1–2 times in the last 4 weeks),Never,Rarely (1–2 times in the last 4 weeks),Sometimes (3–10 times in the last 4 weeks)
Yes,6,Khulna,Koyra,3,Baseline,Male,56,6,3,3,Secondary Education,Farmer,NA,No,NA,NA,NA,NA,NA,NA,NA,NA,NA,NA,NA,NA,NA,NA,NA,Borehole with handpump,No,Other (please specify),0,0,0,0,0,0,0,1,N/A,30,20,80,No,No,NA,Not Satisfied,Long lines It is too far away,1,0,0,1,0,0,0,NA,Latrine/toilet,1,0,0,0,0,Latrine/toilet,1,0,0,0,0,0,0,"Not applicable, no one under 3 lives in this household",NA,"Yes, shows facility",Flush/pour flush,Pit Latrine,No,Good condition (no cracks or gaps),Offers full privacy (has walls and a door ),NA,Yes,After defecation   Before eating After working in the dirt,1,0,0,1,0,0,1,0,0,0,NA,2,Yes,Soap,Yes,No,NA,NA,NA,NA,NA,NA,NA,NA,No,NA,No,NA,NA,NA,HWISE Survey,Sometimes (3–10 times in the last 4 weeks),Sometimes (3–10 times in the last 4 weeks),Rarely (1–2 times in the last 4 weeks),Rarely (1–2 times in the last 4 weeks),Rarely (1–2 times in the last 4 weeks),Rarely (1–2 times in the last 4 weeks),Never,Never,Rarely (1–2 times in the last 4 weeks),Never,Rarely (1–2 times in the last 4 weeks),Sometimes (3–10 times in the last 4 weeks)
Yes,6,Khulna,Koyra,3,Baseline,Female,35,5,3,2,Secondary Education,Farmer,NA,No,NA,NA,NA,NA,NA,NA,NA,NA,NA,NA,NA,NA,NA,NA,NA,Borehole with handpump,No,Other (please specify),0,0,0,0,0,0,0,1,N/A,30,15,75,No,No,NA,Neutral,NA,NA,NA,NA,NA,NA,NA,NA,NA,Latrine/toilet,1,0,0,0,0,Latrine/toilet,1,0,0,0,0,0,0,"Not applicable, no one under 3 lives in this household",NA,"Yes, shows facility",Pit latrine,NA,NA,"Medium (some damage, but safe to stand on)",Offers some privacy (has walls but no door),No,Yes,After defecation  After working in the dirt  Before eating,1,0,0,1,0,0,1,0,0,0,NA,2,Yes,Soap,Yes,No,NA,NA,NA,NA,NA,NA,NA,NA,No,NA,No,NA,NA,NA,HWISE Survey,Sometimes (3–10 times in the last 4 weeks),Sometimes (3–10 times in the last 4 weeks),Rarely (1–2 times in the last 4 weeks),Rarely (1–2 times in the last 4 weeks),Rarely (1–2 times in the last 4 weeks),Rarely (1–2 times in the last 4 weeks),Never,Never,Rarely (1–2 times in the last 4 weeks),Never,Rarely (1–2 times in the last 4 weeks),Sometimes (3–10 times in the last 4 weeks)
Yes,6,Khulna,Koyra,3,Baseline,Female,50,6,4,2,Primary Education,Day Labour,NA,No,NA,NA,NA,NA,NA,NA,NA,NA,NA,NA,NA,NA,NA,NA,NA,Borehole with handpump,No,Other (please specify),0,0,0,0,0,0,0,1,N/A,30,15,75,No,No,NA,Neutral,NA,NA,NA,NA,NA,NA,NA,NA,NA,Latrine/toilet,1,0,0,0,0,Latrine/toilet,1,0,0,0,0,0,0,"Not applicable, no one under 3 lives in this household",NA,"Yes, shows facility",Pit latrine,NA,NA,Good condition (no cracks or gaps),Offers full privacy (has walls and a door ),Yes,Yes,After defecation   Before eating Before food preparation After working in the dirt,1,0,1,1,0,0,1,0,0,0,NA,3,Yes,Soap,Yes,No,NA,NA,NA,NA,NA,NA,NA,NA,No,NA,No,NA,NA,NA,HWISE Survey,Sometimes (3–10 times in the last 4 weeks),Often (10-20 times in last 4 weeks),Rarely (1–2 times in the last 4 weeks),Rarely (1–2 times in the last 4 weeks),Sometimes (3–10 times in the last 4 weeks),Rarely (1–2 times in the last 4 weeks),Never,Never,Sometimes (3–10 times in the last 4 weeks),Never,Rarely (1–2 times in the last 4 weeks),Often (10-20 times in last 4 weeks)
Yes,6,Khulna,Koyra,1,Baseline,Female,35,5,2,3,Non-Literate,Day Labour,NA,Yes,15 Liter,0,0,1,0,0,0,NA,NA,NA,2,NA,NA,NA,NA,Borehole with handpump,No,Other (please specify),0,0,0,0,0,0,0,1,N/A,15,25,55,No,No,NA,Not Satisfied,Long lines It is too far away,1,0,0,1,0,0,0,NA,Latrine/toilet,1,0,0,0,0,Latrine/toilet,1,0,0,0,0,0,0,"Not applicable, no one under 3 lives in this household",NA,"Yes, shows facility",Pit latrine,NA,NA,Bad ( dangeraous to stand on),Offers little to no privacy (very poor quality),Yes,Yes,After defecation   Before eating Before food preparation After working in the dirt Before praying,1,0,1,1,0,1,1,0,0,0,NA,3,Yes,Soap,Yes,No,NA,NA,NA,NA,NA,NA,NA,NA,No,NA,No,NA,NA,NA,HWISE Survey,Rarely (1–2 times in the last 4 weeks),Often (10-20 times in last 4 weeks),Rarely (1–2 times in the last 4 weeks),Rarely (1–2 times in the last 4 weeks),Rarely (1–2 times in the last 4 weeks),Rarely (1–2 times in the last 4 weeks),Never,Never,Rarely (1–2 times in the last 4 weeks),Rarely (1–2 times in the last 4 weeks),Rarely (1–2 times in the last 4 weeks),Often (10-20 times in last 4 weeks)
Yes,2,Khulna,Koyra,2,Baseline,Female,30,5,2,3,Secondary Education,Day Labour,NA,Yes,Other (please specify),0,0,0,0,0,1,40,NA,NA,NA,NA,NA,3,40,Borehole with handpump,No,Other (please specify),0,0,0,0,0,0,0,1,N/A,20,5,45,Yes,No,NA,Not Satisfied,It is too far away Long lines,1,0,0,1,0,0,0,NA,Latrine/toilet,1,0,0,0,0,Latrine/toilet,1,0,0,0,0,0,0,"Not applicable, no one under 3 lives in this household",NA,"Yes, shows facility",Pit latrine,NA,NA,"Medium (some damage, but safe to stand on)",Offers some privacy (has walls but no door),Yes,No,Before eating After defecation  Before food preparation Before feeding child After cleaning or changing a baby After working in the dirt,1,1,1,1,1,0,1,0,0,0,NA,5,Yes,Soap,Yes,No,NA,NA,NA,NA,NA,NA,NA,NA,No,NA,No,NA,NA,NA,HWISE Survey,Often (10-20 times in last 4 weeks),Rarely (1–2 times in the last 4 weeks),Rarely (1–2 times in the last 4 weeks),Sometimes (3–10 times in the last 4 weeks),Never,Never,Never,Rarely (1–2 times in the last 4 weeks),Rarely (1–2 times in the last 4 weeks),Rarely (1–2 times in the last 4 weeks),Rarely (1–2 times in the last 4 weeks),Rarely (1–2 times in the last 4 weeks)
Yes,2,Khulna,Koyra,2,Baseline,Female,28,6,3,3,Secondary Education,Farmer,NA,Yes,Other (please specify),0,0,0,0,0,1,30,NA,NA,NA,NA,NA,3,30,Borehole with handpump,No,Other (please specify),0,0,0,0,0,0,0,1,N/A,10,0,20,Yes,No,NA,Not Satisfied,It is too far away,0,0,0,1,0,0,0,NA,Latrine/toilet,1,0,0,0,0,Latrine/toilet,1,0,0,0,0,0,0,It is put or rinsed into latrine,NA,"Yes, shows facility",Flush/pour flush,Septic Tank,No,Good condition (no cracks or gaps),Offers full privacy (has walls and a door ),NA,No,After defecation  After cleaning or changing a baby  Before eating Before food preparation Before feeding child After working in the dirt,1,1,1,1,1,0,1,0,0,0,NA,5,Yes,Soap,Yes,No,NA,NA,NA,NA,NA,NA,NA,NA,No,NA,No,NA,NA,NA,HWISE Survey,Always (More than 20 times in last 4 weeks),Sometimes (3–10 times in the last 4 weeks),Sometimes (3–10 times in the last 4 weeks),Rarely (1–2 times in the last 4 weeks),Rarely (1–2 times in the last 4 weeks),Never,Never,Never,Sometimes (3–10 times in the last 4 weeks),Never,Sometimes (3–10 times in the last 4 weeks),Sometimes (3–10 times in the last 4 weeks)
Yes,2,Khulna,Koyra,2,Baseline,Female,36,4,3,1,Secondary Education,Shopkeeper,NA,Yes,20 Liter,0,1,0,0,0,0,NA,NA,1,NA,NA,NA,NA,NA,Borehole with handpump,No,Other (please specify),0,0,0,0,0,0,0,1,N/A,20,30,70,Yes,No,NA,Not Satisfied,It is too far away Long lines,1,0,0,1,0,0,0,NA,Latrine/toilet,1,0,0,0,0,Latrine/toilet,1,0,0,0,0,0,0,"Not applicable, no one under 3 lives in this household",NA,"Yes, shows facility",Pit latrine,NA,NA,"Medium (some damage, but safe to stand on)",Offers some privacy (has walls but no door),Yes,No,After working in the dirt  Before eating Before food preparation,0,0,1,1,0,0,1,0,0,0,NA,2,Yes,Soap,Yes,No,NA,NA,NA,NA,NA,NA,NA,NA,No,NA,No,NA,NA,NA,HWISE Survey,Often (10-20 times in last 4 weeks),Sometimes (3–10 times in the last 4 weeks),Rarely (1–2 times in the last 4 weeks),Sometimes (3–10 times in the last 4 weeks),Rarely (1–2 times in the last 4 weeks),Never,Never,Never,Rarely (1–2 times in the last 4 weeks),Never,Rarely (1–2 times in the last 4 weeks),Rarely (1–2 times in the last 4 weeks)
Yes,4,Khulna,Koyra,2,Baseline,Male,32,4,2,2,Secondary Education,Day Labour,NA,Yes,15 Liter,0,0,1,0,0,0,NA,NA,NA,2,NA,NA,NA,NA,Borehole with handpump,Yes,NA,NA,NA,NA,NA,NA,NA,NA,NA,NA,40,5,85,Yes,No,NA,Not Satisfied,It is too far away Long lines,1,0,0,1,0,0,0,NA,Latrine/toilet,1,0,0,0,0,Potty,0,1,0,0,0,0,0,It is put or rinse into garbage bin,NA,"Yes, shows facility",Pit latrine,NA,NA,Bad ( dangeraous to stand on),Offers full privacy (has walls and a door ),Yes,No,Before eating After defecation  After working in the dirt,1,0,0,1,0,0,1,0,0,0,NA,2,Yes,Soap,Yes,Yes,Water User Group,1,0,0,0,0,0,NA,Yes,For pure Water,No,NA,NA,NA,HWISE Survey,Sometimes (3–10 times in the last 4 weeks),Sometimes (3–10 times in the last 4 weeks),Sometimes (3–10 times in the last 4 weeks),Rarely (1–2 times in the last 4 weeks),Rarely (1–2 times in the last 4 weeks),Rarely (1–2 times in the last 4 weeks),Rarely (1–2 times in the last 4 weeks),Sometimes (3–10 times in the last 4 weeks),Sometimes (3–10 times in the last 4 weeks),Rarely (1–2 times in the last 4 weeks),Rarely (1–2 times in the last 4 weeks),Rarely (1–2 times in the last 4 weeks)
Yes,2,Khulna,Koyra,2,Baseline,Female,52,3,2,1,Higher Secondary Education,Private Job,NA,Yes,10 Liter,0,0,0,1,0,0,NA,NA,NA,NA,1,NA,NA,NA,Borehole with handpump,No,Other (please specify),0,0,0,0,0,0,0,1,N/A,20,10,50,No,No,NA,Not Satisfied,It is too far away Long lines,1,0,0,1,0,0,0,NA,Latrine/toilet,1,0,0,0,0,Latrine/toilet,1,0,0,0,0,0,0,"Not applicable, no one under 3 lives in this household",NA,"Yes, shows facility",Flush/pour flush,Septic Tank,Yes,Good condition (no cracks or gaps),Offers full privacy (has walls and a door ),NA,Yes,Before eating Before food preparation After working in the dirt,0,0,1,1,0,0,1,0,0,0,NA,2,Yes,Soap,Yes,No,NA,NA,NA,NA,NA,NA,NA,NA,No,NA,No,NA,NA,NA,HWISE Survey,Often (10-20 times in last 4 weeks),Sometimes (3–10 times in the last 4 weeks),Never,Never,Never,Never,Never,Never,Sometimes (3–10 times in the last 4 weeks),Never,Never,Sometimes (3–10 times in the last 4 weeks)
Yes,2,Khulna,Koyra,2,Baseline,Female,54,5,1,4,Higher Secondary Education,Others (Please Specify),Tuition,Yes,20 Liter,0,1,0,0,0,0,NA,NA,2,NA,NA,NA,NA,NA,Borehole with handpump,No,Other (please specify),0,0,0,0,0,0,0,1,N/A,30,0,60,Yes,No,NA,Not Satisfied,It is too far away,0,0,0,1,0,0,0,NA,Latrine/toilet,1,0,0,0,0,Latrine/toilet,1,0,0,0,0,0,0,It is put or rinsed into latrine,NA,"Yes, shows facility",Pit latrine,NA,NA,"Medium (some damage, but safe to stand on)",Offers full privacy (has walls and a door ),Yes,Yes,Before eating After working in the dirt,0,0,0,1,0,0,1,0,0,0,NA,1,Yes,None Shown,Yes,No,NA,NA,NA,NA,NA,NA,NA,NA,No,NA,No,NA,NA,NA,HWISE Survey,Often (10-20 times in last 4 weeks),Sometimes (3–10 times in the last 4 weeks),Rarely (1–2 times in the last 4 weeks),Never,Never,Never,Never,Never,Rarely (1–2 times in the last 4 weeks),Never,Rarely (1–2 times in the last 4 weeks),Sometimes (3–10 times in the last 4 weeks)
Yes,2,Khulna,Koyra,2,Baseline,Female,30,5,2,3,Secondary Education,Business,NA,No,NA,NA,NA,NA,NA,NA,NA,NA,NA,NA,NA,NA,NA,NA,NA,Borehole with handpump,No,Other (please specify),0,0,0,0,0,0,0,1,N/A,30,30,90,Yes,No,NA,Not Satisfied,Long lines It is too far away,1,0,0,1,0,0,0,NA,Latrine/toilet,1,0,0,0,0,Latrine/toilet,1,0,0,0,0,0,0,It is put or rinsed on the ground or in the open,NA,"Yes, shows facility",Flush/pour flush,Septic Tank,No,"Medium (some damage, but safe to stand on)",Offers some privacy (has walls but no door),NA,Yes,Before feeding child  Before eating After working in the dirt,0,0,0,1,1,0,1,0,0,0,NA,2,Yes,Soap,Yes,No,NA,NA,NA,NA,NA,NA,NA,NA,No,NA,No,NA,NA,NA,HWISE Survey,Often (10-20 times in last 4 weeks),Sometimes (3–10 times in the last 4 weeks),Rarely (1–2 times in the last 4 weeks),Rarely (1–2 times in the last 4 weeks),Rarely (1–2 times in the last 4 weeks),Never,Never,Rarely (1–2 times in the last 4 weeks),Sometimes (3–10 times in the last 4 weeks),Never,Sometimes (3–10 times in the last 4 weeks),Sometimes (3–10 times in the last 4 weeks)
Yes,2,Khulna,Koyra,2,Baseline,Male,25,3,2,1,University,Private Job,NA,Yes,Other (please specify),0,0,0,0,0,1,40,NA,NA,NA,NA,NA,4,40,Borehole with handpump,No,Other (please specify),0,0,0,0,0,0,0,1,N/A,4,30,38,Yes,No,NA,Not Satisfied,Long lines,1,0,0,0,0,0,0,NA,Latrine/toilet,1,0,0,0,0,"Not applicable, no one between the ages of 3-17 lives in this household",0,0,0,0,1,0,0,"Not applicable, no one under 3 lives in this household",NA,"Yes, shows facility",Flush/pour flush,Septic Tank,No,"Medium (some damage, but safe to stand on)",Offers some privacy (has walls but no door),NA,Yes,After defecation  Before food preparation  Before eating After working in the dirt Before praying,1,0,1,1,0,1,1,0,0,0,NA,3,Yes,Soap,Yes,No,NA,NA,NA,NA,NA,NA,NA,NA,No,NA,Yes,Only for minor repairs,No,No,HWISE Survey,Sometimes (3–10 times in the last 4 weeks),Rarely (1–2 times in the last 4 weeks),Rarely (1–2 times in the last 4 weeks),Never,Never,Never,Never,Never,Never,Never,Never,Sometimes (3–10 times in the last 4 weeks)
Yes,4,Khulna,Koyra,2,Baseline,Female,35,5,2,3,Secondary Education,Day Labour,NA,Yes,25 Liter,1,0,0,0,0,0,NA,2,NA,NA,NA,NA,NA,NA,Borehole with handpump,Yes,NA,NA,NA,NA,NA,NA,NA,NA,NA,NA,40,20,100,Yes,No,NA,Not Satisfied,Long lines It is too far away,1,0,0,1,0,0,0,NA,Latrine/toilet,1,0,0,0,0,Latrine/toilet,1,0,0,0,0,0,0,"Not applicable, no one under 3 lives in this household",NA,"Yes, shows facility",Pit latrine,NA,NA,"Medium (some damage, but safe to stand on)",Offers some privacy (has walls but no door),Yes,No,After defecation  Before food preparation  Before eating After working in the dirt,1,0,1,1,0,0,1,0,0,0,NA,3,Yes,Soap,Yes,Yes,Water User Group,1,0,0,0,0,0,NA,Yes,For  Pure water,No,NA,NA,NA,HWISE Survey,Sometimes (3–10 times in the last 4 weeks),Sometimes (3–10 times in the last 4 weeks),Rarely (1–2 times in the last 4 weeks),Rarely (1–2 times in the last 4 weeks),Rarely (1–2 times in the last 4 weeks),Rarely (1–2 times in the last 4 weeks),Rarely (1–2 times in the last 4 weeks),Never,Rarely (1–2 times in the last 4 weeks),Rarely (1–2 times in the last 4 weeks),Rarely (1–2 times in the last 4 weeks),Sometimes (3–10 times in the last 4 weeks)
Yes,4,Khulna,Koyra,2,Baseline,Female,55,5,2,3,Primary Education,Day Labour,NA,Yes,15 Liter,0,0,1,0,0,0,NA,NA,NA,3,NA,NA,NA,NA,Borehole with handpump,Yes,NA,NA,NA,NA,NA,NA,NA,NA,NA,NA,10,10,30,Yes,No,NA,Not Satisfied,Long lines,1,0,0,0,0,0,0,NA,Latrine/toilet,1,0,0,0,0,In the open/no sanitation facilities,0,0,1,0,0,0,0,It is put or rinsed on the ground or in the open,NA,"Yes, shows facility",Pit latrine,NA,NA,Bad ( dangeraous to stand on),Offers full privacy (has walls and a door ),No,No,After defecation   Before eating Before food preparation After working in the dirt Before praying,1,0,1,1,0,1,1,0,0,0,NA,3,Yes,Soap,Yes,No,NA,NA,NA,NA,NA,NA,NA,NA,Yes,For Sanitation,No,NA,NA,NA,HWISE Survey,Rarely (1–2 times in the last 4 weeks),Sometimes (3–10 times in the last 4 weeks),Rarely (1–2 times in the last 4 weeks),Rarely (1–2 times in the last 4 weeks),Rarely (1–2 times in the last 4 weeks),Never,Rarely (1–2 times in the last 4 weeks),Rarely (1–2 times in the last 4 weeks),Rarely (1–2 times in the last 4 weeks),Rarely (1–2 times in the last 4 weeks),Rarely (1–2 times in the last 4 weeks),Sometimes (3–10 times in the last 4 weeks)
Yes,4,Khulna,Koyra,2,Baseline,Female,50,2,1,1,Non-Literate,Farmer,NA,Yes,15 Liter,0,0,1,0,0,0,NA,NA,NA,1,NA,NA,NA,NA,Borehole with handpump,Yes,NA,NA,NA,NA,NA,NA,NA,NA,NA,NA,40,10,90,Yes,No,NA,Not Satisfied,Long lines It is too far away,1,0,0,1,0,0,0,NA,Latrine/toilet,1,0,0,0,0,Latrine/toilet,1,0,0,0,0,0,0,"Not applicable, no one under 3 lives in this household",NA,"Yes, shows facility",Pit latrine,NA,NA,"Medium (some damage, but safe to stand on)",Offers full privacy (has walls and a door ),Yes,No,After defecation   Before eating After working in the dirt,1,0,0,1,0,0,1,0,0,0,NA,2,Yes,Soap,Yes,No,NA,NA,NA,NA,NA,NA,NA,NA,Yes,For pure water,No,NA,NA,NA,HWISE Survey,Rarely (1–2 times in the last 4 weeks),Rarely (1–2 times in the last 4 weeks),Sometimes (3–10 times in the last 4 weeks),Sometimes (3–10 times in the last 4 weeks),Rarely (1–2 times in the last 4 weeks),Rarely (1–2 times in the last 4 weeks),Sometimes (3–10 times in the last 4 weeks),Sometimes (3–10 times in the last 4 weeks),Rarely (1–2 times in the last 4 weeks),Sometimes (3–10 times in the last 4 weeks),Sometimes (3–10 times in the last 4 weeks),Sometimes (3–10 times in the last 4 weeks)
Yes,4,Khulna,Koyra,2,Baseline,Female,45,4,2,2,Secondary Education,Farmer,NA,Yes,10 Liter,0,0,0,1,0,0,NA,NA,NA,NA,4,NA,NA,NA,Borehole with handpump,Yes,NA,NA,NA,NA,NA,NA,NA,NA,NA,NA,40,20,100,Yes,No,NA,Not Satisfied,Long lines It is too far away,1,0,0,1,0,0,0,NA,Latrine/toilet,1,0,0,0,0,Latrine/toilet,1,0,0,0,0,0,0,Child uses latrine,NA,"Yes, shows facility",Pit latrine,NA,NA,"Medium (some damage, but safe to stand on)",Offers full privacy (has walls and a door ),Yes,No,After defecation  Before food preparation After working in the dirt,1,0,1,0,0,0,1,0,0,0,NA,2,Yes,Soap,Yes,No,NA,NA,NA,NA,NA,NA,NA,NA,Yes,For Sanitation,No,NA,NA,NA,HWISE Survey,Sometimes (3–10 times in the last 4 weeks),Sometimes (3–10 times in the last 4 weeks),Sometimes (3–10 times in the last 4 weeks),Sometimes (3–10 times in the last 4 weeks),Rarely (1–2 times in the last 4 weeks),Rarely (1–2 times in the last 4 weeks),Rarely (1–2 times in the last 4 weeks),Never,Sometimes (3–10 times in the last 4 weeks),Rarely (1–2 times in the last 4 weeks),Rarely (1–2 times in the last 4 weeks),Sometimes (3–10 times in the last 4 weeks)
Yes,4,Khulna,Koyra,2,Baseline,Male,48,2,2,0,Secondary Education,Day Labour,NA,No,NA,NA,NA,NA,NA,NA,NA,NA,NA,NA,NA,NA,NA,NA,NA,Borehole with handpump,Yes,NA,NA,NA,NA,NA,NA,NA,NA,NA,NA,20,5,45,Yes,Yes,Yes,Not Satisfied,It is too far away Long lines,1,0,0,1,0,0,0,NA,Latrine/toilet,1,0,0,0,0,Latrine/toilet,1,0,0,0,0,0,0,"Not applicable, no one under 3 lives in this household",NA,"Yes, shows facility",Pit latrine,NA,NA,"Medium (some damage, but safe to stand on)",Offers full privacy (has walls and a door ),Yes,No,After defecation  Before food preparation  Before eating After working in the dirt,1,0,1,1,0,0,1,0,0,0,NA,3,Yes,Soap,Yes,No,NA,NA,NA,NA,NA,NA,NA,NA,No,NA,No,NA,NA,NA,HWISE Survey,Never,Rarely (1–2 times in the last 4 weeks),Rarely (1–2 times in the last 4 weeks),Sometimes (3–10 times in the last 4 weeks),Rarely (1–2 times in the last 4 weeks),Sometimes (3–10 times in the last 4 weeks),Rarely (1–2 times in the last 4 weeks),Rarely (1–2 times in the last 4 weeks),Rarely (1–2 times in the last 4 weeks),Rarely (1–2 times in the last 4 weeks),Rarely (1–2 times in the last 4 weeks),Rarely (1–2 times in the last 4 weeks)
Yes,4,Khulna,Koyra,2,Baseline,Female,44,3,2,1,Secondary Education,Gov. Job,NA,Yes,20 Liter,0,1,0,0,0,0,NA,NA,1,NA,NA,NA,NA,NA,Borehole with handpump,Yes,NA,NA,NA,NA,NA,NA,NA,NA,NA,NA,60,20,140,Yes,No,NA,Not Satisfied,Long lines It is too far away,1,0,0,1,0,0,0,NA,Latrine/toilet,1,0,0,0,0,Latrine/toilet,1,0,0,0,0,0,0,"Not applicable, no one under 3 lives in this household",NA,"Yes, shows facility",Pit latrine,NA,NA,"Medium (some damage, but safe to stand on)",Offers full privacy (has walls and a door ),Yes,No,After defecation  Before food preparation Before feeding child,1,0,1,0,1,0,0,0,0,0,NA,3,Yes,Soap,Yes,No,NA,NA,NA,NA,NA,NA,NA,NA,Yes,For Sanitation,Yes,Yes,Yes,No,HWISE Survey,Rarely (1–2 times in the last 4 weeks),Sometimes (3–10 times in the last 4 weeks),Sometimes (3–10 times in the last 4 weeks),Sometimes (3–10 times in the last 4 weeks),Rarely (1–2 times in the last 4 weeks),Rarely (1–2 times in the last 4 weeks),Rarely (1–2 times in the last 4 weeks),Rarely (1–2 times in the last 4 weeks),Rarely (1–2 times in the last 4 weeks),Sometimes (3–10 times in the last 4 weeks),Rarely (1–2 times in the last 4 weeks),Sometimes (3–10 times in the last 4 weeks)
Yes,4,Khulna,Koyra,2,Baseline,Female,43,2,1,1,Primary Education,Day Labour,NA,Yes,20 Liter,0,1,0,0,0,0,NA,NA,3,NA,NA,NA,NA,NA,Borehole with handpump,Yes,NA,NA,NA,NA,NA,NA,NA,NA,NA,NA,40,20,100,Yes,No,NA,Not Satisfied,Long lines It is too far away,1,0,0,1,0,0,0,NA,Latrine/toilet,1,0,0,0,0,Latrine/toilet,1,0,0,0,0,0,0,"Not applicable, no one under 3 lives in this household",NA,"Yes, shows facility",Pit latrine,NA,NA,"Medium (some damage, but safe to stand on)",Offers full privacy (has walls and a door ),Yes,No,Before eating Before food preparation After defecation  After working in the dirt,1,0,1,1,0,0,1,0,0,0,NA,3,Yes,Soap,Yes,No,NA,NA,NA,NA,NA,NA,NA,NA,Yes,For Sanitation,No,NA,NA,NA,HWISE Survey,Rarely (1–2 times in the last 4 weeks),Sometimes (3–10 times in the last 4 weeks),Rarely (1–2 times in the last 4 weeks),Rarely (1–2 times in the last 4 weeks),Rarely (1–2 times in the last 4 weeks),Rarely (1–2 times in the last 4 weeks),Never,Never,Sometimes (3–10 times in the last 4 weeks),Rarely (1–2 times in the last 4 weeks),Rarely (1–2 times in the last 4 weeks),Sometimes (3–10 times in the last 4 weeks)
Yes,11,Bagerhat,Morrelganj,3,Baseline,Female,30,3,0,3,Secondary Education,Business,NA,No,NA,NA,NA,NA,NA,NA,NA,NA,NA,NA,NA,NA,NA,NA,NA,Rainwater collection,No,Other (please specify),0,0,0,0,0,0,0,1,N/A,20,5,45,No,No,NA,Not Satisfied,Other (please specify),0,0,0,0,0,0,1,If there is no water then they have to face much problem to collect water from pond. Because the water of pond have so much salinity,Latrine/toilet,1,0,0,0,0,Latrine/toilet,1,0,0,0,0,0,0,"Not applicable, no one under 3 lives in this household",NA,"Yes, shows facility",Pit latrine,NA,NA,Good condition (no cracks or gaps),Offers full privacy (has walls and a door ),Yes,Yes,After defecation  Before food preparation  Before eating Before praying After working in the dirt,1,0,1,1,0,1,1,0,0,0,NA,3,Yes,Soap,Yes,No,NA,NA,NA,NA,NA,NA,NA,NA,No,NA,No,NA,NA,NA,HWISE Survey,Never,Never,Never,Never,Never,Never,Never,Never,Never,Never,Never,Never
Yes,11,Bagerhat,Morrelganj,3,Baseline,Female,40,8,5,3,Primary Education,Farmer,NA,No,NA,NA,NA,NA,NA,NA,NA,NA,NA,NA,NA,NA,NA,NA,NA,Rainwater collection,No,Other (please specify),0,0,0,0,0,0,0,1,N/A,20,5,45,No,No,NA,Not Satisfied,Other (please specify),0,0,0,0,0,0,1,If there is no water then they have to face much problem to collect water from pond. Because the water of pond have so much salinity,Latrine/toilet,1,0,0,0,0,Latrine/toilet,1,0,0,0,0,0,0,"Not applicable, no one under 3 lives in this household",NA,"Yes, shows facility",Pit latrine,NA,NA,"Medium (some damage, but safe to stand on)",Offers full privacy (has walls and a door ),Yes,Yes,After defecation  Before food preparation  Before eating Before praying After working in the dirt,1,0,1,1,0,1,1,0,0,0,NA,3,Yes,Soap,Yes,No,NA,NA,NA,NA,NA,NA,NA,NA,No,NA,No,NA,NA,NA,HWISE Survey,Never,Never,Never,Never,Never,Sometimes (3–10 times in the last 4 weeks),Never,Never,Never,Never,Never,Never
Yes,11,Bagerhat,Morrelganj,3,Baseline,Male,35,3,2,1,Primary Education,Day Labour,NA,No,NA,NA,NA,NA,NA,NA,NA,NA,NA,NA,NA,NA,NA,NA,NA,Rainwater collection,No,Other (please specify),0,0,0,0,0,0,0,1,N/A,20,10,50,No,No,NA,Not Satisfied,Other (please specify),0,0,0,0,0,0,1,If there is no water then they have to face much problem to collect water from pond. Because the water of pond have so much salinity,Latrine/toilet,1,0,0,0,0,Latrine/toilet,1,0,0,0,0,0,0,"Not applicable, no one under 3 lives in this household",NA,"Yes, shows facility",Pit latrine,NA,NA,Good condition (no cracks or gaps),Offers full privacy (has walls and a door ),Yes,Yes,After defecation   Before eating Before praying After working in the dirt,1,0,0,1,0,1,1,0,0,0,NA,2,Yes,Soap,Yes,No,NA,NA,NA,NA,NA,NA,NA,NA,No,NA,No,NA,NA,NA,HWISE Survey,Often (10-20 times in last 4 weeks),Often (10-20 times in last 4 weeks),Often (10-20 times in last 4 weeks),Often (10-20 times in last 4 weeks),Often (10-20 times in last 4 weeks),Often (10-20 times in last 4 weeks),Sometimes (3–10 times in the last 4 weeks),Never,Sometimes (3–10 times in the last 4 weeks),Often (10-20 times in last 4 weeks),Often (10-20 times in last 4 weeks),Often (10-20 times in last 4 weeks)
Yes,11,Bagerhat,Morrelganj,3,Baseline,Male,65,2,1,1,Non-Literate,Others (Please Specify),Unemployed,No,NA,NA,NA,NA,NA,NA,NA,NA,NA,NA,NA,NA,NA,NA,NA,Rainwater collection,No,Other (please specify),0,0,0,0,0,0,0,1,N/A,20,5,45,Yes,No,NA,Not Satisfied,Other (please specify),0,0,0,0,0,0,1,If there is no water then they have to face much problem to collect water from pond. Because the water of pond have so much salinity and too far,Latrine/toilet,1,0,0,0,0,Latrine/toilet,1,0,0,0,0,0,0,"Not applicable, no one under 3 lives in this household",NA,"Yes, shows facility",Pit latrine,NA,NA,"Medium (some damage, but safe to stand on)",Offers full privacy (has walls and a door ),Yes,Yes,After cleaning or changing a baby Before food preparation  Before eating Before praying After working in the dirt,0,1,1,1,0,1,1,0,0,0,NA,3,Yes,Soap,Yes,No,NA,NA,NA,NA,NA,NA,NA,NA,No,NA,No,NA,NA,NA,HWISE Survey,Often (10-20 times in last 4 weeks),Often (10-20 times in last 4 weeks),Often (10-20 times in last 4 weeks),Often (10-20 times in last 4 weeks),Often (10-20 times in last 4 weeks),Sometimes (3–10 times in the last 4 weeks),Sometimes (3–10 times in the last 4 weeks),Sometimes (3–10 times in the last 4 weeks),Often (10-20 times in last 4 weeks),Sometimes (3–10 times in the last 4 weeks),Sometimes (3–10 times in the last 4 weeks),Often (10-20 times in last 4 weeks)
Yes,11,Bagerhat,Morrelganj,3,Baseline,Female,45,2,1,1,Non-Literate,Farmer,NA,No,NA,NA,NA,NA,NA,NA,NA,NA,NA,NA,NA,NA,NA,NA,NA,Rainwater collection,No,Other (please specify),0,0,0,0,0,0,0,1,N/A,20,10,50,No,No,NA,Not Satisfied,Other (please specify),0,0,0,0,0,0,1,If there is no water then they have to face much problem.,Latrine/toilet,1,0,0,0,0,Latrine/toilet,1,0,0,0,0,0,0,"Not applicable, no one under 3 lives in this household",NA,"Yes, shows facility",Pit latrine,NA,NA,Good condition (no cracks or gaps),Offers full privacy (has walls and a door ),Yes,Yes,After defecation  Before food preparation  Before eating Before praying After working in the dirt,1,0,1,1,0,1,1,0,0,0,NA,3,Yes,Soap,Yes,No,NA,NA,NA,NA,NA,NA,NA,NA,No,NA,No,NA,NA,NA,HWISE Survey,Often (10-20 times in last 4 weeks),Often (10-20 times in last 4 weeks),Often (10-20 times in last 4 weeks),Often (10-20 times in last 4 weeks),Often (10-20 times in last 4 weeks),Often (10-20 times in last 4 weeks),Often (10-20 times in last 4 weeks),Often (10-20 times in last 4 weeks),Often (10-20 times in last 4 weeks),Often (10-20 times in last 4 weeks),Often (10-20 times in last 4 weeks),Sometimes (3–10 times in the last 4 weeks)
Yes,11,Bagerhat,Morrelganj,3,Baseline,Female,35,6,5,1,Primary Education,Day Labour,NA,Yes,Other (please specify),0,0,0,0,0,1,57,NA,NA,NA,NA,NA,3,3,"Surface water (river, dam, lake, pond, stream, canal, irrigation channels)",No,I don't like the taste of the water,0,0,1,0,0,0,0,0,NA,15,5,35,No,No,NA,Not Satisfied,Water tastes bad,0,0,1,0,0,0,0,NA,Latrine/toilet,1,0,0,0,0,Latrine/toilet,1,0,0,0,0,0,0,"Not applicable, no one under 3 lives in this household",NA,"Yes, shows facility",Pit latrine,NA,NA,Good condition (no cracks or gaps),Offers full privacy (has walls and a door ),Yes,Yes,After defecation  Before food preparation  Before eating Before feeding child Before praying After working in the dirt,1,0,1,1,1,1,1,0,0,0,NA,4,Yes,Soap,Yes,No,NA,NA,NA,NA,NA,NA,NA,NA,No,NA,No,NA,NA,NA,HWISE Survey,Rarely (1–2 times in the last 4 weeks),Sometimes (3–10 times in the last 4 weeks),Sometimes (3–10 times in the last 4 weeks),Sometimes (3–10 times in the last 4 weeks),Sometimes (3–10 times in the last 4 weeks),Often (10-20 times in last 4 weeks),Sometimes (3–10 times in the last 4 weeks),Rarely (1–2 times in the last 4 weeks),Sometimes (3–10 times in the last 4 weeks),Sometimes (3–10 times in the last 4 weeks),Sometimes (3–10 times in the last 4 weeks),Rarely (1–2 times in the last 4 weeks)
Yes,12,Khulna,Paikgacha,3,Baseline,Male,59,6,4,2,Primary Education,Farmer,NA,Yes,10 Liter,0,0,0,1,0,0,NA,NA,NA,NA,3,NA,NA,NA,Borehole with handpump,No,don’t know,0,0,0,0,0,0,1,0,NA,2,0,4,No,No,NA,Not Satisfied,"Water tastes bad Water has a bad smell, color, or quality",0,0,1,0,0,1,0,NA,Latrine/toilet,1,0,0,0,0,Latrine/toilet,1,0,0,0,0,0,0,"Not applicable, no one under 3 lives in this household",NA,"Yes, shows facility",Flush/pour flush,Pit Latrine,Yes,"Medium (some damage, but safe to stand on)",Offers some privacy (has walls but no door),NA,No,After defecation  After cleaning or changing a baby  Before eating Before feeding child Before food preparation Before praying After working in the dirt,1,1,1,1,1,1,1,0,0,0,NA,5,Yes,Soap,Yes,No,NA,NA,NA,NA,NA,NA,NA,NA,No,NA,Yes,Yes,Yes,Yes,HWISE Survey,Rarely (1–2 times in the last 4 weeks),Rarely (1–2 times in the last 4 weeks),Never,Rarely (1–2 times in the last 4 weeks),Rarely (1–2 times in the last 4 weeks),Rarely (1–2 times in the last 4 weeks),Never,Never,Rarely (1–2 times in the last 4 weeks),Never,Never,Never
Yes,12,Khulna,Paikgacha,3,Baseline,Female,34,5,3,2,Primary Education,Business,NA,Yes,15 Liter 5 Liter,0,0,1,0,1,0,NA,NA,NA,1,NA,3,NA,NA,Borehole with handpump,No,don’t know,0,0,0,0,0,0,1,0,NA,6,0,12,No,No,NA,Not Satisfied,"Water has a bad smell, color, or quality Water tastes bad",0,0,1,0,0,1,0,NA,Latrine/toilet,1,0,0,0,0,Latrine/toilet,1,0,0,0,0,0,0,"Not applicable, no one under 3 lives in this household",NA,"Yes, shows facility",Pit latrine,NA,NA,"Medium (some damage, but safe to stand on)",Offers some privacy (has walls but no door),No,No,After defecation  After cleaning or changing a baby Before food preparation  Before eating Before praying After working in the dirt,1,1,1,1,0,1,1,0,0,0,NA,4,Yes,Soap,Yes,No,NA,NA,NA,NA,NA,NA,NA,NA,No,NA,Yes,Yes,Yes,No,HWISE Survey,Rarely (1–2 times in the last 4 weeks),Rarely (1–2 times in the last 4 weeks),Never,Rarely (1–2 times in the last 4 weeks),Rarely (1–2 times in the last 4 weeks),Rarely (1–2 times in the last 4 weeks),Rarely (1–2 times in the last 4 weeks),Rarely (1–2 times in the last 4 weeks),Rarely (1–2 times in the last 4 weeks),Never,Rarely (1–2 times in the last 4 weeks),Never
Yes,12,Khulna,Paikgacha,3,Baseline,Female,35,5,4,1,Secondary Education,Farmer,NA,Yes,20 Liter,0,1,0,0,0,0,NA,NA,1,NA,NA,NA,NA,NA,Borehole with handpump,No,don’t know,0,0,0,0,0,0,1,0,NA,2,0,4,No,No,NA,Not Satisfied,"Water tastes bad Water has a bad smell, color, or quality",0,0,1,0,0,1,0,NA,Latrine/toilet,1,0,0,0,0,In the open/no sanitation facilities,0,0,1,0,0,0,0,"Not applicable, no one under 3 lives in this household",NA,"Yes, shows facility",Flush/pour flush,Pit Latrine,Yes,"Medium (some damage, but safe to stand on)",Offers some privacy (has walls but no door),NA,No,After defecation  After cleaning or changing a baby Before food preparation  Before eating Before feeding child Before praying After working in the dirt,1,1,1,1,1,1,1,0,0,0,NA,5,Yes,Soap,Yes,No,NA,NA,NA,NA,NA,NA,NA,NA,No,NA,No,NA,NA,NA,HWISE Survey,Rarely (1–2 times in the last 4 weeks),Rarely (1–2 times in the last 4 weeks),Never,Rarely (1–2 times in the last 4 weeks),Rarely (1–2 times in the last 4 weeks),Rarely (1–2 times in the last 4 weeks),Never,Rarely (1–2 times in the last 4 weeks),Rarely (1–2 times in the last 4 weeks),Rarely (1–2 times in the last 4 weeks),Rarely (1–2 times in the last 4 weeks),Never
Yes,12,Khulna,Paikgacha,3,Baseline,Female,50,5,3,2,Higher Secondary Education,Business,NA,Yes,25 Liter,1,0,0,0,0,0,NA,1,NA,NA,NA,NA,NA,NA,"Bottled water, sachet water",No,don’t know,0,0,0,0,0,0,1,0,NA,20,10,50,No,No,NA,Not Satisfied,It is too expensive It is too far away,0,1,0,1,0,0,0,NA,Latrine/toilet,1,0,0,0,0,Latrine/toilet,1,0,0,0,0,0,0,It is put or rinsed into latrine,NA,"Yes, shows facility",Flush/pour flush,Pit Latrine,Yes,"Medium (some damage, but safe to stand on)",Offers full privacy (has walls and a door ),NA,No,After cleaning or changing a baby After defecation  Before food preparation  Before eating Before feeding child Before praying After working in the dirt,1,1,1,1,1,1,1,0,0,0,NA,5,Yes,Soap,Yes,No,NA,NA,NA,NA,NA,NA,NA,NA,No,NA,No,NA,NA,NA,HWISE Survey,Sometimes (3–10 times in the last 4 weeks),Sometimes (3–10 times in the last 4 weeks),Never,Rarely (1–2 times in the last 4 weeks),Sometimes (3–10 times in the last 4 weeks),Never,Rarely (1–2 times in the last 4 weeks),Never,Sometimes (3–10 times in the last 4 weeks),Rarely (1–2 times in the last 4 weeks),Sometimes (3–10 times in the last 4 weeks),Rarely (1–2 times in the last 4 weeks)
Yes,12,Khulna,Paikgacha,3,Baseline,Female,36,5,2,3,Primary Education,Farmer,NA,Yes,15 Liter 5 Liter,0,0,1,0,1,0,NA,NA,NA,1,NA,1,NA,NA,Borehole with handpump,No,don’t know,0,0,0,0,0,0,1,0,NA,2,0,4,No,No,NA,Not Satisfied,"Water tastes bad Water has a bad smell, color, or quality",0,0,1,0,0,1,0,NA,Latrine/toilet,1,0,0,0,0,Latrine/toilet,1,0,0,0,0,0,0,It is put or rinsed on the ground or in the open,NA,"Yes, shows facility",Flush/pour flush,Pit Latrine,Yes,Bad ( dangeraous to stand on),Offers little to no privacy (very poor quality),NA,No,After defecation  After cleaning or changing a baby Before food preparation  Before eating Before feeding child Before praying After working in the dirt,1,1,1,1,1,1,1,0,0,0,NA,5,Yes,Soap,Yes,No,NA,NA,NA,NA,NA,NA,NA,NA,No,NA,Yes,Yes,Yes,Yes,HWISE Survey,Rarely (1–2 times in the last 4 weeks),Sometimes (3–10 times in the last 4 weeks),Rarely (1–2 times in the last 4 weeks),Rarely (1–2 times in the last 4 weeks),Rarely (1–2 times in the last 4 weeks),Rarely (1–2 times in the last 4 weeks),Rarely (1–2 times in the last 4 weeks),Rarely (1–2 times in the last 4 weeks),Rarely (1–2 times in the last 4 weeks),Rarely (1–2 times in the last 4 weeks),Rarely (1–2 times in the last 4 weeks),Rarely (1–2 times in the last 4 weeks)
Yes,12,Khulna,Paikgacha,3,Baseline,Male,39,3,1,2,Secondary Education,Others (Please Specify),Driving,Yes,20 Liter,0,1,0,0,0,0,NA,NA,2,NA,NA,NA,NA,NA,"Bottled water, sachet water",No,don’t know,0,0,0,0,0,0,1,0,NA,30,10,70,No,Yes,Yes,Not Satisfied,Water tastes bad It is too expensive,0,1,1,0,0,0,0,NA,Latrine/toilet,1,0,0,0,0,Latrine/toilet,1,0,0,0,0,0,0,"Not applicable, no one under 3 lives in this household",NA,"Yes, shows facility",Flush/pour flush,Septic Tank,Yes,Good condition (no cracks or gaps),Offers full privacy (has walls and a door ),NA,No,After defecation  After cleaning or changing a baby Before food preparation  Before eating Before feeding child Before praying After working in the dirt,1,1,1,1,1,1,1,0,0,0,NA,5,Yes,Soap,Yes,No,NA,NA,NA,NA,NA,NA,NA,NA,No,NA,No,NA,NA,NA,HWISE Survey,Rarely (1–2 times in the last 4 weeks),Rarely (1–2 times in the last 4 weeks),Rarely (1–2 times in the last 4 weeks),Sometimes (3–10 times in the last 4 weeks),Rarely (1–2 times in the last 4 weeks),Never,Never,Rarely (1–2 times in the last 4 weeks),Rarely (1–2 times in the last 4 weeks),Sometimes (3–10 times in the last 4 weeks),Sometimes (3–10 times in the last 4 weeks),Rarely (1–2 times in the last 4 weeks)
Yes,12,Khulna,Paikgacha,3,Baseline,Female,45,3,1,2,Primary Education,Farmer,NA,Yes,5 Liter,0,0,0,0,1,0,NA,NA,NA,NA,NA,2,NA,NA,Borehole with handpump,No,don’t know,0,0,0,0,0,0,1,0,NA,2,0,4,No,No,NA,Not Satisfied,"Water tastes bad Water has a bad smell, color, or quality",0,0,1,0,0,1,0,NA,Latrine/toilet,1,0,0,0,0,Latrine/toilet,1,0,0,0,0,0,0,"Not applicable, no one under 3 lives in this household",NA,"Yes, shows facility",Flush/pour flush,Septic Tank,Yes,Good condition (no cracks or gaps),Offers full privacy (has walls and a door ),NA,No,After defecation  After cleaning or changing a baby Before food preparation  Before eating Before feeding child Before praying After working in the dirt,1,1,1,1,1,1,1,0,0,0,NA,5,Yes,Soap,Yes,No,NA,NA,NA,NA,NA,NA,NA,NA,No,NA,Yes,Yes,Yes,Yes,HWISE Survey,Rarely (1–2 times in the last 4 weeks),Rarely (1–2 times in the last 4 weeks),Rarely (1–2 times in the last 4 weeks),Rarely (1–2 times in the last 4 weeks),Rarely (1–2 times in the last 4 weeks),Rarely (1–2 times in the last 4 weeks),Rarely (1–2 times in the last 4 weeks),Rarely (1–2 times in the last 4 weeks),Rarely (1–2 times in the last 4 weeks),Never,Never,Never
Yes,13,Khulna,Paikgacha,1,Baseline,Female,19,5,2,3,Non-Literate,Farmer,NA,Yes,15 Liter,0,0,1,0,0,0,NA,NA,NA,3,NA,NA,NA,NA,"Surface water (river, dam, lake, pond, stream, canal, irrigation channels)",don’t know,NA,NA,NA,NA,NA,NA,NA,NA,NA,NA,5,1,11,No,No,NA,Not Satisfied,"Water has a bad smell, color, or quality Water tastes bad",0,0,1,0,0,1,0,NA,Latrine/toilet,1,0,0,0,0,Latrine/toilet,1,0,0,0,0,0,0,It is put or rinsed on the ground or in the open,NA,"Yes, shows facility",Pit latrine,NA,NA,"Medium (some damage, but safe to stand on)",Offers some privacy (has walls but no door),No,No,Before feeding child  Before eating Before food preparation After defecation  Before praying,1,0,1,1,1,1,0,0,0,0,NA,4,Yes,Soap,Yes,Yes,Water User Committee,0,1,0,0,0,0,NA,No,NA,No,NA,NA,NA,HWISE Survey,Rarely (1–2 times in the last 4 weeks),Sometimes (3–10 times in the last 4 weeks),Rarely (1–2 times in the last 4 weeks),Rarely (1–2 times in the last 4 weeks),Rarely (1–2 times in the last 4 weeks),Rarely (1–2 times in the last 4 weeks),Sometimes (3–10 times in the last 4 weeks),Rarely (1–2 times in the last 4 weeks),Sometimes (3–10 times in the last 4 weeks),Rarely (1–2 times in the last 4 weeks),Rarely (1–2 times in the last 4 weeks),Rarely (1–2 times in the last 4 weeks)
Yes,13,Khulna,Paikgacha,1,Baseline,Female,45,5,3,2,Primary Education,Fisher,NA,Yes,10 Liter,0,0,0,1,0,0,NA,NA,NA,NA,5,NA,NA,NA,"Surface water (river, dam, lake, pond, stream, canal, irrigation channels)",don’t know,NA,NA,NA,NA,NA,NA,NA,NA,NA,NA,10,1,21,No,No,NA,Not Satisfied,"Water has a bad smell, color, or quality Water tastes bad",0,0,1,0,0,1,0,NA,Latrine/toilet,1,0,0,0,0,Latrine/toilet,1,0,0,0,0,0,0,It is put or rinsed on the ground or in the open,NA,"Yes, shows facility",Pit latrine,NA,NA,"Medium (some damage, but safe to stand on)",Offers full privacy (has walls and a door ),No,No,After defecation  Before food preparation  Before eating Before feeding child Before praying,1,0,1,1,1,1,0,0,0,0,NA,4,Yes,Soap,Yes,Yes,Water User Committee,0,1,0,0,0,0,NA,Yes,Water and sanitation,No,NA,NA,NA,HWISE Survey,Sometimes (3–10 times in the last 4 weeks),Sometimes (3–10 times in the last 4 weeks),Rarely (1–2 times in the last 4 weeks),Sometimes (3–10 times in the last 4 weeks),Sometimes (3–10 times in the last 4 weeks),Sometimes (3–10 times in the last 4 weeks),Sometimes (3–10 times in the last 4 weeks),Sometimes (3–10 times in the last 4 weeks),Sometimes (3–10 times in the last 4 weeks),Sometimes (3–10 times in the last 4 weeks),Sometimes (3–10 times in the last 4 weeks),Rarely (1–2 times in the last 4 weeks)
Yes,13,Khulna,Paikgacha,1,Baseline,Female,35,5,3,2,Secondary Education,Day Labour,NA,Yes,10 Liter,0,0,0,1,0,0,NA,NA,NA,NA,5,NA,NA,NA,"Surface water (river, dam, lake, pond, stream, canal, irrigation channels)",don’t know,NA,NA,NA,NA,NA,NA,NA,NA,NA,NA,20,2,42,No,No,NA,Not Satisfied,"Water has a bad smell, color, or quality Water tastes bad",0,0,1,0,0,1,0,NA,Latrine/toilet,1,0,0,0,0,Latrine/toilet,1,0,0,0,0,0,0,"Not applicable, no one under 3 lives in this household",NA,"Yes, shows facility",Flush/pour flush,Septic Tank,Yes,Good condition (no cracks or gaps),Offers full privacy (has walls and a door ),NA,No,After defecation   Before eating Before feeding child,1,0,0,1,1,0,0,0,0,0,NA,3,Yes,Soap,Yes,Yes,Water User Committee,0,1,0,0,0,0,NA,No,NA,No,NA,NA,NA,HWISE Survey,Sometimes (3–10 times in the last 4 weeks),Sometimes (3–10 times in the last 4 weeks),Sometimes (3–10 times in the last 4 weeks),Rarely (1–2 times in the last 4 weeks),Sometimes (3–10 times in the last 4 weeks),Sometimes (3–10 times in the last 4 weeks),Sometimes (3–10 times in the last 4 weeks),Sometimes (3–10 times in the last 4 weeks),Sometimes (3–10 times in the last 4 weeks),Sometimes (3–10 times in the last 4 weeks),Sometimes (3–10 times in the last 4 weeks),Rarely (1–2 times in the last 4 weeks)
Yes,13,Khulna,Paikgacha,1,Baseline,Female,22,7,4,3,Non-Literate,Fisher,NA,Yes,25 Liter,1,0,0,0,0,0,NA,1,NA,NA,NA,NA,NA,NA,"Surface water (river, dam, lake, pond, stream, canal, irrigation channels)",No,don’t know,0,0,0,0,0,0,1,0,NA,30,5,65,No,No,NA,Not Satisfied,It is too far away It is too expensive,0,1,0,1,0,0,0,NA,Latrine/toilet,1,0,0,0,0,Latrine/toilet,1,0,0,0,0,0,0,It is put or rinsed on the ground or in the open,NA,"Yes, shows facility",Pit latrine,NA,NA,"Medium (some damage, but safe to stand on)",Offers little to no privacy (very poor quality),No,No,After defecation  Before food preparation  Before eating Before feeding child Before praying,1,0,1,1,1,1,0,0,0,0,NA,4,Yes,Soap,Yes,Yes,Water User Committee,0,1,0,0,0,0,NA,Yes,Water and sanitation,No,NA,NA,NA,HWISE Survey,Rarely (1–2 times in the last 4 weeks),Sometimes (3–10 times in the last 4 weeks),Rarely (1–2 times in the last 4 weeks),Rarely (1–2 times in the last 4 weeks),Sometimes (3–10 times in the last 4 weeks),Rarely (1–2 times in the last 4 weeks),Rarely (1–2 times in the last 4 weeks),Rarely (1–2 times in the last 4 weeks),Rarely (1–2 times in the last 4 weeks),Rarely (1–2 times in the last 4 weeks),Sometimes (3–10 times in the last 4 weeks),Rarely (1–2 times in the last 4 weeks)
Yes,13,Khulna,Paikgacha,1,Baseline,Male,40,5,2,3,Secondary Education,Business,NA,Yes,25 Liter,1,0,0,0,0,0,NA,2,NA,NA,NA,NA,NA,NA,"Surface water (river, dam, lake, pond, stream, canal, irrigation channels)",No,don’t know,0,0,0,0,0,0,1,0,NA,20,2,42,No,No,NA,Not Satisfied,"Water has a bad smell, color, or quality Water tastes bad",0,0,1,0,0,1,0,NA,Latrine/toilet,1,0,0,0,0,Latrine/toilet,1,0,0,0,0,0,0,"Not applicable, no one under 3 lives in this household",NA,"Yes, shows facility",Pit latrine,NA,NA,Good condition (no cracks or gaps),Offers full privacy (has walls and a door ),No,No,After defecation  Before food preparation  Before eating Before praying,1,0,1,1,0,1,0,0,0,0,NA,3,Yes,Soap,Yes,Yes,Water User Committee,0,1,0,0,0,0,NA,No,NA,No,NA,NA,NA,HWISE Survey,Sometimes (3–10 times in the last 4 weeks),Sometimes (3–10 times in the last 4 weeks),Rarely (1–2 times in the last 4 weeks),Sometimes (3–10 times in the last 4 weeks),Sometimes (3–10 times in the last 4 weeks),Rarely (1–2 times in the last 4 weeks),Rarely (1–2 times in the last 4 weeks),Rarely (1–2 times in the last 4 weeks),Rarely (1–2 times in the last 4 weeks),Rarely (1–2 times in the last 4 weeks),Rarely (1–2 times in the last 4 weeks),Rarely (1–2 times in the last 4 weeks)
Yes,13,Khulna,Paikgacha,1,Baseline,Female,37,4,2,2,Higher Secondary Education,Private Job,NA,Yes,25 Liter,1,0,0,0,0,0,NA,1,NA,NA,NA,NA,NA,NA,"Surface water (river, dam, lake, pond, stream, canal, irrigation channels)",don’t know,NA,NA,NA,NA,NA,NA,NA,NA,NA,NA,25,2,52,No,No,NA,Not Satisfied,"Water has a bad smell, color, or quality Water tastes bad",0,0,1,0,0,1,0,NA,Latrine/toilet,1,0,0,0,0,Latrine/toilet,1,0,0,0,0,0,0,"Not applicable, no one under 3 lives in this household",NA,"Yes, shows facility",Pit latrine,NA,NA,Bad ( dangeraous to stand on),Offers some privacy (has walls but no door),No,No,After defecation  Before food preparation  Before eating Before praying,1,0,1,1,0,1,0,0,0,0,NA,3,Yes,Soap,Yes,Yes,Water User Committee,0,1,0,0,0,0,NA,No,NA,No,NA,NA,NA,HWISE Survey,Rarely (1–2 times in the last 4 weeks),Rarely (1–2 times in the last 4 weeks),Rarely (1–2 times in the last 4 weeks),Rarely (1–2 times in the last 4 weeks),Sometimes (3–10 times in the last 4 weeks),Rarely (1–2 times in the last 4 weeks),Rarely (1–2 times in the last 4 weeks),Rarely (1–2 times in the last 4 weeks),Rarely (1–2 times in the last 4 weeks),Rarely (1–2 times in the last 4 weeks),Rarely (1–2 times in the last 4 weeks),Rarely (1–2 times in the last 4 weeks)
Yes,13,Khulna,Paikgacha,1,Baseline,Female,35,5,4,1,Secondary Education,Day Labour,NA,Yes,15 Liter,0,0,1,0,0,0,NA,NA,NA,3,NA,NA,NA,NA,"Surface water (river, dam, lake, pond, stream, canal, irrigation channels)",don’t know,NA,NA,NA,NA,NA,NA,NA,NA,NA,NA,15,1,31,No,No,NA,Not Satisfied,"Water has a bad smell, color, or quality Water tastes bad",0,0,1,0,0,1,0,NA,Latrine/toilet,1,0,0,0,0,Latrine/toilet,1,0,0,0,0,0,0,"Not applicable, no one under 3 lives in this household",NA,"Yes, shows facility",Pit latrine,NA,NA,"Medium (some damage, but safe to stand on)",Offers some privacy (has walls but no door),No,No,After defecation  Before food preparation  Before eating,1,0,1,1,0,0,0,0,0,0,NA,3,Yes,Soap,Yes,Yes,Water User Committee,0,1,0,0,0,0,NA,No,NA,No,NA,NA,NA,HWISE Survey,Sometimes (3–10 times in the last 4 weeks),Sometimes (3–10 times in the last 4 weeks),Sometimes (3–10 times in the last 4 weeks),Rarely (1–2 times in the last 4 weeks),Sometimes (3–10 times in the last 4 weeks),Sometimes (3–10 times in the last 4 weeks),Sometimes (3–10 times in the last 4 weeks),Rarely (1–2 times in the last 4 weeks),Rarely (1–2 times in the last 4 weeks),Rarely (1–2 times in the last 4 weeks),Sometimes (3–10 times in the last 4 weeks),Sometimes (3–10 times in the last 4 weeks)
Yes,10,Bagerhat,Morrelganj,8,Baseline,Female,30,5,2,3,Primary Education,Day Labour,NA,Yes,25 Liter,1,0,0,0,0,0,NA,3,NA,NA,NA,NA,NA,NA,"Surface water (river, dam, lake, pond, stream, canal, irrigation channels)",No,Other (please specify),0,0,0,0,0,0,0,1,N\A,40,0,80,No,No,NA,Not Satisfied,It is too expensive It is too far away,0,1,0,1,0,0,0,NA,Latrine/toilet,1,0,0,0,0,Latrine/toilet,1,0,0,0,0,0,0,It is put or rinsed into latrine,NA,"Yes, shows facility",Pit latrine,NA,NA,"Medium (some damage, but safe to stand on)",Offers full privacy (has walls and a door ),Yes,Yes,After defecation  After cleaning or changing a baby Before food preparation Before praying After working in the dirt  Before eating Before feeding child,1,1,1,1,1,1,1,0,0,0,NA,5,Yes,Soap,Yes,No,NA,NA,NA,NA,NA,NA,NA,NA,No,NA,No,NA,NA,NA,HWISE Survey,Often (10-20 times in last 4 weeks),Sometimes (3–10 times in the last 4 weeks),Sometimes (3–10 times in the last 4 weeks),Rarely (1–2 times in the last 4 weeks),Sometimes (3–10 times in the last 4 weeks),Often (10-20 times in last 4 weeks),Never,Never,Often (10-20 times in last 4 weeks),Sometimes (3–10 times in the last 4 weeks),Rarely (1–2 times in the last 4 weeks),Never
Yes,10,Bagerhat,Morrelganj,8,Baseline,Female,55,4,2,2,Primary Education,Others (Please Specify),Housewife,Yes,15 Liter,0,0,1,0,0,0,NA,NA,NA,4,NA,NA,NA,NA,"Surface water (river, dam, lake, pond, stream, canal, irrigation channels)",No,Other (please specify),0,0,0,0,0,0,0,1,N\A,40,0,80,No,No,NA,Not Satisfied,It is too expensive It is too far away,0,1,0,1,0,0,0,NA,Latrine/toilet,1,0,0,0,0,"Not applicable, no one between the ages of 3-17 lives in this household",0,0,0,0,1,0,0,"Not applicable, no one under 3 lives in this household",NA,"Yes, shows facility",Pit latrine,NA,NA,"Medium (some damage, but safe to stand on)",Offers full privacy (has walls and a door ),Yes,Yes,After defecation  Before food preparation  Before eating Before praying After working in the dirt,1,0,1,1,0,1,1,0,0,0,NA,3,Yes,Soap,Yes,No,NA,NA,NA,NA,NA,NA,NA,NA,No,NA,No,NA,NA,NA,HWISE Survey,Often (10-20 times in last 4 weeks),Sometimes (3–10 times in the last 4 weeks),Sometimes (3–10 times in the last 4 weeks),Rarely (1–2 times in the last 4 weeks),Sometimes (3–10 times in the last 4 weeks),Rarely (1–2 times in the last 4 weeks),Never,Never,Rarely (1–2 times in the last 4 weeks),Rarely (1–2 times in the last 4 weeks),Rarely (1–2 times in the last 4 weeks),Never
Yes,10,Bagerhat,Morrelganj,8,Baseline,Female,38,6,2,4,Primary Education,Others (Please Specify),Housewife,Yes,25 Liter,1,0,0,0,0,0,NA,5,NA,NA,NA,NA,NA,NA,"Surface water (river, dam, lake, pond, stream, canal, irrigation channels)",No,Other (please specify),0,0,0,0,0,0,0,1,N\A,5,0,10,No,No,NA,Not Satisfied,Water tastes bad,0,0,1,0,0,0,0,NA,Latrine/toilet,1,0,0,0,0,Latrine/toilet,1,0,0,0,0,0,0,It is put or rinsed into latrine,NA,"Yes, shows facility",Flush/pour flush,Piped Sewer System,Yes,Good condition (no cracks or gaps),Offers full privacy (has walls and a door ),NA,Yes,After defecation  After cleaning or changing a baby Before food preparation  Before eating Before praying After working in the dirt Before feeding child,1,1,1,1,1,1,1,0,0,0,NA,5,Yes,Soap,Yes,No,NA,NA,NA,NA,NA,NA,NA,NA,No,NA,No,NA,NA,NA,HWISE Survey,Rarely (1–2 times in the last 4 weeks),Rarely (1–2 times in the last 4 weeks),Never,Rarely (1–2 times in the last 4 weeks),Sometimes (3–10 times in the last 4 weeks),Never,Never,Never,Never,Never,Never,Never
Yes,10,Bagerhat,Morrelganj,8,Baseline,Female,22,4,2,2,Primary Education,Day Labour,NA,Yes,15 Liter,0,0,1,0,0,0,NA,NA,NA,2,NA,NA,NA,NA,"Surface water (river, dam, lake, pond, stream, canal, irrigation channels)",No,Other (please specify),0,0,0,0,0,0,0,1,N\A,2,0,4,No,No,NA,Not Satisfied,Water tastes bad,0,0,1,0,0,0,0,NA,Latrine/toilet,1,0,0,0,0,"Not applicable, no one between the ages of 3-17 lives in this household",0,0,0,0,1,0,0,"Not applicable, no one under 3 lives in this household",NA,"Yes, shows facility",Pit latrine,NA,NA,"Medium (some damage, but safe to stand on)",Offers some privacy (has walls but no door),Yes,Yes,After defecation  Before food preparation  Before eating Before praying After working in the dirt,1,0,1,1,0,1,1,0,0,0,NA,3,Yes,Soap,Yes,No,NA,NA,NA,NA,NA,NA,NA,NA,No,NA,No,NA,NA,NA,HWISE Survey,Often (10-20 times in last 4 weeks),Sometimes (3–10 times in the last 4 weeks),Sometimes (3–10 times in the last 4 weeks),Rarely (1–2 times in the last 4 weeks),Sometimes (3–10 times in the last 4 weeks),Never,Rarely (1–2 times in the last 4 weeks),Never,Rarely (1–2 times in the last 4 weeks),Never,Rarely (1–2 times in the last 4 weeks),Never
Yes,10,Bagerhat,Morrelganj,8,Baseline,Female,52,6,3,3,Primary Education,Others (Please Specify),Housewife,Yes,20 Liter,0,1,0,0,0,0,NA,NA,7,NA,NA,NA,NA,NA,"Surface water (river, dam, lake, pond, stream, canal, irrigation channels)",No,Other (please specify),0,0,0,0,0,0,0,1,N\A,20,0,40,No,No,NA,Not Satisfied,Water tastes bad It is too far away,0,0,1,1,0,0,0,NA,Latrine/toilet,1,0,0,0,0,Latrine/toilet,1,0,0,0,0,0,0,It is put or rinsed into latrine,NA,"Yes, shows facility",Pit latrine,NA,NA,"Medium (some damage, but safe to stand on)",Offers little to no privacy (very poor quality),Yes,Yes,After defecation  After cleaning or changing a baby Before food preparation  Before eating Before feeding child Before praying After working in the dirt,1,1,1,1,1,1,1,0,0,0,NA,5,Yes,Soap,Yes,No,NA,NA,NA,NA,NA,NA,NA,NA,No,NA,No,NA,NA,NA,HWISE Survey,Often (10-20 times in last 4 weeks),Sometimes (3–10 times in the last 4 weeks),Sometimes (3–10 times in the last 4 weeks),Sometimes (3–10 times in the last 4 weeks),Often (10-20 times in last 4 weeks),Rarely (1–2 times in the last 4 weeks),Sometimes (3–10 times in the last 4 weeks),Never,Sometimes (3–10 times in the last 4 weeks),Never,Rarely (1–2 times in the last 4 weeks),Never
Yes,9,Bagerhat,Morrelganj,8,Baseline,Male,47,6,3,3,Primary Education,Day Labour,NA,Yes,25 Liter,1,0,0,0,0,0,NA,5,NA,NA,NA,NA,NA,NA,"Surface water (river, dam, lake, pond, stream, canal, irrigation channels)",No,Other (please specify),0,0,0,0,0,0,0,1,N/A,60,0,120,No,Yes,No,Not Satisfied,It is too far away It is too expensive,0,1,0,1,0,0,0,NA,Latrine/toilet,1,0,0,0,0,Latrine/toilet,1,0,0,0,0,0,0,"Not applicable, no one under 3 lives in this household",NA,"Yes, shows facility",Pit latrine,NA,NA,"Medium (some damage, but safe to stand on)",Offers some privacy (has walls but no door),Yes,Yes,After defecation  Before praying After working in the dirt,1,0,0,0,0,1,1,0,0,0,NA,1,Yes,None Shown,Yes,No,NA,NA,NA,NA,NA,NA,NA,NA,No,NA,No,NA,NA,NA,HWISE Survey,Often (10-20 times in last 4 weeks),Sometimes (3–10 times in the last 4 weeks),Often (10-20 times in last 4 weeks),Never,Sometimes (3–10 times in the last 4 weeks),Sometimes (3–10 times in the last 4 weeks),Rarely (1–2 times in the last 4 weeks),Never,Sometimes (3–10 times in the last 4 weeks),Rarely (1–2 times in the last 4 weeks),Rarely (1–2 times in the last 4 weeks),Never
Yes,9,Bagerhat,Morrelganj,8,Baseline,Female,47,6,4,2,Primary Education,Others (Please Specify),housewife,Yes,15 Liter,0,0,1,0,0,0,NA,NA,NA,4,NA,NA,NA,NA,"Surface water (river, dam, lake, pond, stream, canal, irrigation channels)",No,Other (please specify),0,0,0,0,0,0,0,1,N/A,30,0,60,No,No,NA,Not Satisfied,It is too far away,0,0,0,1,0,0,0,NA,Latrine/toilet,1,0,0,0,0,Latrine/toilet,1,0,0,0,0,0,0,It is put or rinsed into latrine,NA,"Yes, shows facility",Pit latrine,NA,NA,"Medium (some damage, but safe to stand on)",Offers full privacy (has walls and a door ),Yes,Yes,Before food preparation After working in the dirt After defecation  Before praying,1,0,1,0,0,1,1,0,0,0,NA,2,Yes,Soap,Yes,No,NA,NA,NA,NA,NA,NA,NA,NA,No,NA,No,NA,NA,NA,HWISE Survey,Often (10-20 times in last 4 weeks),Sometimes (3–10 times in the last 4 weeks),Often (10-20 times in last 4 weeks),Rarely (1–2 times in the last 4 weeks),Sometimes (3–10 times in the last 4 weeks),Sometimes (3–10 times in the last 4 weeks),Rarely (1–2 times in the last 4 weeks),Never,Sometimes (3–10 times in the last 4 weeks),Rarely (1–2 times in the last 4 weeks),Rarely (1–2 times in the last 4 weeks),Never
Yes,9,Bagerhat,Morrelganj,8,Baseline,Male,55,5,3,2,Primary Education,Others (Please Specify),Housewife,Yes,25 Liter,1,0,0,0,0,0,NA,6,NA,NA,NA,NA,NA,NA,"Surface water (river, dam, lake, pond, stream, canal, irrigation channels)",No,Other (please specify),0,0,0,0,0,0,0,1,N/A,5,0,10,No,No,NA,Not Satisfied,Water tastes bad,0,0,1,0,0,0,0,NA,Latrine/toilet,1,0,0,0,0,Latrine/toilet,1,0,0,0,0,0,0,"Not applicable, no one under 3 lives in this household",NA,"Yes, shows facility",Pit latrine,NA,NA,"Medium (some damage, but safe to stand on)",Offers little to no privacy (very poor quality),Yes,Yes,After working in the dirt After defecation,1,0,0,0,0,0,1,0,0,0,NA,1,Yes,None Shown,Yes,No,NA,NA,NA,NA,NA,NA,NA,NA,No,NA,No,NA,NA,NA,HWISE Survey,Often (10-20 times in last 4 weeks),Sometimes (3–10 times in the last 4 weeks),Often (10-20 times in last 4 weeks),Sometimes (3–10 times in the last 4 weeks),Often (10-20 times in last 4 weeks),Rarely (1–2 times in the last 4 weeks),Sometimes (3–10 times in the last 4 weeks),Rarely (1–2 times in the last 4 weeks),Sometimes (3–10 times in the last 4 weeks),Never,Never,Never
Yes,9,Bagerhat,Morrelganj,8,Baseline,Female,37,8,3,5,Primary Education,Day Labour,NA,Yes,15 Liter,0,0,1,0,0,0,NA,NA,NA,8,NA,NA,NA,NA,"Surface water (river, dam, lake, pond, stream, canal, irrigation channels)",No,Other (please specify),0,0,0,0,0,0,0,1,N/A,10,1,21,No,No,NA,Not Satisfied,Water tastes bad It is too far away,0,0,1,1,0,0,0,NA,Latrine/toilet,1,0,0,0,0,Latrine/toilet,1,0,0,0,0,0,0,It is put or rinsed into latrine,NA,"Yes, shows facility",Pit latrine,NA,NA,"Medium (some damage, but safe to stand on)",Offers full privacy (has walls and a door ),Yes,Yes,After defecation  Before praying After working in the dirt,1,0,0,0,0,1,1,0,0,0,NA,1,Yes,None Shown,Yes,No,NA,NA,NA,NA,NA,NA,NA,NA,No,NA,No,NA,NA,NA,HWISE Survey,Often (10-20 times in last 4 weeks),Sometimes (3–10 times in the last 4 weeks),Often (10-20 times in last 4 weeks),Rarely (1–2 times in the last 4 weeks),Often (10-20 times in last 4 weeks),Rarely (1–2 times in the last 4 weeks),Sometimes (3–10 times in the last 4 weeks),Never,Sometimes (3–10 times in the last 4 weeks),Never,Rarely (1–2 times in the last 4 weeks),Never
Yes,9,Bagerhat,Morrelganj,8,Baseline,Female,37,4,3,1,Primary Education,Private Job,NA,Yes,25 Liter,1,0,0,0,0,0,NA,2,NA,NA,NA,NA,NA,NA,"Surface water (river, dam, lake, pond, stream, canal, irrigation channels)",No,Other (please specify),0,0,0,0,0,0,0,1,N/A,40,0,80,No,No,NA,Not Satisfied,Water tastes bad It is too far away,0,0,1,1,0,0,0,NA,Latrine/toilet,1,0,0,0,0,Latrine/toilet,1,0,0,0,0,0,0,"Not applicable, no one under 3 lives in this household",NA,"Yes, shows facility",Pit latrine,NA,NA,"Medium (some damage, but safe to stand on)",Offers full privacy (has walls and a door ),Yes,Yes,After defecation   Before eating Before food preparation Before praying After working in the dirt,1,0,1,1,0,1,1,0,0,0,NA,3,Yes,Ash,Yes,No,NA,NA,NA,NA,NA,NA,NA,NA,No,NA,No,NA,NA,NA,HWISE Survey,Often (10-20 times in last 4 weeks),Sometimes (3–10 times in the last 4 weeks),Sometimes (3–10 times in the last 4 weeks),Rarely (1–2 times in the last 4 weeks),Sometimes (3–10 times in the last 4 weeks),Never,Rarely (1–2 times in the last 4 weeks),Never,Sometimes (3–10 times in the last 4 weeks),Sometimes (3–10 times in the last 4 weeks),Never,Never
Yes,8,Bagerhat,Morrelganj,6,Baseline,Female,35,4,2,2,Primary Education,Others (Please Specify),Housewife,Yes,20 Liter,0,1,0,0,0,0,NA,NA,1,NA,NA,NA,NA,NA,"Surface water (river, dam, lake, pond, stream, canal, irrigation channels)",No,Other (please specify),0,0,0,0,0,0,0,1,N/A,60,5,125,No,No,NA,Not Satisfied,It is too far away,0,0,0,1,0,0,0,NA,Latrine/toilet,1,0,0,0,0,Latrine/toilet,1,0,0,0,0,0,0,It is put or rinsed into latrine,NA,"Yes, shows facility",Pit latrine,NA,NA,Good condition (no cracks or gaps),Offers full privacy (has walls and a door ),Yes,No,After defecation  After working in the dirt Before praying Before food preparation,1,0,1,0,0,1,1,0,0,0,NA,2,Yes,Soap,Yes,No,NA,NA,NA,NA,NA,NA,NA,NA,No,NA,No,NA,NA,NA,HWISE Survey,Rarely (1–2 times in the last 4 weeks),Rarely (1–2 times in the last 4 weeks),Rarely (1–2 times in the last 4 weeks),Rarely (1–2 times in the last 4 weeks),Rarely (1–2 times in the last 4 weeks),Never,Never,Never,Rarely (1–2 times in the last 4 weeks),Never,Never,Never
Yes,8,Bagerhat,Morrelganj,6,Baseline,Male,37,6,2,4,Primary Education,Farmer,NA,Yes,20 Liter,0,1,0,0,0,0,NA,NA,1,NA,NA,NA,NA,NA,"Surface water (river, dam, lake, pond, stream, canal, irrigation channels)",No,Other (please specify),0,0,0,0,0,0,0,1,N/A,60,15,135,Yes,No,NA,Not Satisfied,"It is too far away Water has a bad smell, color, or quality Water tastes bad",0,0,1,1,0,1,0,NA,Latrine/toilet,1,0,0,0,0,Latrine/toilet,1,0,0,0,0,0,0,"Not applicable, no one under 3 lives in this household",NA,"Yes, shows facility",Pit latrine,NA,NA,Bad ( dangeraous to stand on),Offers little to no privacy (very poor quality),Yes,Yes,After defecation  After working in the dirt,1,0,0,0,0,0,1,0,0,0,NA,1,Yes,None Shown,Yes,No,NA,NA,NA,NA,NA,NA,NA,NA,No,NA,No,NA,NA,NA,HWISE Survey,Sometimes (3–10 times in the last 4 weeks),Sometimes (3–10 times in the last 4 weeks),Sometimes (3–10 times in the last 4 weeks),Rarely (1–2 times in the last 4 weeks),Rarely (1–2 times in the last 4 weeks),Never,Never,Rarely (1–2 times in the last 4 weeks),Rarely (1–2 times in the last 4 weeks),Never,Sometimes (3–10 times in the last 4 weeks),Never
Yes,8,Bagerhat,Morrelganj,6,Baseline,Female,29,5,1,4,Secondary Education,Others (Please Specify),Howse wife,Yes,20 Liter,0,1,0,0,0,0,NA,NA,3,NA,NA,NA,NA,NA,"Surface water (river, dam, lake, pond, stream, canal, irrigation channels)",No,Other (please specify),0,0,0,0,0,0,0,1,N/A,10,5,25,Yes,No,NA,Not Satisfied,It is too far away,0,0,0,1,0,0,0,NA,Latrine/toilet,1,0,0,0,0,Latrine/toilet,1,0,0,0,0,0,0,It is put or rinsed into latrine,NA,"Yes, shows facility",Flush/pour flush,Septic Tank,Yes,Good condition (no cracks or gaps),Offers some privacy (has walls but no door),NA,Yes,After defecation  After cleaning or changing a baby Before food preparation Before feeding child Before praying After working in the dirt  Before eating,1,1,1,1,1,1,1,0,0,0,NA,5,Yes,Soap,Yes,No,NA,NA,NA,NA,NA,NA,NA,NA,No,NA,No,NA,NA,NA,HWISE Survey,Sometimes (3–10 times in the last 4 weeks),Sometimes (3–10 times in the last 4 weeks),Rarely (1–2 times in the last 4 weeks),Rarely (1–2 times in the last 4 weeks),Rarely (1–2 times in the last 4 weeks),Rarely (1–2 times in the last 4 weeks),Never,Never,Rarely (1–2 times in the last 4 weeks),Never,Never,Never
Yes,8,Bagerhat,Morrelganj,6,Baseline,Male,35,4,1,3,Secondary Education,Business,NA,Yes,20 Liter,0,1,0,0,0,0,NA,NA,1,NA,NA,NA,NA,NA,Pay another person to collect,No,Other (please specify),0,0,0,0,0,0,0,1,N/A,10,5,25,No,Not applicable,NA,Not Satisfied,It is too far away It is too expensive,0,1,0,1,0,0,0,NA,Latrine/toilet,1,0,0,0,0,Potty,0,1,0,0,0,0,0,It is put or rinsed into latrine,NA,"Yes, shows facility",Pit latrine,NA,NA,Good condition (no cracks or gaps),Offers some privacy (has walls but no door),Yes,Yes,After defecation   Before eating After working in the dirt,1,0,0,1,0,0,1,0,0,0,NA,2,Yes,Soap,Yes,No,NA,NA,NA,NA,NA,NA,NA,NA,No,NA,No,NA,NA,NA,HWISE Survey,Rarely (1–2 times in the last 4 weeks),Rarely (1–2 times in the last 4 weeks),Rarely (1–2 times in the last 4 weeks),Never,Rarely (1–2 times in the last 4 weeks),Rarely (1–2 times in the last 4 weeks),Never,Never,Rarely (1–2 times in the last 4 weeks),Never,Rarely (1–2 times in the last 4 weeks),Never
Yes,8,Bagerhat,Morrelganj,6,Baseline,Female,50,4,2,2,Non-Literate,Business,NA,Yes,15 Liter,0,0,1,0,0,0,NA,NA,NA,2,NA,NA,NA,NA,"Surface water (river, dam, lake, pond, stream, canal, irrigation channels)",No,Other (please specify),0,0,0,0,0,0,0,1,N/A,20,7,47,Yes,No,NA,Not Satisfied,"Water tastes bad It is too far away Water has a bad smell, color, or quality",0,0,1,1,0,1,0,NA,Latrine/toilet,1,0,0,0,0,Latrine/toilet,1,0,0,0,0,0,0,"Not applicable, no one under 3 lives in this household",NA,"Yes, shows facility",Pit latrine,NA,NA,"Medium (some damage, but safe to stand on)",Offers little to no privacy (very poor quality),Yes,Yes,After working in the dirt Before food preparation After defecation  Before praying,1,0,1,0,0,1,1,0,0,0,NA,2,Yes,Soap,Yes,Yes,CBO/CSO,0,0,0,0,1,0,NA,Yes,Wash hands with Soap,No,NA,NA,NA,HWISE Survey,Sometimes (3–10 times in the last 4 weeks),Sometimes (3–10 times in the last 4 weeks),Rarely (1–2 times in the last 4 weeks),Rarely (1–2 times in the last 4 weeks),Rarely (1–2 times in the last 4 weeks),Rarely (1–2 times in the last 4 weeks),Never,Rarely (1–2 times in the last 4 weeks),Rarely (1–2 times in the last 4 weeks),Never,Rarely (1–2 times in the last 4 weeks),Never
Yes,8,Bagerhat,Morrelganj,6,Baseline,Male,45,5,2,3,Secondary Education,Business,NA,No,NA,NA,NA,NA,NA,NA,NA,NA,NA,NA,NA,NA,NA,NA,NA,Rainwater collection,No,Other (please specify),0,0,0,0,0,0,0,1,N/A,5,6,16,Yes,No,NA,Not Satisfied,Other (please specify),0,0,0,0,0,0,1,"No Feet to hold water, No Raining on time",Latrine/toilet,1,0,0,0,0,Latrine/toilet,1,0,0,0,0,0,0,"Not applicable, no one under 3 lives in this household",NA,"Yes, shows facility",Pit latrine,NA,NA,"Medium (some damage, but safe to stand on)",Offers some privacy (has walls but no door),Yes,Yes,After defecation   Before eating After working in the dirt,1,0,0,1,0,0,1,0,0,0,NA,2,Yes,Soap,Yes,No,NA,NA,NA,NA,NA,NA,NA,NA,No,NA,No,NA,NA,NA,HWISE Survey,Sometimes (3–10 times in the last 4 weeks),Sometimes (3–10 times in the last 4 weeks),Rarely (1–2 times in the last 4 weeks),Rarely (1–2 times in the last 4 weeks),Rarely (1–2 times in the last 4 weeks),Rarely (1–2 times in the last 4 weeks),Never,Never,Rarely (1–2 times in the last 4 weeks),Never,Rarely (1–2 times in the last 4 weeks),Never
Yes,8,Bagerhat,Morrelganj,6,Baseline,Female,59,3,2,1,Non-Literate,Others (Please Specify),Unemployed,No,NA,NA,NA,NA,NA,NA,NA,NA,NA,NA,NA,NA,NA,NA,NA,"Surface water (river, dam, lake, pond, stream, canal, irrigation channels)",No,Other (please specify),0,0,0,0,0,0,0,1,N/A,30,10,70,Yes,No,NA,Not Satisfied,"It is too far away Water has a bad smell, color, or quality",0,0,0,1,0,1,0,NA,Latrine/toilet,1,0,0,0,0,Latrine/toilet,1,0,0,0,0,0,0,"Not applicable, no one under 3 lives in this household",NA,"Yes, shows facility",Hanging toilet/hanging latrine,NA,NA,Bad ( dangeraous to stand on),Offers little to no privacy (very poor quality),NA,Yes,After defecation  After working in the dirt,1,0,0,0,0,0,1,0,0,0,NA,1,Yes,None Shown,Yes,Yes,CBO/CSO,0,0,0,0,1,0,NA,Yes,Hand Wash,No,NA,NA,NA,HWISE Survey,Sometimes (3–10 times in the last 4 weeks),Sometimes (3–10 times in the last 4 weeks),Sometimes (3–10 times in the last 4 weeks),Rarely (1–2 times in the last 4 weeks),Rarely (1–2 times in the last 4 weeks),Rarely (1–2 times in the last 4 weeks),Never,Never,Sometimes (3–10 times in the last 4 weeks),Never,Rarely (1–2 times in the last 4 weeks),Never
Yes,8,Bagerhat,Morrelganj,9,Baseline,Female,58,4,2,2,Primary Education,Farmer,NA,Yes,25 Liter,1,0,0,0,0,0,NA,1,NA,NA,NA,NA,NA,NA,PSF,No,Other (please specify),0,0,0,0,0,0,0,1,"N/A
",20,30,70,No,No,NA,Not Satisfied,It is too far away Long lines,1,0,0,1,0,0,0,NA,Latrine/toilet,1,0,0,0,0,Latrine/toilet,1,0,0,0,0,0,0,"Not applicable, no one under 3 lives in this household",NA,"Yes, shows facility",Pit latrine,NA,NA,"Medium (some damage, but safe to stand on)",Offers little to no privacy (very poor quality),Yes,Yes,After defecation  After working in the dirt Before praying  Before eating,1,0,0,1,0,1,1,0,0,0,NA,2,Yes,Soap,Yes,No,NA,NA,NA,NA,NA,NA,NA,NA,No,NA,No,NA,NA,NA,HWISE Survey,Rarely (1–2 times in the last 4 weeks),Rarely (1–2 times in the last 4 weeks),Rarely (1–2 times in the last 4 weeks),Never,Rarely (1–2 times in the last 4 weeks),Rarely (1–2 times in the last 4 weeks),Rarely (1–2 times in the last 4 weeks),Never,Rarely (1–2 times in the last 4 weeks),Never,Rarely (1–2 times in the last 4 weeks),Never
Yes,8,Bagerhat,Morrelganj,9,Baseline,Female,36,5,2,3,Primary Education,Farmer,NA,Yes,15 Liter,0,0,1,0,0,0,NA,NA,NA,5,NA,NA,NA,NA,PSF,No,Other (please specify),0,0,0,0,0,0,0,1,N/A,20,15,55,No,No,NA,Not Satisfied,Long lines It is too far away,1,0,0,1,0,0,0,NA,Latrine/toilet,1,0,0,0,0,Latrine/toilet,1,0,0,0,0,0,0,"Not applicable, no one under 3 lives in this household",NA,"Yes, shows facility",Pit latrine,NA,NA,Good condition (no cracks or gaps),Offers full privacy (has walls and a door ),Yes,Yes,After defecation  Before praying  Before eating After working in the dirt,1,0,0,1,0,1,1,0,0,0,NA,2,Yes,Soap,Yes,No,NA,NA,NA,NA,NA,NA,NA,NA,No,NA,No,NA,NA,NA,HWISE Survey,Rarely (1–2 times in the last 4 weeks),Sometimes (3–10 times in the last 4 weeks),Never,Rarely (1–2 times in the last 4 weeks),Rarely (1–2 times in the last 4 weeks),Rarely (1–2 times in the last 4 weeks),Never,Never,Sometimes (3–10 times in the last 4 weeks),Never,Rarely (1–2 times in the last 4 weeks),Never
Yes,8,Bagerhat,Morrelganj,9,Baseline,Male,59,4,2,2,Secondary Education,Business,NA,Yes,15 Liter,0,0,1,0,0,0,NA,NA,NA,4,NA,NA,NA,NA,"Surface water (river, dam, lake, pond, stream, canal, irrigation channels)",No,Other (please specify),0,0,0,0,0,0,0,1,N/A,15,10,40,No,No,NA,Not Satisfied,Long lines It is too far away,1,0,0,1,0,0,0,NA,Latrine/toilet,1,0,0,0,0,Latrine/toilet,1,0,0,0,0,0,0,"Not applicable, no one under 3 lives in this household",NA,"Yes, shows facility",Pit latrine,NA,NA,"Medium (some damage, but safe to stand on)",Offers little to no privacy (very poor quality),Yes,Yes,After defecation   Before eating After working in the dirt,1,0,0,1,0,0,1,0,0,0,NA,2,Yes,Soap,Yes,No,NA,NA,NA,NA,NA,NA,NA,NA,No,NA,No,NA,NA,NA,HWISE Survey,Rarely (1–2 times in the last 4 weeks),Often (10-20 times in last 4 weeks),Sometimes (3–10 times in the last 4 weeks),Sometimes (3–10 times in the last 4 weeks),Rarely (1–2 times in the last 4 weeks),Rarely (1–2 times in the last 4 weeks),Sometimes (3–10 times in the last 4 weeks),Never,Never,Never,Never,Never
Yes,8,Bagerhat,Morrelganj,9,Baseline,Female,52,9,5,4,Secondary Education,Farmer,NA,Yes,20 Liter,0,1,0,0,0,0,NA,NA,4,NA,NA,NA,NA,NA,PSF,No,Other (please specify),0,0,0,0,0,0,0,1,N/A,8,10,26,No,No,NA,Satisfied,NA,NA,NA,NA,NA,NA,NA,NA,NA,Latrine/toilet,1,0,0,0,0,Latrine/toilet,1,0,0,0,0,0,0,Child uses latrine,NA,"Yes, shows facility",Flush/pour flush,Septic Tank,Yes,Good condition (no cracks or gaps),Offers full privacy (has walls and a door ),NA,Yes,After defecation  Before food preparation Before feeding child After working in the dirt,1,0,1,0,1,0,1,0,0,0,NA,3,Yes,Soap,Yes,No,NA,NA,NA,NA,NA,NA,NA,NA,No,NA,No,NA,NA,NA,HWISE Survey,Rarely (1–2 times in the last 4 weeks),Rarely (1–2 times in the last 4 weeks),Rarely (1–2 times in the last 4 weeks),Never,Never,Never,Never,Never,Never,Never,Never,Never
Yes,8,Bagerhat,Morrelganj,9,Baseline,Female,48,5,3,2,Non-Literate,Day Labour,NA,Yes,20 Liter,0,1,0,0,0,0,NA,NA,2,NA,NA,NA,NA,NA,PSF,No,Other (please specify),0,0,0,0,0,0,0,1,N/A,20,10,50,No,No,NA,Not Satisfied,It is too far away Long lines,1,0,0,1,0,0,0,NA,Latrine/toilet,1,0,0,0,0,Potty,0,1,0,0,0,0,0,It is buried,NA,"Yes, shows facility",Pit latrine,NA,NA,"Medium (some damage, but safe to stand on)",Offers full privacy (has walls and a door ),Yes,No,After defecation  Before food preparation  Before eating After working in the dirt,1,0,1,1,0,0,1,0,0,0,NA,3,Yes,Soap,Yes,Yes,Water User Group,1,0,0,0,0,0,NA,Yes,Hand wash,No,NA,NA,NA,HWISE Survey,Rarely (1–2 times in the last 4 weeks),Often (10-20 times in last 4 weeks),Rarely (1–2 times in the last 4 weeks),Rarely (1–2 times in the last 4 weeks),Rarely (1–2 times in the last 4 weeks),Rarely (1–2 times in the last 4 weeks),Never,Never,Never,Never,Never,Never
Yes,8,Bagerhat,Morrelganj,9,Baseline,Male,29,6,3,3,Secondary Education,Farmer,NA,Yes,20 Liter,0,1,0,0,0,0,NA,NA,1,NA,NA,NA,NA,NA,PSF,No,Other (please specify),0,0,0,0,0,0,0,1,N/A,30,5,65,No,No,NA,Not Satisfied,Long lines It is too far away,1,0,0,1,0,0,0,NA,Latrine/toilet,1,0,0,0,0,Latrine/toilet,1,0,0,0,0,0,0,It is put or rinsed into latrine,NA,"Yes, shows facility",Flush/pour flush,Septic Tank,Yes,Good condition (no cracks or gaps),Offers full privacy (has walls and a door ),NA,Yes,After defecation  Before praying  Before eating After working in the dirt,1,0,0,1,0,1,1,0,0,0,NA,2,Yes,Soap,Yes,No,NA,NA,NA,NA,NA,NA,NA,NA,No,NA,Yes,Only for minor repairs,No,No,HWISE Survey,Rarely (1–2 times in the last 4 weeks),Rarely (1–2 times in the last 4 weeks),Rarely (1–2 times in the last 4 weeks),Never,Never,Rarely (1–2 times in the last 4 weeks),Never,Never,Rarely (1–2 times in the last 4 weeks),Rarely (1–2 times in the last 4 weeks),Rarely (1–2 times in the last 4 weeks),Never
Yes,11,Bagerhat,Morrelganj,3,Baseline,Female,37,3,2,1,Secondary Education,Day Labour,NA,Yes,20 Liter,0,1,0,0,0,0,NA,NA,1,NA,NA,NA,NA,NA,Borehole with handpump,No,Other (please specify),0,0,0,0,0,0,0,1,N/A,30,5,65,No,No,NA,Not Satisfied,It is too far away,0,0,0,1,0,0,0,NA,Latrine/toilet,1,0,0,0,0,Latrine/toilet,1,0,0,0,0,0,0,"Not applicable, no one under 3 lives in this household",NA,"Yes, shows facility",Pit latrine,NA,NA,Good condition (no cracks or gaps),Offers full privacy (has walls and a door ),Yes,Yes,After defecation  Before food preparation  Before eating Before praying After working in the dirt,1,0,1,1,0,1,1,0,0,0,NA,3,Yes,Soap,Yes,No,NA,NA,NA,NA,NA,NA,NA,NA,No,NA,No,NA,NA,NA,HWISE Survey,Often (10-20 times in last 4 weeks),Often (10-20 times in last 4 weeks),Sometimes (3–10 times in the last 4 weeks),Often (10-20 times in last 4 weeks),Sometimes (3–10 times in the last 4 weeks),Never,Sometimes (3–10 times in the last 4 weeks),Sometimes (3–10 times in the last 4 weeks),Sometimes (3–10 times in the last 4 weeks),Sometimes (3–10 times in the last 4 weeks),Rarely (1–2 times in the last 4 weeks),Rarely (1–2 times in the last 4 weeks)
Yes,11,Bagerhat,Morrelganj,3,Baseline,Female,24,5,1,4,Secondary Education,Others (Please Specify),Service holder,No,NA,NA,NA,NA,NA,NA,NA,NA,NA,NA,NA,NA,NA,NA,NA,Rainwater collection,No,Other (please specify),0,0,0,0,0,0,0,1,N/A,20,10,50,No,No,NA,Not Satisfied,Other (please specify),0,0,0,0,0,0,1,If there is no rain water it has to be brought from the pond and there is no rain water throughout the year.,Latrine/toilet,1,0,0,0,0,Latrine/toilet,1,0,0,0,0,0,0,"Not applicable, no one under 3 lives in this household",NA,"Yes, shows facility",Flush/pour flush,Septic Tank,Yes,Good condition (no cracks or gaps),Offers full privacy (has walls and a door ),NA,Yes,After defecation  Before food preparation  Before eating Before praying After working in the dirt,1,0,1,1,0,1,1,0,0,0,NA,3,Yes,Soap,Yes,No,NA,NA,NA,NA,NA,NA,NA,NA,No,NA,No,NA,NA,NA,HWISE Survey,Sometimes (3–10 times in the last 4 weeks),Sometimes (3–10 times in the last 4 weeks),Sometimes (3–10 times in the last 4 weeks),Rarely (1–2 times in the last 4 weeks),Rarely (1–2 times in the last 4 weeks),Rarely (1–2 times in the last 4 weeks),Rarely (1–2 times in the last 4 weeks),Rarely (1–2 times in the last 4 weeks),Rarely (1–2 times in the last 4 weeks),Rarely (1–2 times in the last 4 weeks),Rarely (1–2 times in the last 4 weeks),Rarely (1–2 times in the last 4 weeks)
Yes,5,Khulna,Koyra,2,Baseline,Female,32,4,2,2,Primary Education,Day Labour,NA,Yes,20 Liter,0,1,0,0,0,0,NA,NA,2,NA,NA,NA,NA,NA,Borehole with handpump,No,Other (please specify),0,0,0,0,0,0,0,1,N/A,15,5,35,No,No,NA,Satisfied,NA,NA,NA,NA,NA,NA,NA,NA,NA,Latrine/toilet,1,0,0,0,0,Potty,0,1,0,0,0,0,0,It is put or rinsed into latrine,NA,"Yes, shows facility",Pit latrine,NA,NA,"Medium (some damage, but safe to stand on)",Offers full privacy (has walls and a door ),Yes,Yes,After defecation  Before food preparation  Before eating Before feeding child After working in the dirt,1,0,1,1,1,0,1,0,0,0,NA,4,Yes,Soap,Yes,No,NA,NA,NA,NA,NA,NA,NA,NA,No,NA,No,NA,NA,NA,HWISE Survey,Rarely (1–2 times in the last 4 weeks),Never,Rarely (1–2 times in the last 4 weeks),Never,Never,Rarely (1–2 times in the last 4 weeks),Never,Never,Never,Rarely (1–2 times in the last 4 weeks),Rarely (1–2 times in the last 4 weeks),Never
Yes,1,Khulna,Koyra,2,Baseline,Male,22,4,2,2,Primary Education,Business,NA,Yes,20 Liter,0,1,0,0,0,0,NA,NA,3,NA,NA,NA,NA,NA,Borehole with handpump,No,Other (please specify),0,0,0,0,0,0,0,1,N/A,10,3,23,No,No,NA,Neutral,NA,NA,NA,NA,NA,NA,NA,NA,NA,Latrine/toilet,1,0,0,0,0,"Not applicable, no one between the ages of 3-17 lives in this household",0,0,0,0,1,0,0,"Not applicable, no one under 3 lives in this household",NA,"Yes, shows facility",Flush/pour flush,Pit Latrine,No,"Medium (some damage, but safe to stand on)",Offers full privacy (has walls and a door ),NA,Yes,After defecation   Before eating Before praying After working in the dirt After cleaning or changing a baby,1,1,0,1,0,1,1,0,0,0,NA,3,Yes,Soap,Yes,No,NA,NA,NA,NA,NA,NA,NA,NA,No,NA,Yes,Only for minor repairs,Yes,No,HWISE Survey,Often (10-20 times in last 4 weeks),Rarely (1–2 times in the last 4 weeks),Rarely (1–2 times in the last 4 weeks),Rarely (1–2 times in the last 4 weeks),Rarely (1–2 times in the last 4 weeks),Rarely (1–2 times in the last 4 weeks),Never,Rarely (1–2 times in the last 4 weeks),Rarely (1–2 times in the last 4 weeks),Never,Rarely (1–2 times in the last 4 weeks),Rarely (1–2 times in the last 4 weeks)
Yes,5,Khulna,Koyra,2,Baseline,Male,44,9,5,4,University,Gov. Job,NA,Yes,25 Liter,1,0,0,0,0,0,NA,2,NA,NA,NA,NA,NA,NA,Borehole with handpump,No,Other (please specify),0,0,0,0,0,0,0,1,N/A,10,5,25,No,No,NA,Satisfied,NA,NA,NA,NA,NA,NA,NA,NA,NA,Latrine/toilet,1,0,0,0,0,Latrine/toilet,1,0,0,0,0,0,0,"Not applicable, no one under 3 lives in this household",NA,"Yes, shows facility",Flush/pour flush,Septic Tank,Yes,Good condition (no cracks or gaps),Offers full privacy (has walls and a door ),NA,Yes,After defecation   Before eating Before food preparation After working in the dirt,1,0,1,1,0,0,1,0,0,0,NA,3,Yes,Soap,Yes,No,NA,NA,NA,NA,NA,NA,NA,NA,No,NA,No,NA,NA,NA,HWISE Survey,Rarely (1–2 times in the last 4 weeks),Never,Never,Rarely (1–2 times in the last 4 weeks),Never,Sometimes (3–10 times in the last 4 weeks),Never,Never,Never,Never,Never,Never
Yes,1,Khulna,Koyra,2,Baseline,Female,45,6,3,3,Non-Literate,Day Labour,NA,Yes,25 Liter,1,0,0,0,0,0,NA,2,NA,NA,NA,NA,NA,NA,Borehole with handpump,No,Other (please specify),0,0,0,0,0,0,0,1,N/A,8,3,19,No,No,NA,Neutral,NA,NA,NA,NA,NA,NA,NA,NA,NA,Latrine/toilet,1,0,0,0,0,Latrine/toilet,1,0,0,0,0,0,0,Child uses latrine,NA,"Yes, shows facility",Flush/pour flush,Septic Tank,Yes,Good condition (no cracks or gaps),Offers full privacy (has walls and a door ),NA,Yes,After defecation   Before eating Before food preparation After cleaning or changing a baby Before praying After working in the dirt,1,1,1,1,0,1,1,0,0,0,NA,4,Yes,Soap,Yes,No,NA,NA,NA,NA,NA,NA,NA,NA,No,NA,No,NA,NA,NA,HWISE Survey,Often (10-20 times in last 4 weeks),Sometimes (3–10 times in the last 4 weeks),Rarely (1–2 times in the last 4 weeks),Sometimes (3–10 times in the last 4 weeks),Rarely (1–2 times in the last 4 weeks),Never,Never,Rarely (1–2 times in the last 4 weeks),Rarely (1–2 times in the last 4 weeks),Never,Rarely (1–2 times in the last 4 weeks),Rarely (1–2 times in the last 4 weeks)
Yes,1,Khulna,Koyra,2,Baseline,Female,40,5,3,2,Non-Literate,Day Labour,NA,Yes,25 Liter,1,0,0,0,0,0,NA,2,NA,NA,NA,NA,NA,NA,Borehole with handpump,No,Other (please specify),0,0,0,0,0,0,0,1,N/A,4,1,9,No,No,NA,Satisfied,NA,NA,NA,NA,NA,NA,NA,NA,NA,Latrine/toilet,1,0,0,0,0,Latrine/toilet,1,0,0,0,0,0,0,Child uses latrine,NA,"Yes, shows facility",Pit latrine,NA,NA,Bad ( dangeraous to stand on),Offers little to no privacy (very poor quality),Yes,Yes,After defecation   Before eating Before praying Before feeding child After working in the dirt Before food preparation After cleaning or changing a baby,1,1,1,1,1,1,1,0,0,0,NA,5,Yes,Soap,Yes,No,NA,NA,NA,NA,NA,NA,NA,NA,No,NA,No,NA,NA,NA,HWISE Survey,Sometimes (3–10 times in the last 4 weeks),Rarely (1–2 times in the last 4 weeks),Rarely (1–2 times in the last 4 weeks),Rarely (1–2 times in the last 4 weeks),Never,Never,Never,Never,Rarely (1–2 times in the last 4 weeks),Never,Rarely (1–2 times in the last 4 weeks),Never
Yes,1,Khulna,Koyra,2,Baseline,Female,60,5,1,4,Non-Literate,Others (Please Specify),বেকার,Yes,20 Liter,0,1,0,0,0,0,NA,NA,3,NA,NA,NA,NA,NA,Borehole with handpump,No,Other (please specify),0,0,0,0,0,0,0,1,N/A,8,2,18,No,No,NA,Neutral,NA,NA,NA,NA,NA,NA,NA,NA,NA,Latrine/toilet,1,0,0,0,0,Latrine/toilet,1,0,0,0,0,0,0,Child uses latrine,NA,"Yes, shows facility",Flush/pour flush,Pit Latrine,No,Good condition (no cracks or gaps),Offers some privacy (has walls but no door),NA,Yes,After defecation  After cleaning or changing a baby Before food preparation  Before eating Before feeding child Before praying After working in the dirt,1,1,1,1,1,1,1,0,0,0,NA,5,Yes,Soap,Yes,No,NA,NA,NA,NA,NA,NA,NA,NA,No,NA,Yes,Only for minor repairs,Yes,No,HWISE Survey,Always (More than 20 times in last 4 weeks),Rarely (1–2 times in the last 4 weeks),Rarely (1–2 times in the last 4 weeks),Rarely (1–2 times in the last 4 weeks),Rarely (1–2 times in the last 4 weeks),Never,Never,Never,Rarely (1–2 times in the last 4 weeks),Never,Rarely (1–2 times in the last 4 weeks),Rarely (1–2 times in the last 4 weeks)
Yes,1,Khulna,Koyra,2,Baseline,Male,61,2,2,3,Higher Secondary Education,Farmer,NA,Yes,20 Liter,0,1,0,0,0,0,NA,NA,3,NA,NA,NA,NA,NA,Borehole with handpump,No,Other (please specify),0,0,0,0,0,0,0,1,N/A,10,3,23,No,No,NA,Neutral,NA,NA,NA,NA,NA,NA,NA,NA,NA,Latrine/toilet,1,0,0,0,0,"Not applicable, no one between the ages of 3-17 lives in this household",0,0,0,0,1,0,0,"Not applicable, no one under 3 lives in this household",NA,"Yes, shows facility",Flush/pour flush,Septic Tank,Yes,Good condition (no cracks or gaps),Offers full privacy (has walls and a door ),NA,Yes,After defecation  Before food preparation Before praying After working in the dirt,1,0,1,0,0,1,1,0,0,0,NA,2,Yes,Soap,Yes,No,NA,NA,NA,NA,NA,NA,NA,NA,No,NA,Yes,Only for minor repairs,Yes,Yes,HWISE Survey,Often (10-20 times in last 4 weeks),Rarely (1–2 times in the last 4 weeks),Rarely (1–2 times in the last 4 weeks),Rarely (1–2 times in the last 4 weeks),Rarely (1–2 times in the last 4 weeks),Never,Never,Never,Rarely (1–2 times in the last 4 weeks),Never,Rarely (1–2 times in the last 4 weeks),Sometimes (3–10 times in the last 4 weeks)
Yes,1,Khulna,Koyra,7,Baseline,Female,54,5,2,3,Secondary Education,Others (Please Specify),বেকার,Yes,20 Liter,0,1,0,0,0,0,NA,NA,2,NA,NA,NA,NA,NA,Borehole with handpump,No,Other (please specify),0,0,0,0,0,0,0,1,N/A,6,2,14,No,No,NA,Satisfied,NA,NA,NA,NA,NA,NA,NA,NA,NA,Latrine/toilet,1,0,0,0,0,Latrine/toilet,1,0,0,0,0,0,0,Child uses latrine,NA,"Yes, shows facility",Flush/pour flush,Septic Tank,Yes,Good condition (no cracks or gaps),Offers full privacy (has walls and a door ),NA,Yes,After defecation  After cleaning or changing a baby Before food preparation  Before eating Before feeding child Before praying After working in the dirt,1,1,1,1,1,1,1,0,0,0,NA,5,Yes,Soap,Yes,No,NA,NA,NA,NA,NA,NA,NA,NA,No,NA,Yes,Only for minor repairs,Yes,Yes,HWISE Survey,Always (More than 20 times in last 4 weeks),Rarely (1–2 times in the last 4 weeks),Rarely (1–2 times in the last 4 weeks),Rarely (1–2 times in the last 4 weeks),Rarely (1–2 times in the last 4 weeks),Never,Never,Never,Rarely (1–2 times in the last 4 weeks),Never,Rarely (1–2 times in the last 4 weeks),Sometimes (3–10 times in the last 4 weeks)
Yes,5,Khulna,Koyra,2,Baseline,Female,42,13,7,6,University,Private Job,NA,Yes,25 Liter,1,0,0,0,0,0,NA,3,NA,NA,NA,NA,NA,NA,Borehole with handpump,No,Other (please specify),0,0,0,0,0,0,0,1,N/A,10,2,22,No,No,NA,Satisfied,NA,NA,NA,NA,NA,NA,NA,NA,NA,Latrine/toilet,1,0,0,0,0,Potty,0,1,0,0,0,0,0,It is put or rinsed into latrine,NA,"Yes, shows facility",Pit latrine,NA,NA,"Medium (some damage, but safe to stand on)",Offers some privacy (has walls but no door),Yes,Yes,After defecation  Before food preparation  Before eating Before feeding child After working in the dirt,1,0,1,1,1,0,1,0,0,0,NA,4,Yes,Soap,Yes,No,NA,NA,NA,NA,NA,NA,NA,NA,No,NA,No,NA,NA,NA,HWISE Survey,Rarely (1–2 times in the last 4 weeks),Never,Never,Never,Never,Never,Never,Never,Never,Rarely (1–2 times in the last 4 weeks),Never,Never
Yes,1,Khulna,Koyra,7,Baseline,Female,53,2,1,1,Secondary Education,Others (Please Specify),বেকার,Yes,20 Liter,0,1,0,0,0,0,NA,NA,2,NA,NA,NA,NA,NA,Borehole with handpump,No,Other (please specify),0,0,0,0,0,0,0,1,N/A,6,2,14,No,No,NA,Satisfied,NA,NA,NA,NA,NA,NA,NA,NA,NA,Latrine/toilet,1,0,0,0,0,"Not applicable, no one between the ages of 3-17 lives in this household",0,0,0,0,1,0,0,"Not applicable, no one under 3 lives in this household",NA,"Yes, shows facility",Flush/pour flush,Septic Tank,Yes,Good condition (no cracks or gaps),Offers full privacy (has walls and a door ),NA,Yes,After defecation   Before eating After working in the dirt Before praying,1,0,0,1,0,1,1,0,0,0,NA,2,Yes,Soap,Yes,No,NA,NA,NA,NA,NA,NA,NA,NA,No,NA,Yes,Only for minor repairs,Yes,Yes,HWISE Survey,Sometimes (3–10 times in the last 4 weeks),Never,Rarely (1–2 times in the last 4 weeks),Rarely (1–2 times in the last 4 weeks),Never,Never,Never,Never,Never,Never,Never,Never
Yes,5,Khulna,Koyra,2,Baseline,Female,30,4,1,3,Primary Education,Day Labour,NA,Yes,20 Liter,0,1,0,0,0,0,NA,NA,2,NA,NA,NA,NA,NA,Borehole with handpump,No,Other (please specify),0,0,0,0,0,0,0,1,N/A,15,5,35,No,No,NA,Satisfied,NA,NA,NA,NA,NA,NA,NA,NA,NA,Latrine/toilet,1,0,0,0,0,Potty,0,1,0,0,0,0,0,It is put or rinsed into latrine,NA,"Yes, shows facility",Pit latrine,NA,NA,"Medium (some damage, but safe to stand on)",Offers some privacy (has walls but no door),Yes,Yes,After defecation   Before eating Before feeding child After working in the dirt,1,0,0,1,1,0,1,0,0,0,NA,3,Yes,Soap,Yes,No,NA,NA,NA,NA,NA,NA,NA,NA,No,NA,No,NA,NA,NA,HWISE Survey,Rarely (1–2 times in the last 4 weeks),Sometimes (3–10 times in the last 4 weeks),Rarely (1–2 times in the last 4 weeks),Rarely (1–2 times in the last 4 weeks),Never,Rarely (1–2 times in the last 4 weeks),Never,Rarely (1–2 times in the last 4 weeks),Never,Rarely (1–2 times in the last 4 weeks),Never,Never
Yes,5,Khulna,Koyra,2,Baseline,Female,27,4,2,2,Primary Education,Day Labour,NA,Yes,20 Liter,0,1,0,0,0,0,NA,NA,3,NA,NA,NA,NA,NA,Borehole with handpump,No,Other (please specify),0,0,0,0,0,0,0,1,N/A,15,5,35,No,No,NA,Satisfied,NA,NA,NA,NA,NA,NA,NA,NA,NA,Latrine/toilet,1,0,0,0,0,Latrine/toilet,1,0,0,0,0,0,0,"Not applicable, no one under 3 lives in this household",NA,Does not have facility,NA,NA,NA,NA,NA,NA,NA,After defecation  Before food preparation  Before eating After working in the dirt,1,0,1,1,0,0,1,0,0,0,NA,NA,Yes,Soap,Yes,No,NA,NA,NA,NA,NA,NA,NA,NA,No,NA,No,NA,NA,NA,HWISE Survey,Rarely (1–2 times in the last 4 weeks),Never,Never,Sometimes (3–10 times in the last 4 weeks),Never,Rarely (1–2 times in the last 4 weeks),Never,Rarely (1–2 times in the last 4 weeks),Never,Never,Never,Never
Yes,5,Khulna,Koyra,7,Baseline,Male,45,4,3,1,Primary Education,Farmer,NA,Yes,10 Liter,0,0,0,1,0,0,NA,NA,NA,NA,2,NA,NA,NA,Borehole with handpump,No,Other (please specify),0,0,0,0,0,0,0,1,N/A,5,2,12,No,No,NA,Satisfied,NA,NA,NA,NA,NA,NA,NA,NA,NA,Latrine/toilet,1,0,0,0,0,Potty,0,1,0,0,0,0,0,It is put or rinsed into latrine,NA,"Yes, shows facility",Pit latrine,NA,NA,"Medium (some damage, but safe to stand on)",Offers some privacy (has walls but no door),Yes,Yes,After working in the dirt After defecation  Before food preparation  Before eating Before feeding child,1,0,1,1,1,0,1,0,0,0,NA,4,Yes,Soap,Yes,No,NA,NA,NA,NA,NA,NA,NA,NA,No,NA,No,NA,NA,NA,HWISE Survey,Never,Rarely (1–2 times in the last 4 weeks),Never,Rarely (1–2 times in the last 4 weeks),Never,Never,Never,Never,Never,Rarely (1–2 times in the last 4 weeks),Never,Never
Yes,5,Khulna,Koyra,7,Baseline,Male,64,3,1,3,Primary Education,Farmer,NA,Yes,20 Liter,0,1,0,0,0,0,NA,NA,2,NA,NA,NA,NA,NA,Borehole with handpump,No,Other (please specify),0,0,0,0,0,0,0,1,N/A,5,2,12,No,No,NA,Satisfied,NA,NA,NA,NA,NA,NA,NA,NA,NA,Latrine/toilet,1,0,0,0,0,Latrine/toilet,1,0,0,0,0,0,0,"Not applicable, no one under 3 lives in this household",NA,"Yes, shows facility",Pit latrine,NA,NA,"Medium (some damage, but safe to stand on)",Offers full privacy (has walls and a door ),Yes,Yes,After defecation  Before food preparation  Before eating After working in the dirt,1,0,1,1,0,0,1,0,0,0,NA,3,Yes,Soap,Yes,No,NA,NA,NA,NA,NA,NA,NA,NA,No,NA,No,NA,NA,NA,HWISE Survey,Rarely (1–2 times in the last 4 weeks),Never,Rarely (1–2 times in the last 4 weeks),Never,Never,Never,Never,Never,Never,Rarely (1–2 times in the last 4 weeks),Never,Never
Yes,5,Khulna,Koyra,7,Baseline,Female,22,3,1,2,Secondary Education,Business,NA,Yes,15 Liter,0,0,1,0,0,0,NA,NA,NA,2,NA,NA,NA,NA,Borehole with handpump,No,Other (please specify),0,0,0,0,0,0,0,1,N/A,5,3,13,No,No,NA,Satisfied,NA,NA,NA,NA,NA,NA,NA,NA,NA,Latrine/toilet,1,0,0,0,0,Potty,0,1,0,0,0,0,0,It is put or rinsed into latrine,NA,"Yes, shows facility",Pit latrine,NA,NA,"Medium (some damage, but safe to stand on)",Offers full privacy (has walls and a door ),Yes,Yes,After defecation  Before food preparation  Before eating Before feeding child After working in the dirt,1,0,1,1,1,0,1,0,0,0,NA,4,Yes,Soap,Yes,No,NA,NA,NA,NA,NA,NA,NA,NA,No,NA,No,NA,NA,NA,HWISE Survey,Rarely (1–2 times in the last 4 weeks),Sometimes (3–10 times in the last 4 weeks),Never,Never,Never,Never,Never,Never,Rarely (1–2 times in the last 4 weeks),Rarely (1–2 times in the last 4 weeks),Never,Never
Yes,11,Bagerhat,Morrelganj,3,Baseline,Female,40,5,3,2,Secondary Education,Farmer,NA,No,NA,NA,NA,NA,NA,NA,NA,NA,NA,NA,NA,NA,NA,NA,NA,Rainwater collection,No,Other (please specify),0,0,0,0,0,0,0,1,N/A,20,5,45,No,No,NA,Not Satisfied,Water tastes bad,0,0,1,0,0,0,0,NA,Latrine/toilet,1,0,0,0,0,Latrine/toilet,1,0,0,0,0,0,0,"Not applicable, no one under 3 lives in this household",NA,"Yes, shows facility",Pit latrine,NA,NA,"Medium (some damage, but safe to stand on)",Offers some privacy (has walls but no door),Yes,Yes,After defecation  Before food preparation After working in the dirt Before praying  Before eating,1,0,1,1,0,1,1,0,0,0,NA,3,Yes,Soap,Yes,No,NA,NA,NA,NA,NA,NA,NA,NA,No,NA,No,NA,NA,NA,HWISE Survey,Often (10-20 times in last 4 weeks),Often (10-20 times in last 4 weeks),Often (10-20 times in last 4 weeks),Often (10-20 times in last 4 weeks),Often (10-20 times in last 4 weeks),Often (10-20 times in last 4 weeks),Often (10-20 times in last 4 weeks),Often (10-20 times in last 4 weeks),Sometimes (3–10 times in the last 4 weeks),Rarely (1–2 times in the last 4 weeks),Sometimes (3–10 times in the last 4 weeks),Often (10-20 times in last 4 weeks)
Yes,11,Bagerhat,Morrelganj,3,Baseline,Female,35,6,4,2,Secondary Education,Business,NA,No,NA,NA,NA,NA,NA,NA,NA,NA,NA,NA,NA,NA,NA,NA,NA,Rainwater collection,No,Other (please specify),0,0,0,0,0,0,0,1,N/A,10,2,22,No,No,NA,Not Satisfied,Other (please specify),0,0,0,0,0,0,1,If there is no rain water it has to be brought from the pond and there is no rain water throughout the year.,Latrine/toilet,1,0,0,0,0,Latrine/toilet,1,0,0,0,0,0,0,"Not applicable, no one under 3 lives in this household",NA,"Yes, shows facility",Pit latrine,NA,NA,Good condition (no cracks or gaps),Offers full privacy (has walls and a door ),Yes,Yes,After defecation  Before food preparation Before praying  Before eating After working in the dirt,1,0,1,1,0,1,1,0,0,0,NA,3,Yes,Soap,Yes,No,NA,NA,NA,NA,NA,NA,NA,NA,No,NA,No,NA,NA,NA,HWISE Survey,Rarely (1–2 times in the last 4 weeks),Often (10-20 times in last 4 weeks),Sometimes (3–10 times in the last 4 weeks),Often (10-20 times in last 4 weeks),Sometimes (3–10 times in the last 4 weeks),Rarely (1–2 times in the last 4 weeks),Rarely (1–2 times in the last 4 weeks),Rarely (1–2 times in the last 4 weeks),Rarely (1–2 times in the last 4 weeks),Rarely (1–2 times in the last 4 weeks),Rarely (1–2 times in the last 4 weeks),Rarely (1–2 times in the last 4 weeks)
Yes,6,Khulna,Koyra,2,Baseline,Female,30,14,6,8,Secondary Education,Farmer,NA,Yes,20 Liter,0,1,0,0,0,0,NA,NA,4,NA,NA,NA,NA,NA,Borehole with handpump,No,Other (please specify),0,0,0,0,0,0,0,1,N/A,25,10,60,No,No,NA,Neutral,NA,NA,NA,NA,NA,NA,NA,NA,NA,Latrine/toilet,1,0,0,0,0,Latrine/toilet,1,0,0,0,0,0,0,"Not applicable, no one under 3 lives in this household",NA,"Yes, shows facility",Flush/pour flush,Pit Latrine,No,"Medium (some damage, but safe to stand on)",Offers some privacy (has walls but no door),NA,Yes,After defecation  After working in the dirt  Before eating Before food preparation,1,0,1,1,0,0,1,0,0,0,NA,3,Yes,Soap,Yes,No,NA,NA,NA,NA,NA,NA,NA,NA,No,NA,No,NA,NA,NA,HWISE Survey,Sometimes (3–10 times in the last 4 weeks),Often (10-20 times in last 4 weeks),Rarely (1–2 times in the last 4 weeks),Rarely (1–2 times in the last 4 weeks),Rarely (1–2 times in the last 4 weeks),Rarely (1–2 times in the last 4 weeks),Never,Never,Sometimes (3–10 times in the last 4 weeks),Never,Rarely (1–2 times in the last 4 weeks),Sometimes (3–10 times in the last 4 weeks)
Yes,6,Khulna,Koyra,2,Baseline,Female,30,7,2,5,Primary Education,Day Labour,NA,Yes,15 Liter,0,0,1,0,0,0,NA,NA,NA,3,NA,NA,NA,NA,Borehole with handpump,No,Other (please specify),0,0,0,0,0,0,0,1,N/A,20,15,55,No,No,NA,Not Satisfied,Long lines It is too far away,1,0,0,1,0,0,0,NA,Latrine/toilet,1,0,0,0,0,Latrine/toilet,1,0,0,0,0,0,0,It is put or rinsed into latrine,NA,"Yes, shows facility",Pit latrine,NA,NA,Bad ( dangeraous to stand on),Offers little to no privacy (very poor quality),Yes,Yes,After defecation  Before food preparation  Before eating After working in the dirt,1,0,1,1,0,0,1,0,0,0,NA,3,Yes,Soap,Yes,No,NA,NA,NA,NA,NA,NA,NA,NA,No,NA,No,NA,NA,NA,HWISE Survey,Sometimes (3–10 times in the last 4 weeks),Often (10-20 times in last 4 weeks),Rarely (1–2 times in the last 4 weeks),Sometimes (3–10 times in the last 4 weeks),Rarely (1–2 times in the last 4 weeks),Rarely (1–2 times in the last 4 weeks),Rarely (1–2 times in the last 4 weeks),Never,Sometimes (3–10 times in the last 4 weeks),Rarely (1–2 times in the last 4 weeks),Sometimes (3–10 times in the last 4 weeks),Often (10-20 times in last 4 weeks)
Yes,13,Khulna,Paikgacha,3,Baseline,Female,25,6,1,5,Primary Education,Business,NA,Yes,10 Liter,0,0,0,1,0,0,NA,NA,NA,NA,2,NA,NA,NA,Borehole with handpump,don’t know,NA,NA,NA,NA,NA,NA,NA,NA,NA,NA,2,1,5,Yes,No,NA,Not Satisfied,Water tastes bad,0,0,1,0,0,0,0,NA,Latrine/toilet,1,0,0,0,0,Latrine/toilet,1,0,0,0,0,0,0,"Not applicable, no one under 3 lives in this household",NA,"Yes, shows facility",Flush/pour flush,Septic Tank,Yes,Good condition (no cracks or gaps),Offers full privacy (has walls and a door ),NA,Yes,After defecation  Before food preparation  Before eating Before feeding child Before praying,1,0,1,1,1,1,0,0,0,0,NA,4,Yes,Soap,Yes,No,NA,NA,NA,NA,NA,NA,NA,NA,No,NA,No,NA,NA,NA,HWISE Survey,Rarely (1–2 times in the last 4 weeks),Rarely (1–2 times in the last 4 weeks),Rarely (1–2 times in the last 4 weeks),Rarely (1–2 times in the last 4 weeks),Rarely (1–2 times in the last 4 weeks),Rarely (1–2 times in the last 4 weeks),Rarely (1–2 times in the last 4 weeks),Rarely (1–2 times in the last 4 weeks),Rarely (1–2 times in the last 4 weeks),Rarely (1–2 times in the last 4 weeks),Rarely (1–2 times in the last 4 weeks),Rarely (1–2 times in the last 4 weeks)
Yes,13,Khulna,Paikgacha,3,Baseline,Female,55,2,1,1,Secondary Education,Private Job,NA,Yes,15 Liter,0,0,1,0,0,0,NA,NA,NA,1,NA,NA,NA,NA,Borehole with handpump,don’t know,NA,NA,NA,NA,NA,NA,NA,NA,NA,NA,2,1,5,No,No,NA,Not Satisfied,"Water tastes bad Water has a bad smell, color, or quality",0,0,1,0,0,1,0,NA,Latrine/toilet,1,0,0,0,0,Latrine/toilet,1,0,0,0,0,0,0,"Not applicable, no one under 3 lives in this household",NA,"Yes, shows facility",Pit latrine,NA,NA,Bad ( dangeraous to stand on),Offers little to no privacy (very poor quality),No,No,After defecation  Before food preparation  Before eating Before praying,1,0,1,1,0,1,0,0,0,0,NA,3,Yes,Soap,Yes,No,NA,NA,NA,NA,NA,NA,NA,NA,No,NA,No,NA,NA,NA,HWISE Survey,Sometimes (3–10 times in the last 4 weeks),Sometimes (3–10 times in the last 4 weeks),Rarely (1–2 times in the last 4 weeks),Rarely (1–2 times in the last 4 weeks),Rarely (1–2 times in the last 4 weeks),Rarely (1–2 times in the last 4 weeks),Rarely (1–2 times in the last 4 weeks),Rarely (1–2 times in the last 4 weeks),Rarely (1–2 times in the last 4 weeks),Rarely (1–2 times in the last 4 weeks),Rarely (1–2 times in the last 4 weeks),Rarely (1–2 times in the last 4 weeks)
Yes,6,Khulna,Koyra,2,Baseline,Female,30,4,2,2,Primary Education,Farmer,NA,Yes,10 Liter,0,0,0,1,0,0,NA,NA,NA,NA,3,NA,NA,NA,Borehole with handpump,No,Other (please specify),0,0,0,0,0,0,0,1,N/A,25,15,65,No,No,NA,Not Satisfied,Long lines It is too far away,1,0,0,1,0,0,0,NA,Latrine/toilet,1,0,0,0,0,Latrine/toilet,1,0,0,0,0,0,0,"Not applicable, no one under 3 lives in this household",NA,"Yes, shows facility",Flush/pour flush,Pit Latrine,No,"Medium (some damage, but safe to stand on)",Offers some privacy (has walls but no door),NA,Yes,After defecation  After working in the dirt  Before eating Before food preparation,1,0,1,1,0,0,1,0,0,0,NA,3,Yes,Soap,Yes,No,NA,NA,NA,NA,NA,NA,NA,NA,No,NA,No,NA,NA,NA,HWISE Survey,Sometimes (3–10 times in the last 4 weeks),Often (10-20 times in last 4 weeks),Sometimes (3–10 times in the last 4 weeks),Rarely (1–2 times in the last 4 weeks),Rarely (1–2 times in the last 4 weeks),Rarely (1–2 times in the last 4 weeks),Sometimes (3–10 times in the last 4 weeks),Rarely (1–2 times in the last 4 weeks),Sometimes (3–10 times in the last 4 weeks),Rarely (1–2 times in the last 4 weeks),Sometimes (3–10 times in the last 4 weeks),Often (10-20 times in last 4 weeks)
Yes,12,Khulna,Paikgacha,3,Baseline,Female,53,4,3,1,Secondary Education,Farmer,NA,Yes,10 Liter,0,0,0,1,0,0,NA,NA,NA,NA,2,NA,NA,NA,Borehole with handpump,No,don’t know,0,0,0,0,0,0,1,0,NA,2,0,4,Yes,No,NA,Not Satisfied,"Water tastes bad Water has a bad smell, color, or quality",0,0,1,0,0,1,0,NA,Latrine/toilet,1,0,0,0,0,Latrine/toilet,1,0,0,0,0,0,0,"Not applicable, no one under 3 lives in this household",NA,"Yes, shows facility",Flush/pour flush,Pit Latrine,Yes,Good condition (no cracks or gaps),Offers full privacy (has walls and a door ),NA,No,After defecation  After cleaning or changing a baby Before food preparation  Before eating Before feeding child Before praying After working in the dirt,1,1,1,1,1,1,1,0,0,0,NA,5,Yes,Soap,Yes,No,NA,NA,NA,NA,NA,NA,NA,NA,No,NA,Yes,Yes,Yes,Yes,HWISE Survey,Sometimes (3–10 times in the last 4 weeks),Sometimes (3–10 times in the last 4 weeks),Rarely (1–2 times in the last 4 weeks),Rarely (1–2 times in the last 4 weeks),Rarely (1–2 times in the last 4 weeks),Never,Never,Never,Rarely (1–2 times in the last 4 weeks),Rarely (1–2 times in the last 4 weeks),Rarely (1–2 times in the last 4 weeks),Rarely (1–2 times in the last 4 weeks)
Yes,13,Khulna,Paikgacha,2,Baseline,Male,50,5,3,2,Secondary Education,Farmer,NA,Yes,20 Liter,0,1,0,0,0,0,NA,NA,2,NA,NA,NA,NA,NA,"Bottled water, sachet water",don’t know,NA,NA,NA,NA,NA,NA,NA,NA,NA,NA,30,5,65,No,No,NA,Not Satisfied,It is too far away It is too expensive,0,1,0,1,0,0,0,NA,Latrine/toilet,1,0,0,0,0,Latrine/toilet,1,0,0,0,0,0,0,"Not applicable, no one under 3 lives in this household",NA,"Yes, shows facility",Flush/pour flush,Septic Tank,Yes,Good condition (no cracks or gaps),Offers full privacy (has walls and a door ),NA,Yes,After defecation   Before eating Before food preparation,1,0,1,1,0,0,0,0,0,0,NA,3,Yes,Soap,Yes,No,NA,NA,NA,NA,NA,NA,NA,NA,No,NA,No,NA,NA,NA,HWISE Survey,Rarely (1–2 times in the last 4 weeks),Rarely (1–2 times in the last 4 weeks),Rarely (1–2 times in the last 4 weeks),Rarely (1–2 times in the last 4 weeks),Rarely (1–2 times in the last 4 weeks),Rarely (1–2 times in the last 4 weeks),Rarely (1–2 times in the last 4 weeks),Rarely (1–2 times in the last 4 weeks),Rarely (1–2 times in the last 4 weeks),Rarely (1–2 times in the last 4 weeks),Rarely (1–2 times in the last 4 weeks),Rarely (1–2 times in the last 4 weeks)
Yes,12,Khulna,Paikgacha,3,Baseline,Male,58,8,4,4,Secondary Education,Farmer,NA,Yes,15 Liter 5 Liter,0,0,1,0,1,0,NA,NA,NA,1,NA,1,NA,NA,Borehole with handpump,No,don’t know,0,0,0,0,0,0,1,0,NA,2,0,4,Yes,No,NA,Not Satisfied,"Water tastes bad Water has a bad smell, color, or quality",0,0,1,0,0,1,0,NA,Latrine/toilet,1,0,0,0,0,Latrine/toilet,1,0,0,0,0,0,0,"Not applicable, no one under 3 lives in this household",NA,"Yes, shows facility",Flush/pour flush,Septic Tank,Yes,Good condition (no cracks or gaps),Offers full privacy (has walls and a door ),NA,No,After defecation  After cleaning or changing a baby  Before eating Before food preparation Before feeding child After working in the dirt,1,1,1,1,1,0,1,0,0,0,NA,5,Yes,Soap,Yes,No,NA,NA,NA,NA,NA,NA,NA,NA,No,NA,No,NA,NA,NA,HWISE Survey,Rarely (1–2 times in the last 4 weeks),Rarely (1–2 times in the last 4 weeks),Rarely (1–2 times in the last 4 weeks),Sometimes (3–10 times in the last 4 weeks),Rarely (1–2 times in the last 4 weeks),Rarely (1–2 times in the last 4 weeks),Never,Never,Rarely (1–2 times in the last 4 weeks),Never,Rarely (1–2 times in the last 4 weeks),Rarely (1–2 times in the last 4 weeks)
Yes,12,Khulna,Paikgacha,3,Baseline,Female,60,5,3,2,Secondary Education,Farmer,NA,Yes,20 Liter 10 Liter,0,1,0,1,0,0,NA,NA,1,NA,1,NA,NA,NA,"Bottled water, sachet water",No,don’t know,0,0,0,0,0,0,1,0,NA,20,20,60,No,No,NA,Not Satisfied,Long lines It is too expensive It is too far away,1,1,0,1,0,0,0,NA,Latrine/toilet,1,0,0,0,0,Latrine/toilet,1,0,0,0,0,0,0,"Not applicable, no one under 3 lives in this household",NA,"Yes, shows facility",Flush/pour flush,Septic Tank,Yes,Good condition (no cracks or gaps),Offers full privacy (has walls and a door ),NA,No,After defecation  After cleaning or changing a baby Before food preparation  Before eating Before feeding child After working in the dirt,1,1,1,1,1,0,1,0,0,0,NA,5,Yes,Soap,Yes,No,NA,NA,NA,NA,NA,NA,NA,NA,No,NA,No,NA,NA,NA,HWISE Survey,Rarely (1–2 times in the last 4 weeks),Rarely (1–2 times in the last 4 weeks),Never,Rarely (1–2 times in the last 4 weeks),Rarely (1–2 times in the last 4 weeks),Rarely (1–2 times in the last 4 weeks),Rarely (1–2 times in the last 4 weeks),Rarely (1–2 times in the last 4 weeks),Rarely (1–2 times in the last 4 weeks),Rarely (1–2 times in the last 4 weeks),Rarely (1–2 times in the last 4 weeks),Rarely (1–2 times in the last 4 weeks)
Yes,13,Khulna,Paikgacha,3,Baseline,Male,55,8,4,4,Secondary Education,Business,NA,Yes,20 Liter,0,1,0,0,0,0,NA,NA,1,NA,NA,NA,NA,NA,"Bottled water, sachet water",No,It is too far away,1,0,0,0,0,0,0,0,NA,30,5,65,No,No,NA,Not Satisfied,It is too far away It is too expensive,0,1,0,1,0,0,0,NA,Latrine/toilet,1,0,0,0,0,Latrine/toilet,1,0,0,0,0,0,0,"Not applicable, no one under 3 lives in this household",NA,"Yes, shows facility",Flush/pour flush,Septic Tank,Yes,Good condition (no cracks or gaps),Offers full privacy (has walls and a door ),NA,Yes,After defecation  Before food preparation  Before eating,1,0,1,1,0,0,0,0,0,0,NA,3,Yes,Soap,Yes,No,NA,NA,NA,NA,NA,NA,NA,NA,No,NA,No,NA,NA,NA,HWISE Survey,Rarely (1–2 times in the last 4 weeks),Rarely (1–2 times in the last 4 weeks),Rarely (1–2 times in the last 4 weeks),Rarely (1–2 times in the last 4 weeks),Rarely (1–2 times in the last 4 weeks),Rarely (1–2 times in the last 4 weeks),Rarely (1–2 times in the last 4 weeks),Rarely (1–2 times in the last 4 weeks),Rarely (1–2 times in the last 4 weeks),Rarely (1–2 times in the last 4 weeks),Rarely (1–2 times in the last 4 weeks),Rarely (1–2 times in the last 4 weeks)
Yes,12,Khulna,Paikgacha,3,Baseline,Female,45,6,3,3,University,Others (Please Specify),Doctor,No,NA,NA,NA,NA,NA,NA,NA,NA,NA,NA,NA,NA,NA,NA,NA,"Bottled water, sachet water",No,don’t know,0,0,0,0,0,0,1,0,NA,30,20,80,No,No,NA,Not Satisfied,Long lines It is too expensive It is too far away,1,1,0,1,0,0,0,NA,Latrine/toilet,1,0,0,0,0,Potty Latrine/toilet,1,1,0,0,0,0,0,"Not applicable, no one under 3 lives in this household",NA,"Yes, shows facility",Flush/pour flush,Septic Tank,Yes,"Medium (some damage, but safe to stand on)",Offers full privacy (has walls and a door ),NA,No,After defecation  After cleaning or changing a baby Before food preparation  Before eating Before feeding child After working in the dirt,1,1,1,1,1,0,1,0,0,0,NA,5,Yes,Soap,Yes,No,NA,NA,NA,NA,NA,NA,NA,NA,No,NA,No,NA,NA,NA,HWISE Survey,Rarely (1–2 times in the last 4 weeks),Rarely (1–2 times in the last 4 weeks),Rarely (1–2 times in the last 4 weeks),Rarely (1–2 times in the last 4 weeks),Rarely (1–2 times in the last 4 weeks),Rarely (1–2 times in the last 4 weeks),Rarely (1–2 times in the last 4 weeks),Rarely (1–2 times in the last 4 weeks),Rarely (1–2 times in the last 4 weeks),Rarely (1–2 times in the last 4 weeks),Rarely (1–2 times in the last 4 weeks),Rarely (1–2 times in the last 4 weeks)
Yes,13,Khulna,Paikgacha,3,Baseline,Female,40,4,3,1,Secondary Education,Day Labour,NA,Yes,20 Liter,0,1,0,0,0,0,NA,NA,1,NA,NA,NA,NA,NA,"Bottled water, sachet water",No,It is too far away Long lines,1,0,0,1,0,0,0,0,NA,30,2,62,No,No,NA,Not Satisfied,It is too expensive It is too far away,0,1,0,1,0,0,0,NA,Latrine/toilet,1,0,0,0,0,Latrine/toilet,1,0,0,0,0,0,0,Child uses latrine,NA,"Yes, shows facility",Flush/pour flush,Septic Tank,Yes,Good condition (no cracks or gaps),Offers full privacy (has walls and a door ),NA,Yes,After defecation  Before food preparation  Before eating Before feeding child,1,0,1,1,1,0,0,0,0,0,NA,4,Yes,Soap,Yes,No,NA,NA,NA,NA,NA,NA,NA,NA,No,NA,No,NA,NA,NA,HWISE Survey,Rarely (1–2 times in the last 4 weeks),Sometimes (3–10 times in the last 4 weeks),Rarely (1–2 times in the last 4 weeks),Rarely (1–2 times in the last 4 weeks),Sometimes (3–10 times in the last 4 weeks),Rarely (1–2 times in the last 4 weeks),Rarely (1–2 times in the last 4 weeks),Rarely (1–2 times in the last 4 weeks),Rarely (1–2 times in the last 4 weeks),Rarely (1–2 times in the last 4 weeks),Rarely (1–2 times in the last 4 weeks),Rarely (1–2 times in the last 4 weeks)
Yes,12,Khulna,Paikgacha,3,Baseline,Male,60,3,2,1,University,Others (Please Specify),Political,No,NA,NA,NA,NA,NA,NA,NA,NA,NA,NA,NA,NA,NA,NA,NA,"Bottled water, sachet water",No,don’t know,0,0,0,0,0,0,1,0,NA,30,20,80,No,No,NA,Not Satisfied,It is too expensive It is too far away Long lines,1,1,0,1,0,0,0,NA,Latrine/toilet,1,0,0,0,0,"Not applicable, no one between the ages of 3-17 lives in this household",0,0,0,0,1,0,0,"Not applicable, no one under 3 lives in this household",NA,"Yes, shows facility",Pit latrine,NA,NA,Bad ( dangeraous to stand on),Offers some privacy (has walls but no door),No,No,After defecation  Before food preparation  Before eating Before feeding child After working in the dirt,1,0,1,1,1,0,1,0,0,0,NA,4,Yes,Soap,Yes,No,NA,NA,NA,NA,NA,NA,NA,NA,No,NA,No,NA,NA,NA,HWISE Survey,Rarely (1–2 times in the last 4 weeks),Rarely (1–2 times in the last 4 weeks),Rarely (1–2 times in the last 4 weeks),Rarely (1–2 times in the last 4 weeks),Rarely (1–2 times in the last 4 weeks),Rarely (1–2 times in the last 4 weeks),Rarely (1–2 times in the last 4 weeks),Rarely (1–2 times in the last 4 weeks),Rarely (1–2 times in the last 4 weeks),Rarely (1–2 times in the last 4 weeks),Rarely (1–2 times in the last 4 weeks),Rarely (1–2 times in the last 4 weeks)
Yes,13,Khulna,Paikgacha,3,Baseline,Male,45,5,3,2,Primary Education,Farmer,NA,Yes,15 Liter,0,0,1,0,0,0,NA,NA,NA,2,NA,NA,NA,NA,Borehole with handpump,don’t know,NA,NA,NA,NA,NA,NA,NA,NA,NA,NA,2,1,5,No,No,NA,Not Satisfied,"Water has a bad smell, color, or quality Water tastes bad",0,0,1,0,0,1,0,NA,Latrine/toilet,1,0,0,0,0,Latrine/toilet,1,0,0,0,0,0,0,"Not applicable, no one under 3 lives in this household",NA,"Yes, shows facility",Pit latrine,NA,NA,"Medium (some damage, but safe to stand on)",Offers some privacy (has walls but no door),No,Yes,After defecation  Before food preparation  Before eating,1,0,1,1,0,0,0,0,0,0,NA,3,Yes,Soap,Yes,No,NA,NA,NA,NA,NA,NA,NA,NA,No,NA,No,NA,NA,NA,HWISE Survey,Rarely (1–2 times in the last 4 weeks),Rarely (1–2 times in the last 4 weeks),Rarely (1–2 times in the last 4 weeks),Rarely (1–2 times in the last 4 weeks),Rarely (1–2 times in the last 4 weeks),Rarely (1–2 times in the last 4 weeks),Rarely (1–2 times in the last 4 weeks),Rarely (1–2 times in the last 4 weeks),Rarely (1–2 times in the last 4 weeks),Rarely (1–2 times in the last 4 weeks),Rarely (1–2 times in the last 4 weeks),Rarely (1–2 times in the last 4 weeks)
Yes,13,Khulna,Paikgacha,3,Baseline,Male,40,8,5,3,Secondary Education,Business,NA,Yes,20 Liter,0,1,0,0,0,0,NA,NA,1,NA,NA,NA,NA,NA,Borehole with handpump,No,It is too far away Long lines,1,0,0,1,0,0,0,0,NA,30,2,62,No,No,NA,Not Satisfied,Water tastes bad It is too far away,0,0,1,1,0,0,0,NA,Latrine/toilet,1,0,0,0,0,Latrine/toilet,1,0,0,0,0,0,0,"Not applicable, no one under 3 lives in this household",NA,"Yes, shows facility",Flush/pour flush,Septic Tank,Yes,Good condition (no cracks or gaps),Offers full privacy (has walls and a door ),NA,Yes,After defecation  Before food preparation  Before eating,1,0,1,1,0,0,0,0,0,0,NA,3,Yes,Soap,Yes,No,NA,NA,NA,NA,NA,NA,NA,NA,No,NA,No,NA,NA,NA,HWISE Survey,Rarely (1–2 times in the last 4 weeks),Rarely (1–2 times in the last 4 weeks),Rarely (1–2 times in the last 4 weeks),Rarely (1–2 times in the last 4 weeks),Rarely (1–2 times in the last 4 weeks),Rarely (1–2 times in the last 4 weeks),Rarely (1–2 times in the last 4 weeks),Rarely (1–2 times in the last 4 weeks),Rarely (1–2 times in the last 4 weeks),Rarely (1–2 times in the last 4 weeks),Rarely (1–2 times in the last 4 weeks),Rarely (1–2 times in the last 4 weeks)
Yes,12,Khulna,Paikgacha,3,Baseline,Male,52,4,2,2,Primary Education,Farmer,NA,Yes,10 Liter,0,0,0,1,0,0,NA,NA,NA,NA,2,NA,NA,NA,Borehole with handpump,No,don’t know,0,0,0,0,0,0,1,0,NA,2,0,4,No,No,NA,Not Satisfied,"Water tastes bad Water has a bad smell, color, or quality",0,0,1,0,0,1,0,NA,Latrine/toilet,1,0,0,0,0,Latrine/toilet,1,0,0,0,0,0,0,"Not applicable, no one under 3 lives in this household",NA,"Yes, shows facility",Pit latrine,NA,NA,Bad ( dangeraous to stand on),Offers some privacy (has walls but no door),No,No,After defecation  Before food preparation  Before eating Before feeding child After working in the dirt,1,0,1,1,1,0,1,0,0,0,NA,4,Yes,Soap,Yes,No,NA,NA,NA,NA,NA,NA,NA,NA,No,NA,No,NA,NA,NA,HWISE Survey,Rarely (1–2 times in the last 4 weeks),Rarely (1–2 times in the last 4 weeks),Rarely (1–2 times in the last 4 weeks),Rarely (1–2 times in the last 4 weeks),Rarely (1–2 times in the last 4 weeks),Rarely (1–2 times in the last 4 weeks),Rarely (1–2 times in the last 4 weeks),Never,Rarely (1–2 times in the last 4 weeks),Never,Rarely (1–2 times in the last 4 weeks),Rarely (1–2 times in the last 4 weeks)
Yes,12,Khulna,Paikgacha,3,Baseline,Female,30,4,1,3,Higher Secondary Education,Business,NA,No,NA,NA,NA,NA,NA,NA,NA,NA,NA,NA,NA,NA,NA,NA,NA,"Bottled water, sachet water",No,don’t know,0,0,0,0,0,0,1,0,NA,30,20,80,No,No,NA,Not Satisfied,Long lines It is too expensive It is too far away,1,1,0,1,0,0,0,NA,Latrine/toilet,1,0,0,0,0,Latrine/toilet,1,0,0,0,0,0,0,"Not applicable, no one under 3 lives in this household",NA,"Yes, shows facility",Flush/pour flush,Septic Tank,Yes,Good condition (no cracks or gaps),Offers full privacy (has walls and a door ),NA,No,After defecation  After cleaning or changing a baby Before food preparation  Before eating Before feeding child After working in the dirt,1,1,1,1,1,0,1,0,0,0,NA,5,Yes,Soap,Yes,No,NA,NA,NA,NA,NA,NA,NA,NA,No,NA,No,NA,NA,NA,HWISE Survey,Rarely (1–2 times in the last 4 weeks),Rarely (1–2 times in the last 4 weeks),Never,Rarely (1–2 times in the last 4 weeks),Rarely (1–2 times in the last 4 weeks),Rarely (1–2 times in the last 4 weeks),Rarely (1–2 times in the last 4 weeks),Rarely (1–2 times in the last 4 weeks),Rarely (1–2 times in the last 4 weeks),Rarely (1–2 times in the last 4 weeks),Rarely (1–2 times in the last 4 weeks),Rarely (1–2 times in the last 4 weeks)
Yes,3,Khulna,Koyra,2,Baseline,Male,35,10,3,7,Secondary Education,Day Labour,NA,Yes,20 Liter,0,1,0,0,0,0,NA,NA,2,NA,NA,NA,NA,NA,Borehole with handpump,No,Other (please specify),0,0,0,0,0,0,0,1,N/A,20,10,50,No,No,NA,Not Satisfied,"Long lines Water tastes bad It is too far away Water has a bad smell, color, or quality",1,0,1,1,0,1,0,NA,Latrine/toilet,1,0,0,0,0,Latrine/toilet,1,0,0,0,0,0,0,It is put or rinse into garbage bin,NA,"Yes, shows facility",Flush/pour flush,Septic Tank,Yes,Good condition (no cracks or gaps),Offers full privacy (has walls and a door ),NA,Yes,After defecation  Before food preparation  Before eating Before feeding child Before praying After working in the dirt,1,0,1,1,1,1,1,0,0,0,NA,4,Yes,Soap,Yes,No,NA,NA,NA,NA,NA,NA,NA,NA,No,NA,No,NA,NA,NA,HWISE Survey,Often (10-20 times in last 4 weeks),Always (More than 20 times in last 4 weeks),Sometimes (3–10 times in the last 4 weeks),Often (10-20 times in last 4 weeks),Sometimes (3–10 times in the last 4 weeks),Sometimes (3–10 times in the last 4 weeks),Rarely (1–2 times in the last 4 weeks),Sometimes (3–10 times in the last 4 weeks),Rarely (1–2 times in the last 4 weeks),Rarely (1–2 times in the last 4 weeks),Often (10-20 times in last 4 weeks),Rarely (1–2 times in the last 4 weeks)
Yes,3,Khulna,Koyra,2,Baseline,Female,45,2,1,1,Primary Education,Day Labour,NA,Yes,20 Liter,0,1,0,0,0,0,NA,NA,2,NA,NA,NA,NA,NA,Borehole with handpump,No,Other (please specify),0,0,0,0,0,0,0,1,N/A,20,15,55,No,No,NA,Not Satisfied,Long lines Water tastes bad It is too far away,1,0,1,1,0,0,0,NA,Latrine/toilet,1,0,0,0,0,Latrine/toilet,1,0,0,0,0,0,0,Decline to state,NA,"Yes, shows facility",Pit latrine,NA,NA,Bad ( dangeraous to stand on),Offers little to no privacy (very poor quality),Yes,Yes,After defecation  After cleaning or changing a baby Before food preparation  Before eating Before feeding child Before praying After working in the dirt,1,1,1,1,1,1,1,0,0,0,NA,5,Yes,Soap,Yes,No,NA,NA,NA,NA,NA,NA,NA,NA,No,NA,No,NA,NA,NA,HWISE Survey,Often (10-20 times in last 4 weeks),Always (More than 20 times in last 4 weeks),Sometimes (3–10 times in the last 4 weeks),Sometimes (3–10 times in the last 4 weeks),Sometimes (3–10 times in the last 4 weeks),Sometimes (3–10 times in the last 4 weeks),Sometimes (3–10 times in the last 4 weeks),Rarely (1–2 times in the last 4 weeks),Sometimes (3–10 times in the last 4 weeks),Rarely (1–2 times in the last 4 weeks),Sometimes (3–10 times in the last 4 weeks),Rarely (1–2 times in the last 4 weeks)
Yes,3,Khulna,Koyra,2,Baseline,Female,36,5,3,2,Primary Education,Day Labour,NA,Yes,25 Liter,1,0,0,0,0,0,NA,3,NA,NA,NA,NA,NA,NA,Borehole with handpump,No,Other (please specify),0,0,0,0,0,0,0,1,N/A,26,20,72,No,No,NA,Not Satisfied,"Long lines Water tastes bad It is too far away Water has a bad smell, color, or quality",1,0,1,1,0,1,0,NA,Latrine/toilet,1,0,0,0,0,Latrine/toilet,1,0,0,0,0,0,0,Decline to state,NA,"Yes, shows facility",Flush/pour flush,Septic Tank,No,"Medium (some damage, but safe to stand on)",Offers some privacy (has walls but no door),NA,Yes,After defecation  After cleaning or changing a baby Before food preparation  Before eating Before feeding child Before praying After working in the dirt,1,1,1,1,1,1,1,0,0,0,NA,5,Yes,Soap,Yes,No,NA,NA,NA,NA,NA,NA,NA,NA,No,NA,No,NA,NA,NA,HWISE Survey,Often (10-20 times in last 4 weeks),Always (More than 20 times in last 4 weeks),Sometimes (3–10 times in the last 4 weeks),Sometimes (3–10 times in the last 4 weeks),Sometimes (3–10 times in the last 4 weeks),Sometimes (3–10 times in the last 4 weeks),Rarely (1–2 times in the last 4 weeks),Sometimes (3–10 times in the last 4 weeks),Rarely (1–2 times in the last 4 weeks),Rarely (1–2 times in the last 4 weeks),Sometimes (3–10 times in the last 4 weeks),Rarely (1–2 times in the last 4 weeks)
Yes,3,Khulna,Koyra,2,Baseline,Female,25,4,2,2,Primary Education,Day Labour,NA,Yes,15 Liter,0,0,1,0,0,0,NA,NA,NA,2,NA,NA,NA,NA,Borehole with handpump,No,Other (please specify),0,0,0,0,0,0,0,1,N/A,10,5,25,No,No,NA,Not Satisfied,Long lines Water tastes bad It is too far away,1,0,1,1,0,0,0,NA,Latrine/toilet,1,0,0,0,0,Latrine/toilet,1,0,0,0,0,0,0,It is put or rinse into garbage bin,NA,"Yes, shows facility",Flush/pour flush,Septic Tank,No,"Medium (some damage, but safe to stand on)",Offers some privacy (has walls but no door),NA,Yes,After defecation  After cleaning or changing a baby Before food preparation  Before eating Before feeding child Before praying After working in the dirt,1,1,1,1,1,1,1,0,0,0,NA,5,Yes,Soap,Yes,No,NA,NA,NA,NA,NA,NA,NA,NA,No,NA,No,NA,NA,NA,HWISE Survey,Often (10-20 times in last 4 weeks),Often (10-20 times in last 4 weeks),Sometimes (3–10 times in the last 4 weeks),Sometimes (3–10 times in the last 4 weeks),Sometimes (3–10 times in the last 4 weeks),Rarely (1–2 times in the last 4 weeks),Sometimes (3–10 times in the last 4 weeks),Rarely (1–2 times in the last 4 weeks),Rarely (1–2 times in the last 4 weeks),Rarely (1–2 times in the last 4 weeks),Rarely (1–2 times in the last 4 weeks),Rarely (1–2 times in the last 4 weeks)
Yes,3,Khulna,Koyra,2,Baseline,Female,25,3,1,2,Primary Education,Day Labour,NA,Yes,20 Liter,0,1,0,0,0,0,NA,NA,2,NA,NA,NA,NA,NA,Borehole with handpump,No,Other (please specify),0,0,0,0,0,0,0,1,N/A,10,5,25,No,No,NA,Not Satisfied,Long lines Water tastes bad It is too far away,1,0,1,1,0,0,0,NA,Latrine/toilet,1,0,0,0,0,Latrine/toilet,1,0,0,0,0,0,0,It is put or rinse into garbage bin,NA,"Yes, shows facility",Pit latrine,NA,NA,Bad ( dangeraous to stand on),Offers little to no privacy (very poor quality),Yes,Yes,After defecation  After cleaning or changing a baby Before food preparation  Before eating Before feeding child Before praying After working in the dirt,1,1,1,1,1,1,1,0,0,0,NA,5,Yes,Soap,Yes,No,NA,NA,NA,NA,NA,NA,NA,NA,No,NA,No,NA,NA,NA,HWISE Survey,Often (10-20 times in last 4 weeks),Always (More than 20 times in last 4 weeks),Often (10-20 times in last 4 weeks),Sometimes (3–10 times in the last 4 weeks),Sometimes (3–10 times in the last 4 weeks),Sometimes (3–10 times in the last 4 weeks),Often (10-20 times in last 4 weeks),Rarely (1–2 times in the last 4 weeks),Sometimes (3–10 times in the last 4 weeks),Sometimes (3–10 times in the last 4 weeks),Sometimes (3–10 times in the last 4 weeks),Rarely (1–2 times in the last 4 weeks)
Yes,3,Khulna,Koyra,7,Baseline,Female,40,5,1,4,Primary Education,Day Labour,NA,Yes,15 Liter,0,0,1,0,0,0,NA,NA,NA,2,NA,NA,NA,NA,Borehole with handpump,No,Other (please specify),0,0,0,0,0,0,0,1,N/A,10,5,25,No,No,NA,Not Satisfied,"Long lines Water tastes bad Water has a bad smell, color, or quality",1,0,1,0,0,1,0,NA,Latrine/toilet,1,0,0,0,0,Latrine/toilet,1,0,0,0,0,0,0,Decline to state,NA,"Yes, shows facility",Pit latrine,NA,NA,Bad ( dangeraous to stand on),Offers full privacy (has walls and a door ),Yes,Yes,After defecation  After cleaning or changing a baby Before food preparation  Before eating Before feeding child After working in the dirt,1,1,1,1,1,0,1,0,0,0,NA,5,Yes,Soap,Yes,No,NA,NA,NA,NA,NA,NA,NA,NA,No,NA,No,NA,NA,NA,HWISE Survey,Sometimes (3–10 times in the last 4 weeks),Rarely (1–2 times in the last 4 weeks),Sometimes (3–10 times in the last 4 weeks),Rarely (1–2 times in the last 4 weeks),Sometimes (3–10 times in the last 4 weeks),Rarely (1–2 times in the last 4 weeks),Sometimes (3–10 times in the last 4 weeks),Sometimes (3–10 times in the last 4 weeks),Rarely (1–2 times in the last 4 weeks),Sometimes (3–10 times in the last 4 weeks),Sometimes (3–10 times in the last 4 weeks),Rarely (1–2 times in the last 4 weeks)
Yes,3,Khulna,Koyra,7,Baseline,Female,35,4,2,2,Primary Education,Shopkeeper,NA,Yes,15 Liter,0,0,1,0,0,0,NA,NA,NA,1,NA,NA,NA,NA,Borehole with handpump,No,Other (please specify),0,0,0,0,0,0,0,1,N/A,10,5,25,No,No,NA,Not Satisfied,"Long lines Water tastes bad Water has a bad smell, color, or quality",1,0,1,0,0,1,0,NA,Latrine/toilet,1,0,0,0,0,Latrine/toilet,1,0,0,0,0,0,0,Decline to state,NA,"Yes, shows facility",Pit latrine,NA,NA,Bad ( dangeraous to stand on),Offers full privacy (has walls and a door ),Yes,Yes,After defecation  After cleaning or changing a baby Before food preparation  Before eating Before feeding child After working in the dirt,1,1,1,1,1,0,1,0,0,0,NA,5,Yes,Soap,Yes,No,NA,NA,NA,NA,NA,NA,NA,NA,No,NA,No,NA,NA,NA,HWISE Survey,Sometimes (3–10 times in the last 4 weeks),Rarely (1–2 times in the last 4 weeks),Sometimes (3–10 times in the last 4 weeks),Rarely (1–2 times in the last 4 weeks),Sometimes (3–10 times in the last 4 weeks),Rarely (1–2 times in the last 4 weeks),Rarely (1–2 times in the last 4 weeks),Sometimes (3–10 times in the last 4 weeks),Rarely (1–2 times in the last 4 weeks),Rarely (1–2 times in the last 4 weeks),Rarely (1–2 times in the last 4 weeks),Rarely (1–2 times in the last 4 weeks)
Yes,3,Khulna,Koyra,7,Baseline,Female,45,2,1,1,Secondary Education,Farmer,NA,Yes,15 Liter,0,0,1,0,0,0,NA,NA,NA,2,NA,NA,NA,NA,Borehole with handpump,No,Other (please specify),0,0,0,0,0,0,0,1,N/A,20,10,50,No,No,NA,Not Satisfied,Long lines Water tastes bad It is too far away,1,0,1,1,0,0,0,NA,Latrine/toilet,1,0,0,0,0,Latrine/toilet,1,0,0,0,0,0,0,Decline to state,NA,"Yes, shows facility",Flush/pour flush,Septic Tank,No,Good condition (no cracks or gaps),Offers full privacy (has walls and a door ),NA,Yes,After defecation  After cleaning or changing a baby Before food preparation  Before eating Before feeding child After working in the dirt,1,1,1,1,1,0,1,0,0,0,NA,5,Yes,Soap,Yes,No,NA,NA,NA,NA,NA,NA,NA,NA,No,NA,No,NA,NA,NA,HWISE Survey,Often (10-20 times in last 4 weeks),Often (10-20 times in last 4 weeks),Sometimes (3–10 times in the last 4 weeks),Rarely (1–2 times in the last 4 weeks),Sometimes (3–10 times in the last 4 weeks),Sometimes (3–10 times in the last 4 weeks),Rarely (1–2 times in the last 4 weeks),Sometimes (3–10 times in the last 4 weeks),Often (10-20 times in last 4 weeks),Rarely (1–2 times in the last 4 weeks),Sometimes (3–10 times in the last 4 weeks),Rarely (1–2 times in the last 4 weeks)
Yes,6,Khulna,Koyra,2,Baseline,Female,38,4,2,2,Higher Secondary Education,Farmer,NA,Yes,15 Liter,0,0,1,0,0,0,NA,NA,NA,2,NA,NA,NA,NA,Borehole with handpump,No,Other (please specify),0,0,0,0,0,0,0,1,N/A,20,15,55,No,No,NA,Neutral,NA,NA,NA,NA,NA,NA,NA,NA,NA,Latrine/toilet,1,0,0,0,0,Latrine/toilet,1,0,0,0,0,0,0,"Not applicable, no one under 3 lives in this household",NA,"Yes, shows facility",Flush/pour flush,Pit Latrine,No,"Medium (some damage, but safe to stand on)",Offers some privacy (has walls but no door),NA,Yes,After defecation   Before eating Before food preparation After working in the dirt,1,0,1,1,0,0,1,0,0,0,NA,3,Yes,Soap,Yes,No,NA,NA,NA,NA,NA,NA,NA,NA,No,NA,No,NA,NA,NA,HWISE Survey,Sometimes (3–10 times in the last 4 weeks),Often (10-20 times in last 4 weeks),Rarely (1–2 times in the last 4 weeks),Rarely (1–2 times in the last 4 weeks),Rarely (1–2 times in the last 4 weeks),Rarely (1–2 times in the last 4 weeks),Never,Never,Rarely (1–2 times in the last 4 weeks),Rarely (1–2 times in the last 4 weeks),Sometimes (3–10 times in the last 4 weeks),Often (10-20 times in last 4 weeks)
Yes,6,Khulna,Koyra,2,Baseline,Female,21,5,3,2,Higher Secondary Education,Business,NA,Yes,15 Liter,0,0,1,0,0,0,NA,NA,NA,2,NA,NA,NA,NA,Borehole with handpump,No,Other (please specify),0,0,0,0,0,0,0,1,N/A,25,20,70,No,No,NA,Not Satisfied,Long lines It is too far away,1,0,0,1,0,0,0,NA,Latrine/toilet,1,0,0,0,0,Latrine/toilet,1,0,0,0,0,0,0,"Not applicable, no one under 3 lives in this household",NA,"Yes, shows facility",Flush/pour flush,Pit Latrine,No,"Medium (some damage, but safe to stand on)",Offers full privacy (has walls and a door ),NA,Yes,After defecation  After working in the dirt Before food preparation  Before eating,1,0,1,1,0,0,1,0,0,0,NA,3,Yes,Soap,Yes,No,NA,NA,NA,NA,NA,NA,NA,NA,No,NA,No,NA,NA,NA,HWISE Survey,Sometimes (3–10 times in the last 4 weeks),Often (10-20 times in last 4 weeks),Sometimes (3–10 times in the last 4 weeks),Rarely (1–2 times in the last 4 weeks),Rarely (1–2 times in the last 4 weeks),Rarely (1–2 times in the last 4 weeks),Never,Never,Rarely (1–2 times in the last 4 weeks),Rarely (1–2 times in the last 4 weeks),Sometimes (3–10 times in the last 4 weeks),Often (10-20 times in last 4 weeks)
Yes,7,Khulna,Koyra,3,Baseline,Female,46,7,3,4,Secondary Education,Business,NA,Yes,15 Liter,0,0,1,0,0,0,NA,NA,NA,6,NA,NA,NA,NA,Borehole with handpump,No,Other (please specify),0,0,0,0,0,0,0,1,N/A,56,20,132,No,No,NA,Not Satisfied,Long lines It is too far away,1,0,0,1,0,0,0,NA,Latrine/toilet,1,0,0,0,0,Latrine/toilet,1,0,0,0,0,0,0,It is put or rinsed into latrine,NA,"Yes, shows facility",Flush/pour flush,Septic Tank,No,Good condition (no cracks or gaps),Offers full privacy (has walls and a door ),NA,Yes,After defecation  After cleaning or changing a baby Before food preparation  Before eating Before feeding child After working in the dirt,1,1,1,1,1,0,1,0,0,0,NA,5,Yes,Soap,Yes,No,NA,NA,NA,NA,NA,NA,NA,NA,No,NA,No,NA,NA,NA,HWISE Survey,Always (More than 20 times in last 4 weeks),Always (More than 20 times in last 4 weeks),Often (10-20 times in last 4 weeks),Often (10-20 times in last 4 weeks),Often (10-20 times in last 4 weeks),Sometimes (3–10 times in the last 4 weeks),Often (10-20 times in last 4 weeks),Often (10-20 times in last 4 weeks),Sometimes (3–10 times in the last 4 weeks),Rarely (1–2 times in the last 4 weeks),Sometimes (3–10 times in the last 4 weeks),Sometimes (3–10 times in the last 4 weeks)
Yes,7,Khulna,Koyra,3,Baseline,Male,45,4,2,2,Secondary Education,Day Labour,NA,Yes,10 Liter,0,0,0,1,0,0,NA,NA,NA,NA,5,NA,NA,NA,Borehole with handpump,No,Other (please specify),0,0,0,0,0,0,0,1,N/A,40,10,90,No,No,NA,Not Satisfied,Long lines It is too far away,1,0,0,1,0,0,0,NA,Latrine/toilet,1,0,0,0,0,Latrine/toilet,1,0,0,0,0,0,0,"Not applicable, no one under 3 lives in this household",NA,"Yes, shows facility",Pit latrine,NA,NA,"Medium (some damage, but safe to stand on)",Offers full privacy (has walls and a door ),No,Yes,After defecation   Before eating After working in the dirt,1,0,0,1,0,0,1,0,0,0,NA,2,Yes,Soap,Yes,No,NA,NA,NA,NA,NA,NA,NA,NA,No,NA,No,NA,NA,NA,HWISE Survey,Always (More than 20 times in last 4 weeks),Often (10-20 times in last 4 weeks),Often (10-20 times in last 4 weeks),Often (10-20 times in last 4 weeks),Often (10-20 times in last 4 weeks),Often (10-20 times in last 4 weeks),Often (10-20 times in last 4 weeks),Sometimes (3–10 times in the last 4 weeks),Rarely (1–2 times in the last 4 weeks),Rarely (1–2 times in the last 4 weeks),Sometimes (3–10 times in the last 4 weeks),Rarely (1–2 times in the last 4 weeks)
Yes,7,Khulna,Koyra,3,Baseline,Female,27,4,3,1,Secondary Education,Day Labour,NA,Yes,15 Liter,0,0,1,0,0,0,NA,NA,NA,4,NA,NA,NA,NA,Borehole with handpump,No,Other (please specify),0,0,0,0,0,0,0,1,N/A,58,20,136,No,No,NA,Not Satisfied,Long lines It is too far away,1,0,0,1,0,0,0,NA,Latrine/toilet,1,0,0,0,0,Latrine/toilet,1,0,0,0,0,0,0,"Not applicable, no one under 3 lives in this household",NA,"Yes, shows facility",Pit latrine,NA,NA,Bad ( dangeraous to stand on),Offers little to no privacy (very poor quality),No,Yes,After defecation  After working in the dirt  Before eating Before food preparation After cleaning or changing a baby,1,1,1,1,0,0,1,0,0,0,NA,4,Yes,Soap,Yes,No,NA,NA,NA,NA,NA,NA,NA,NA,No,NA,Yes,Only for minor repairs,No,Yes,HWISE Survey,Always (More than 20 times in last 4 weeks),Always (More than 20 times in last 4 weeks),Often (10-20 times in last 4 weeks),Often (10-20 times in last 4 weeks),Sometimes (3–10 times in the last 4 weeks),Sometimes (3–10 times in the last 4 weeks),Sometimes (3–10 times in the last 4 weeks),Sometimes (3–10 times in the last 4 weeks),Sometimes (3–10 times in the last 4 weeks),Sometimes (3–10 times in the last 4 weeks),Often (10-20 times in last 4 weeks),Rarely (1–2 times in the last 4 weeks)
Yes,6,Khulna,Koyra,7,Baseline,Male,55,4,1,3,Secondary Education,Farmer,NA,Yes,20 Liter,0,1,0,0,0,0,NA,NA,4,NA,NA,NA,NA,NA,Pay another person to collect,No,Other (please specify),0,0,0,0,0,0,0,1,N/A,10,15,35,No,No,NA,Not Satisfied,Long lines It is too expensive,1,1,0,0,0,0,0,NA,Latrine/toilet,1,0,0,0,0,Latrine/toilet,1,0,0,0,0,0,0,"Not applicable, no one under 3 lives in this household",NA,"Yes, shows facility",Flush/pour flush,Septic Tank,Yes,Good condition (no cracks or gaps),Offers full privacy (has walls and a door ),NA,Yes,After defecation   Before eating After working in the dirt,1,0,0,1,0,0,1,0,0,0,NA,2,Yes,Soap,Yes,No,NA,NA,NA,NA,NA,NA,NA,NA,No,NA,No,NA,NA,NA,HWISE Survey,Sometimes (3–10 times in the last 4 weeks),Often (10-20 times in last 4 weeks),Sometimes (3–10 times in the last 4 weeks),Rarely (1–2 times in the last 4 weeks),Rarely (1–2 times in the last 4 weeks),Rarely (1–2 times in the last 4 weeks),Never,Rarely (1–2 times in the last 4 weeks),Rarely (1–2 times in the last 4 weeks),Rarely (1–2 times in the last 4 weeks),Sometimes (3–10 times in the last 4 weeks),Often (10-20 times in last 4 weeks)
Yes,7,Khulna,Koyra,3,Baseline,Female,24,4,2,2,Higher Secondary Education,Fisher,NA,Yes,15 Liter,0,0,1,0,0,0,NA,NA,NA,2,NA,NA,NA,NA,Borehole with handpump,No,Other (please specify),0,0,0,0,0,0,0,1,N/A,46,5,97,No,No,NA,Not Satisfied,Long lines It is too far away,1,0,0,1,0,0,0,NA,Latrine/toilet,1,0,0,0,0,Latrine/toilet,1,0,0,0,0,0,0,"Not applicable, no one under 3 lives in this household",NA,"Yes, shows facility",Pit latrine,NA,NA,"Medium (some damage, but safe to stand on)",Offers full privacy (has walls and a door ),No,Yes,After defecation  Before food preparation  Before eating Before feeding child After working in the dirt After cleaning or changing a baby,1,1,1,1,1,0,1,0,0,0,NA,5,Yes,Soap,Yes,No,NA,NA,NA,NA,NA,NA,NA,NA,No,NA,No,NA,NA,NA,HWISE Survey,Always (More than 20 times in last 4 weeks),Always (More than 20 times in last 4 weeks),Often (10-20 times in last 4 weeks),Often (10-20 times in last 4 weeks),Sometimes (3–10 times in the last 4 weeks),Often (10-20 times in last 4 weeks),Sometimes (3–10 times in the last 4 weeks),Sometimes (3–10 times in the last 4 weeks),Rarely (1–2 times in the last 4 weeks),Rarely (1–2 times in the last 4 weeks),Sometimes (3–10 times in the last 4 weeks),Sometimes (3–10 times in the last 4 weeks)
Yes,7,Khulna,Koyra,3,Baseline,Male,62,6,4,2,Secondary Education,Fisher,NA,Yes,15 Liter,0,0,1,0,0,0,NA,NA,NA,3,NA,NA,NA,NA,Borehole with handpump,No,Other (please specify),0,0,0,0,0,0,0,1,N/A,54,12,120,No,No,NA,Not Satisfied,Long lines It is too far away,1,0,0,1,0,0,0,NA,Latrine/toilet,1,0,0,0,0,Latrine/toilet,1,0,0,0,0,0,0,"Not applicable, no one under 3 lives in this household",NA,"Yes, shows facility",Pit latrine,NA,NA,"Medium (some damage, but safe to stand on)",Offers some privacy (has walls but no door),Yes,Yes,After defecation  Before food preparation Before praying After working in the dirt  Before eating,1,0,1,1,0,1,1,0,0,0,NA,3,Yes,Soap,Yes,No,NA,NA,NA,NA,NA,NA,NA,NA,No,NA,Yes,Only for minor repairs,No,Yes,HWISE Survey,Always (More than 20 times in last 4 weeks),Always (More than 20 times in last 4 weeks),Often (10-20 times in last 4 weeks),Always (More than 20 times in last 4 weeks),Often (10-20 times in last 4 weeks),Always (More than 20 times in last 4 weeks),Often (10-20 times in last 4 weeks),Rarely (1–2 times in the last 4 weeks),Sometimes (3–10 times in the last 4 weeks),Sometimes (3–10 times in the last 4 weeks),Sometimes (3–10 times in the last 4 weeks),Rarely (1–2 times in the last 4 weeks)
Yes,7,Khulna,Koyra,3,Baseline,Female,30,4,2,2,Primary Education,Day Labour,NA,Yes,10 Liter,0,0,0,1,0,0,NA,NA,NA,NA,3,NA,NA,NA,Borehole with handpump,No,Other (please specify),0,0,0,0,0,0,0,1,N/A,46,10,102,No,No,NA,Not Satisfied,Long lines It is too far away,1,0,0,1,0,0,0,NA,Latrine/toilet,1,0,0,0,0,Latrine/toilet,1,0,0,0,0,0,0,It is put or rinsed into latrine,NA,"Yes, shows facility",Pit latrine,NA,NA,"Medium (some damage, but safe to stand on)",Offers some privacy (has walls but no door),No,Yes,After defecation  Before food preparation  Before eating Before feeding child After working in the dirt Before praying After cleaning or changing a baby,1,1,1,1,1,1,1,0,0,0,NA,5,Yes,Soap,Yes,No,NA,NA,NA,NA,NA,NA,NA,NA,No,NA,No,NA,NA,NA,HWISE Survey,Always (More than 20 times in last 4 weeks),Often (10-20 times in last 4 weeks),Sometimes (3–10 times in the last 4 weeks),Sometimes (3–10 times in the last 4 weeks),Often (10-20 times in last 4 weeks),Always (More than 20 times in last 4 weeks),Often (10-20 times in last 4 weeks),Sometimes (3–10 times in the last 4 weeks),Often (10-20 times in last 4 weeks),Often (10-20 times in last 4 weeks),Sometimes (3–10 times in the last 4 weeks),Rarely (1–2 times in the last 4 weeks)
Yes,7,Khulna,Koyra,3,Baseline,Female,41,6,3,3,Primary Education,Day Labour,NA,Yes,15 Liter,0,0,1,0,0,0,NA,NA,NA,4,NA,NA,NA,NA,Borehole with handpump,No,Other (please specify),0,0,0,0,0,0,0,1,N\A,48,8,104,No,No,NA,Not Satisfied,Long lines It is too far away,1,0,0,1,0,0,0,NA,Latrine/toilet,1,0,0,0,0,Latrine/toilet,1,0,0,0,0,0,0,"Not applicable, no one under 3 lives in this household",NA,"Yes, shows facility",Pit latrine,NA,NA,"Medium (some damage, but safe to stand on)",Offers some privacy (has walls but no door),No,Yes,After defecation  Before food preparation After cleaning or changing a baby  Before eating Before feeding child After working in the dirt Before praying,1,1,1,1,1,1,1,0,0,0,NA,5,Yes,Soap,Yes,No,NA,NA,NA,NA,NA,NA,NA,NA,No,NA,No,NA,NA,NA,HWISE Survey,Always (More than 20 times in last 4 weeks),Always (More than 20 times in last 4 weeks),Often (10-20 times in last 4 weeks),Often (10-20 times in last 4 weeks),Often (10-20 times in last 4 weeks),Often (10-20 times in last 4 weeks),Often (10-20 times in last 4 weeks),Always (More than 20 times in last 4 weeks),Often (10-20 times in last 4 weeks),Often (10-20 times in last 4 weeks),Sometimes (3–10 times in the last 4 weeks),Rarely (1–2 times in the last 4 weeks)
Yes,6,Khulna,Koyra,7,Baseline,Female,20,4,2,2,Secondary Education,Farmer,NA,Yes,10 Liter,0,0,0,1,0,0,NA,NA,NA,NA,3,NA,NA,NA,Borehole with handpump,No,Other (please specify),0,0,0,0,0,0,0,1,N/A,5,2,12,No,No,NA,Neutral,NA,NA,NA,NA,NA,NA,NA,NA,NA,Latrine/toilet,1,0,0,0,0,Latrine/toilet,1,0,0,0,0,0,0,"Not applicable, no one under 3 lives in this household",NA,"Yes, shows facility",Flush/pour flush,Pit Latrine,No,"Medium (some damage, but safe to stand on)",Offers some privacy (has walls but no door),NA,Yes,After defecation   Before eating After working in the dirt Before food preparation,1,0,1,1,0,0,1,0,0,0,NA,3,Yes,Soap,Yes,No,NA,NA,NA,NA,NA,NA,NA,NA,No,NA,No,NA,NA,NA,HWISE Survey,Sometimes (3–10 times in the last 4 weeks),Rarely (1–2 times in the last 4 weeks),Rarely (1–2 times in the last 4 weeks),Rarely (1–2 times in the last 4 weeks),Rarely (1–2 times in the last 4 weeks),Rarely (1–2 times in the last 4 weeks),Never,Never,Sometimes (3–10 times in the last 4 weeks),Rarely (1–2 times in the last 4 weeks),Sometimes (3–10 times in the last 4 weeks),Often (10-20 times in last 4 weeks)
Yes,2,Khulna,Koyra,3,Baseline,Female,40,3,1,2,Higher Secondary Education,Fisher,NA,No,NA,NA,NA,NA,NA,NA,NA,NA,NA,NA,NA,NA,NA,NA,NA,Borehole with handpump,No,Other (please specify),0,0,0,0,0,0,0,1,N/A,90,10,190,No,No,NA,Not Satisfied,It is too far away Long lines,1,0,0,1,0,0,0,NA,Latrine/toilet,1,0,0,0,0,"Latrine/toilet Not applicable, no one between the ages of 3-17 lives in this household",1,0,0,0,1,0,0,"Not applicable, no one under 3 lives in this household",NA,"Yes, shows facility",Pit latrine,NA,NA,"Medium (some damage, but safe to stand on)",Offers some privacy (has walls but no door),Yes,Yes,Before eating Before food preparation After working in the dirt After defecation,1,0,1,1,0,0,1,0,0,0,NA,3,Yes,Soap,Yes,No,NA,NA,NA,NA,NA,NA,NA,NA,No,NA,Yes,Only for minor repairs,Yes,Yes,HWISE Survey,Always (More than 20 times in last 4 weeks),Often (10-20 times in last 4 weeks),Never,Never,Never,Never,Never,Never,Never,Never,Never,Never
Yes,2,Khulna,Koyra,3,Baseline,Female,40,3,1,2,Secondary Education,Fisher,NA,Yes,25 Liter,1,0,0,0,0,0,NA,1,NA,NA,NA,NA,NA,NA,Pay another person to collect,No,Other (please specify),0,0,0,0,0,0,0,1,N/A,90,0,180,No,No,NA,Not Satisfied,It is too far away,0,0,0,1,0,0,0,NA,Latrine/toilet,1,0,0,0,0,"Not applicable, no one between the ages of 3-17 lives in this household",0,0,0,0,1,0,0,"Not applicable, no one under 3 lives in this household",NA,"Yes, shows facility",Pit latrine,NA,NA,"Medium (some damage, but safe to stand on)",Offers full privacy (has walls and a door ),Yes,Yes,Before food preparation  Before eating After working in the dirt,0,0,1,1,0,0,1,0,0,0,NA,2,Yes,Soap,Yes,No,NA,NA,NA,NA,NA,NA,NA,NA,No,NA,No,NA,NA,NA,HWISE Survey,Often (10-20 times in last 4 weeks),Sometimes (3–10 times in the last 4 weeks),Never,Rarely (1–2 times in the last 4 weeks),Rarely (1–2 times in the last 4 weeks),Never,Never,Never,Rarely (1–2 times in the last 4 weeks),Never,Never,Never
Yes,2,Khulna,Koyra,3,Baseline,Female,32,4,2,2,Secondary Education,Fisher,NA,No,NA,NA,NA,NA,NA,NA,NA,NA,NA,NA,NA,NA,NA,NA,NA,Borehole with handpump,No,Other (please specify),0,0,0,0,0,0,0,1,N/A,90,10,190,No,No,NA,Not Satisfied,It is too far away Long lines,1,0,0,1,0,0,0,NA,Latrine/toilet,1,0,0,0,0,Latrine/toilet,1,0,0,0,0,0,0,"Not applicable, no one under 3 lives in this household",NA,"Yes, shows facility",Pit latrine,NA,NA,Bad ( dangeraous to stand on),Offers full privacy (has walls and a door ),Yes,Yes,Before feeding child  Before eating After working in the dirt,0,0,0,1,1,0,1,0,0,0,NA,2,Yes,Soap,Yes,No,NA,NA,NA,NA,NA,NA,NA,NA,No,NA,No,NA,NA,NA,HWISE Survey,Often (10-20 times in last 4 weeks),Sometimes (3–10 times in the last 4 weeks),Never,Never,Never,Never,Never,Never,Never,Never,Never,Never
Yes,2,Khulna,Koyra,2,Baseline,Female,40,6,3,3,Non-Literate,Day Labour,NA,No,NA,NA,NA,NA,NA,NA,NA,NA,NA,NA,NA,NA,NA,NA,NA,Borehole with handpump,No,Other (please specify),0,0,0,0,0,0,0,1,N/A,45,10,100,No,No,NA,Not Satisfied,Long lines It is too far away,1,0,0,1,0,0,0,NA,Latrine/toilet,1,0,0,0,0,Latrine/toilet,1,0,0,0,0,0,0,It is put or rinsed on the ground or in the open,NA,"Yes, shows facility",Flush/pour flush,Septic Tank,Yes,Good condition (no cracks or gaps),Offers some privacy (has walls but no door),NA,Yes,After defecation  Before food preparation  Before eating After working in the dirt,1,0,1,1,0,0,1,0,0,0,NA,3,Yes,Soap,Yes,No,NA,NA,NA,NA,NA,NA,NA,NA,No,NA,No,NA,NA,NA,HWISE Survey,Often (10-20 times in last 4 weeks),Sometimes (3–10 times in the last 4 weeks),Never,Never,Never,Never,Never,Never,Rarely (1–2 times in the last 4 weeks),Never,Never,Sometimes (3–10 times in the last 4 weeks)
Yes,2,Khulna,Koyra,2,Baseline,Female,50,2,1,1,Non-Literate,Day Labour,NA,Yes,10 Liter,0,0,0,1,0,0,NA,NA,NA,NA,2,NA,NA,NA,Borehole with handpump,No,Other (please specify),0,0,0,0,0,0,0,1,N/A,40,10,90,Yes,No,NA,Not Satisfied,It is too far away Long lines,1,0,0,1,0,0,0,NA,Latrine/toilet,1,0,0,0,0,Latrine/toilet,1,0,0,0,0,0,0,"Not applicable, no one under 3 lives in this household",NA,"Yes, shows facility",Pit latrine,NA,NA,"Medium (some damage, but safe to stand on)",Offers little to no privacy (very poor quality),Yes,Yes,After working in the dirt  Before eating Before praying,0,0,0,1,0,1,1,0,0,0,NA,1,Yes,None Shown,Yes,No,NA,NA,NA,NA,NA,NA,NA,NA,No,NA,No,NA,NA,NA,HWISE Survey,Always (More than 20 times in last 4 weeks),Sometimes (3–10 times in the last 4 weeks),Rarely (1–2 times in the last 4 weeks),Never,Never,Never,Never,Never,Sometimes (3–10 times in the last 4 weeks),Never,Never,Rarely (1–2 times in the last 4 weeks)
Yes,2,Khulna,Koyra,2,Baseline,Female,35,5,3,2,Non-Literate,Day Labour,NA,No,NA,NA,NA,NA,NA,NA,NA,NA,NA,NA,NA,NA,NA,NA,NA,Borehole with handpump,No,Other (please specify),0,0,0,0,0,0,0,1,N/A,40,0,80,No,No,NA,Not Satisfied,It is too far away,0,0,0,1,0,0,0,NA,Latrine/toilet,1,0,0,0,0,Latrine/toilet,1,0,0,0,0,0,0,"Not applicable, no one under 3 lives in this household",NA,"Yes, shows facility",Pit latrine,NA,NA,"Medium (some damage, but safe to stand on)",Offers some privacy (has walls but no door),Yes,Yes,Before eating After working in the dirt After defecation,1,0,0,1,0,0,1,0,0,0,NA,2,Yes,Soap,Yes,No,NA,NA,NA,NA,NA,NA,NA,NA,No,NA,No,NA,NA,NA,HWISE Survey,Sometimes (3–10 times in the last 4 weeks),Sometimes (3–10 times in the last 4 weeks),Never,Never,Never,Never,Never,Never,Never,Never,Never,Rarely (1–2 times in the last 4 weeks)
Yes,9,Bagerhat,Morrelganj,6,Baseline,Male,49,7,1,6,Primary Education,Business,NA,Yes,20 Liter,0,1,0,0,0,0,NA,NA,2,NA,NA,NA,NA,NA,PSF,No,Other (please specify),0,0,0,0,0,0,0,1,N/A,30,20,80,No,No,NA,Not Satisfied,Water tastes bad It is too far away Long lines,1,0,1,1,0,0,0,NA,Latrine/toilet,1,0,0,0,0,Latrine/toilet,1,0,0,0,0,0,0,"Not applicable, no one under 3 lives in this household",NA,"Yes, shows facility",Flush/pour flush,Piped Sewer System,Yes,Good condition (no cracks or gaps),Offers full privacy (has walls and a door ),NA,Yes,After defecation  Before food preparation  Before eating Before feeding child Before praying After working in the dirt,1,0,1,1,1,1,1,0,0,0,NA,4,Yes,Soap,Yes,No,NA,NA,NA,NA,NA,NA,NA,NA,No,NA,No,NA,NA,NA,HWISE Survey,Often (10-20 times in last 4 weeks),Sometimes (3–10 times in the last 4 weeks),Sometimes (3–10 times in the last 4 weeks),Never,Sometimes (3–10 times in the last 4 weeks),Sometimes (3–10 times in the last 4 weeks),Rarely (1–2 times in the last 4 weeks),Never,Rarely (1–2 times in the last 4 weeks),Never,Never,Never
Yes,9,Bagerhat,Morrelganj,6,Baseline,Male,43,4,2,2,Primary Education,Others (Please Specify),Expatriate,Yes,25 Liter,1,0,0,0,0,0,NA,2,NA,NA,NA,NA,NA,NA,PSF,No,Other (please specify),0,0,0,0,0,0,0,1,N/A,5,20,30,No,No,NA,Not Satisfied,Long lines Water tastes bad,1,0,1,0,0,0,0,NA,Latrine/toilet,1,0,0,0,0,Latrine/toilet,1,0,0,0,0,0,0,"Not applicable, no one under 3 lives in this household",NA,"Yes, shows facility",Flush/pour flush,Piped Sewer System,Yes,Good condition (no cracks or gaps),Offers some privacy (has walls but no door),NA,Yes,After defecation   Before eating Before praying After working in the dirt,1,0,0,1,0,1,1,0,0,0,NA,2,Yes,Soap,Yes,No,NA,NA,NA,NA,NA,NA,NA,NA,No,NA,No,NA,NA,NA,HWISE Survey,Often (10-20 times in last 4 weeks),Sometimes (3–10 times in the last 4 weeks),Often (10-20 times in last 4 weeks),Never,Sometimes (3–10 times in the last 4 weeks),Never,Never,Never,Rarely (1–2 times in the last 4 weeks),Never,Never,Never
Yes,9,Bagerhat,Morrelganj,6,Baseline,Female,40,4,3,1,Primary Education,Others (Please Specify),housewife,Yes,20 Liter,0,1,0,0,0,0,NA,NA,2,NA,NA,NA,NA,NA,PSF,No,Other (please specify),0,0,0,0,0,0,0,1,N/A,5,20,30,No,No,NA,Not Satisfied,Long lines Water tastes bad,1,0,1,0,0,0,0,NA,Latrine/toilet,1,0,0,0,0,"Not applicable, no one between the ages of 3-17 lives in this household",0,0,0,0,1,0,0,"Not applicable, no one under 3 lives in this household",NA,"Yes, shows facility",Pit latrine,NA,NA,"Medium (some damage, but safe to stand on)",Offers some privacy (has walls but no door),Yes,Yes,After defecation   Before eating Before praying After working in the dirt,1,0,0,1,0,1,1,0,0,0,NA,2,Yes,Soap,Yes,No,NA,NA,NA,NA,NA,NA,NA,NA,No,NA,No,NA,NA,NA,HWISE Survey,Often (10-20 times in last 4 weeks),Sometimes (3–10 times in the last 4 weeks),Sometimes (3–10 times in the last 4 weeks),Rarely (1–2 times in the last 4 weeks),Sometimes (3–10 times in the last 4 weeks),Rarely (1–2 times in the last 4 weeks),Sometimes (3–10 times in the last 4 weeks),Never,Sometimes (3–10 times in the last 4 weeks),Never,Rarely (1–2 times in the last 4 weeks),Never
Yes,9,Bagerhat,Morrelganj,6,Baseline,Female,38,3,1,2,Primary Education,Shopkeeper,NA,Yes,25 Liter,1,0,0,0,0,0,NA,5,NA,NA,NA,NA,NA,NA,PSF,No,Other (please specify),0,0,0,0,0,0,0,1,N/A,2,5,9,No,No,NA,Not Satisfied,Water tastes bad Long lines,1,0,1,0,0,0,0,NA,Latrine/toilet,1,0,0,0,0,"Not applicable, no one between the ages of 3-17 lives in this household",0,0,0,0,1,0,0,"Not applicable, no one under 3 lives in this household",NA,"Yes, shows facility",Flush/pour flush,Piped Sewer System,Yes,Good condition (no cracks or gaps),Offers some privacy (has walls but no door),NA,Yes,After defecation   Before eating Before praying After working in the dirt,1,0,0,1,0,1,1,0,0,0,NA,2,Yes,Soap,Yes,No,NA,NA,NA,NA,NA,NA,NA,NA,No,NA,No,NA,NA,NA,HWISE Survey,Often (10-20 times in last 4 weeks),Sometimes (3–10 times in the last 4 weeks),Sometimes (3–10 times in the last 4 weeks),Never,Sometimes (3–10 times in the last 4 weeks),Sometimes (3–10 times in the last 4 weeks),Rarely (1–2 times in the last 4 weeks),Never,Rarely (1–2 times in the last 4 weeks),Never,Never,Never
Yes,9,Bagerhat,Morrelganj,6,Baseline,Female,27,4,3,1,Primary Education,Day Labour,NA,Yes,25 Liter,1,0,0,0,0,0,NA,2,NA,NA,NA,NA,NA,NA,PSF,No,Other (please specify),0,0,0,0,0,0,0,1,N/A,40,20,100,No,No,NA,Not Satisfied,"Long lines Water tastes bad Water has a bad smell, color, or quality It is too far away",1,0,1,1,0,1,0,NA,Latrine/toilet,1,0,0,0,0,Latrine/toilet,1,0,0,0,0,0,0,"Not applicable, no one under 3 lives in this household",NA,"Yes, shows facility",Flush/pour flush,Piped Sewer System,Yes,Good condition (no cracks or gaps),Offers full privacy (has walls and a door ),NA,Yes,After defecation   Before eating After working in the dirt,1,0,0,1,0,0,1,0,0,0,NA,2,Yes,Soap,Yes,No,NA,NA,NA,NA,NA,NA,NA,NA,No,NA,No,NA,NA,NA,HWISE Survey,Often (10-20 times in last 4 weeks),Sometimes (3–10 times in the last 4 weeks),Sometimes (3–10 times in the last 4 weeks),Never,Often (10-20 times in last 4 weeks),Rarely (1–2 times in the last 4 weeks),Sometimes (3–10 times in the last 4 weeks),Never,Sometimes (3–10 times in the last 4 weeks),Never,Never,Never
Yes,9,Bagerhat,Morrelganj,9,Baseline,Male,26,4,2,2,Primary Education,Others (Please Specify),unemployed,Yes,20 Liter,0,1,0,0,0,0,NA,NA,2,NA,NA,NA,NA,NA,PSF,No,Other (please specify),0,0,0,0,0,0,0,1,N/A,30,5,65,No,No,NA,Not Satisfied,It is too far away Long lines,1,0,0,1,0,0,0,NA,Latrine/toilet,1,0,0,0,0,"Not applicable, no one between the ages of 3-17 lives in this household",0,0,0,0,1,0,0,"Not applicable, no one under 3 lives in this household",NA,"Yes, shows facility",Pit latrine,NA,NA,"Medium (some damage, but safe to stand on)",Offers full privacy (has walls and a door ),Yes,Yes,After defecation   Before eating After working in the dirt,1,0,0,1,0,0,1,0,0,0,NA,2,Yes,Soap,Yes,No,NA,NA,NA,NA,NA,NA,NA,NA,No,NA,No,NA,NA,NA,HWISE Survey,Often (10-20 times in last 4 weeks),Sometimes (3–10 times in the last 4 weeks),Sometimes (3–10 times in the last 4 weeks),Never,Sometimes (3–10 times in the last 4 weeks),Never,Rarely (1–2 times in the last 4 weeks),Never,Sometimes (3–10 times in the last 4 weeks),Never,Never,Never
Yes,9,Bagerhat,Morrelganj,9,Baseline,Female,35,5,4,1,Primary Education,Day Labour,NA,Yes,25 Liter,1,0,0,0,0,0,NA,2,NA,NA,NA,NA,NA,NA,PSF,No,Other (please specify),0,0,0,0,0,0,0,1,N/A,10,15,35,No,No,NA,Not Satisfied,Long lines It is too far away,1,0,0,1,0,0,0,NA,Latrine/toilet,1,0,0,0,0,Latrine/toilet,1,0,0,0,0,0,0,"Not applicable, no one under 3 lives in this household",NA,"Yes, shows facility",Pit latrine,NA,NA,"Medium (some damage, but safe to stand on)",Offers full privacy (has walls and a door ),Yes,Yes,After defecation   Before eating Before praying After working in the dirt,1,0,0,1,0,1,1,0,0,0,NA,2,Yes,Soap,Yes,No,NA,NA,NA,NA,NA,NA,NA,NA,No,NA,No,NA,NA,NA,HWISE Survey,Sometimes (3–10 times in the last 4 weeks),Rarely (1–2 times in the last 4 weeks),Sometimes (3–10 times in the last 4 weeks),Never,Sometimes (3–10 times in the last 4 weeks),Sometimes (3–10 times in the last 4 weeks),Rarely (1–2 times in the last 4 weeks),Never,Rarely (1–2 times in the last 4 weeks),Never,Never,Never
Yes,9,Bagerhat,Morrelganj,4,Baseline,Male,60,2,1,1,Higher Secondary Education,Others (Please Specify),Village Doctor,Yes,20 Liter,0,1,0,0,0,0,NA,NA,2,NA,NA,NA,NA,NA,PSF,No,Other (please specify),0,0,0,0,0,0,0,1,N/A,20,10,50,No,No,NA,Not Satisfied,Long lines It is too far away,1,0,0,1,0,0,0,NA,Latrine/toilet,1,0,0,0,0,"Not applicable, no one between the ages of 3-17 lives in this household",0,0,0,0,1,0,0,"Not applicable, no one under 3 lives in this household",NA,"Yes, shows facility",Pit latrine,NA,NA,"Medium (some damage, but safe to stand on)",Offers full privacy (has walls and a door ),Yes,Yes,After defecation   Before eating After working in the dirt Before praying,1,0,0,1,0,1,1,0,0,0,NA,2,Yes,Soap,Yes,No,NA,NA,NA,NA,NA,NA,NA,NA,No,NA,No,NA,NA,NA,HWISE Survey,Often (10-20 times in last 4 weeks),Sometimes (3–10 times in the last 4 weeks),Sometimes (3–10 times in the last 4 weeks),Never,Sometimes (3–10 times in the last 4 weeks),Rarely (1–2 times in the last 4 weeks),Rarely (1–2 times in the last 4 weeks),Never,Sometimes (3–10 times in the last 4 weeks),Never,Never,Never
Yes,10,Bagerhat,Morrelganj,6,Baseline,Female,52,5,1,4,Primary Education,Others (Please Specify),Housewife,Yes,20 Liter,0,1,0,0,0,0,NA,NA,2,NA,NA,NA,NA,NA,PSF,No,Other (please specify),0,0,0,0,0,0,0,1,N\A,40,2,82,No,No,NA,Not Satisfied,Water tastes bad It is too far away,0,0,1,1,0,0,0,NA,Latrine/toilet,1,0,0,0,0,Latrine/toilet,1,0,0,0,0,0,0,It is put or rinsed into latrine,NA,"Yes, shows facility",Pit latrine,NA,NA,"Medium (some damage, but safe to stand on)",Offers some privacy (has walls but no door),Yes,Yes,After defecation  After cleaning or changing a baby Before food preparation  Before eating Before feeding child Before praying After working in the dirt,1,1,1,1,1,1,1,0,0,0,NA,5,Yes,Soap,Yes,No,NA,NA,NA,NA,NA,NA,NA,NA,No,NA,No,NA,NA,NA,HWISE Survey,Sometimes (3–10 times in the last 4 weeks),Sometimes (3–10 times in the last 4 weeks),Rarely (1–2 times in the last 4 weeks),Never,Never,Never,Never,Never,Rarely (1–2 times in the last 4 weeks),Never,Never,Never
Yes,10,Bagerhat,Morrelganj,6,Baseline,Male,29,6,3,3,Primary Education,Private Job,NA,Yes,20 Liter,0,1,0,0,0,0,NA,NA,2,NA,NA,NA,NA,NA,PSF,No,Other (please specify),0,0,0,0,0,0,0,1,N\A,40,30,110,No,No,NA,Not Satisfied,It is too far away Water tastes bad,0,0,1,1,0,0,0,NA,Latrine/toilet,1,0,0,0,0,Latrine/toilet,1,0,0,0,0,0,0,It is put or rinsed into latrine,NA,"Yes, shows facility",Pit latrine,NA,NA,"Medium (some damage, but safe to stand on)",Offers full privacy (has walls and a door ),Yes,Yes,After defecation  After cleaning or changing a baby Before food preparation  Before eating Before feeding child Before praying After working in the dirt,1,1,1,1,1,1,1,0,0,0,NA,5,Yes,Soap,Yes,No,NA,NA,NA,NA,NA,NA,NA,NA,No,NA,No,NA,NA,NA,HWISE Survey,Sometimes (3–10 times in the last 4 weeks),Rarely (1–2 times in the last 4 weeks),Sometimes (3–10 times in the last 4 weeks),Never,Rarely (1–2 times in the last 4 weeks),Never,Never,Never,Rarely (1–2 times in the last 4 weeks),Never,Never,Never
Yes,10,Bagerhat,Morrelganj,6,Baseline,Male,25,5,3,2,Primary Education,Others (Please Specify),Housewife,Yes,25 Liter,1,0,0,0,0,0,NA,3,NA,NA,NA,NA,NA,NA,PSF,No,Other (please specify),0,0,0,0,0,0,0,1,N\A,10,20,40,No,No,NA,Not Satisfied,Long lines Water tastes bad,1,0,1,0,0,0,0,NA,Latrine/toilet,1,0,0,0,0,"Not applicable, no one between the ages of 3-17 lives in this household",0,0,0,0,1,0,0,"Not applicable, no one under 3 lives in this household",NA,"Yes, shows facility",Pit latrine,NA,NA,"Medium (some damage, but safe to stand on)",Offers little to no privacy (very poor quality),Yes,Yes,After defecation  Before food preparation  Before eating Before praying After working in the dirt,1,0,1,1,0,1,1,0,0,0,NA,3,Yes,Soap,Yes,No,NA,NA,NA,NA,NA,NA,NA,NA,No,NA,No,NA,NA,NA,HWISE Survey,Often (10-20 times in last 4 weeks),Sometimes (3–10 times in the last 4 weeks),Sometimes (3–10 times in the last 4 weeks),Never,Sometimes (3–10 times in the last 4 weeks),Never,Sometimes (3–10 times in the last 4 weeks),Never,Rarely (1–2 times in the last 4 weeks),Never,Never,Never
Yes,10,Bagerhat,Morrelganj,6,Baseline,Female,47,1,0,1,Primary Education,Others (Please Specify),Housewife,Yes,10 Liter,0,0,0,1,0,0,NA,NA,NA,NA,2,NA,NA,NA,PSF,No,Other (please specify),0,0,0,0,0,0,0,1,N/A,5,10,20,No,No,NA,Not Satisfied,Water tastes bad Long lines,1,0,1,0,0,0,0,NA,Latrine/toilet,1,0,0,0,0,"Not applicable, no one between the ages of 3-17 lives in this household",0,0,0,0,1,0,0,"Not applicable, no one under 3 lives in this household",NA,"Yes, shows facility",Pit latrine,NA,NA,"Medium (some damage, but safe to stand on)",Offers little to no privacy (very poor quality),Yes,Yes,After defecation  Before food preparation  Before eating Before praying After working in the dirt,1,0,1,1,0,1,1,0,0,0,NA,3,Yes,Soap,Yes,No,NA,NA,NA,NA,NA,NA,NA,NA,No,NA,No,NA,NA,NA,HWISE Survey,Often (10-20 times in last 4 weeks),Sometimes (3–10 times in the last 4 weeks),Sometimes (3–10 times in the last 4 weeks),Never,Sometimes (3–10 times in the last 4 weeks),Sometimes (3–10 times in the last 4 weeks),Rarely (1–2 times in the last 4 weeks),Never,Rarely (1–2 times in the last 4 weeks),Never,Never,Never
Yes,10,Bagerhat,Morrelganj,6,Baseline,Male,58,3,2,1,University,Private Job,NA,No,NA,NA,NA,NA,NA,NA,NA,NA,NA,NA,NA,NA,NA,NA,NA,Rainwater collection,No,Other (please specify),0,0,0,0,0,0,0,1,N\A,2,1,5,Not applicable,Not applicable,NA,Satisfied,NA,NA,NA,NA,NA,NA,NA,NA,NA,Latrine/toilet,1,0,0,0,0,"Not applicable, no one between the ages of 3-17 lives in this household",0,0,0,0,1,0,0,"Not applicable, no one under 3 lives in this household",NA,"Yes, shows facility",Pit latrine,NA,NA,"Medium (some damage, but safe to stand on)",Offers some privacy (has walls but no door),Yes,Yes,After defecation  Before food preparation  Before eating After working in the dirt,1,0,1,1,0,0,1,0,0,0,NA,3,Yes,Soap,Yes,No,NA,NA,NA,NA,NA,NA,NA,NA,No,NA,No,NA,NA,NA,HWISE Survey,Sometimes (3–10 times in the last 4 weeks),Rarely (1–2 times in the last 4 weeks),Sometimes (3–10 times in the last 4 weeks),Never,Rarely (1–2 times in the last 4 weeks),Never,Rarely (1–2 times in the last 4 weeks),Never,Rarely (1–2 times in the last 4 weeks),Never,Rarely (1–2 times in the last 4 weeks),Never
Yes,10,Bagerhat,Morrelganj,9,Baseline,Male,35,3,2,1,Non-Literate,Business,NA,Yes,15 Liter,0,0,1,0,0,0,NA,NA,NA,1,NA,NA,NA,NA,PSF,No,Other (please specify),0,0,0,0,0,0,0,1,N\A,20,0,40,No,No,NA,Not Satisfied,It is too far away,0,0,0,1,0,0,0,NA,Latrine/toilet,1,0,0,0,0,"Not applicable, no one between the ages of 3-17 lives in this household",0,0,0,0,1,0,0,"Not applicable, no one under 3 lives in this household",NA,"Yes, shows facility",Pit latrine,NA,NA,Good condition (no cracks or gaps),Offers full privacy (has walls and a door ),Yes,Yes,After defecation  Before food preparation  Before eating After working in the dirt,1,0,1,1,0,0,1,0,0,0,NA,3,Yes,Soap,Yes,No,NA,NA,NA,NA,NA,NA,NA,NA,No,NA,No,NA,NA,NA,HWISE Survey,Often (10-20 times in last 4 weeks),Sometimes (3–10 times in the last 4 weeks),Sometimes (3–10 times in the last 4 weeks),Never,Sometimes (3–10 times in the last 4 weeks),Rarely (1–2 times in the last 4 weeks),Rarely (1–2 times in the last 4 weeks),Never,Rarely (1–2 times in the last 4 weeks),Never,Never,Never
Yes,4,Khulna,Koyra,3,Baseline,Male,39,5,2,3,Higher Secondary Education,Others (Please Specify),House wife,Yes,25 Liter,1,0,0,0,0,0,NA,2,NA,NA,NA,NA,NA,NA,Borehole with handpump,Yes,NA,NA,NA,NA,NA,NA,NA,NA,NA,NA,40,20,100,Yes,No,NA,Not Satisfied,It is too far away Long lines,1,0,0,1,0,0,0,NA,Latrine/toilet,1,0,0,0,0,Potty,0,1,0,0,0,0,0,It is put or rinsed into latrine,NA,"Yes, shows facility",Ventilated improved pit latrine (VIP),NA,NA,Good condition (no cracks or gaps),Offers full privacy (has walls and a door ),NA,No,After defecation  Before food preparation  Before eating After working in the dirt,1,0,1,1,0,0,1,0,0,0,NA,3,Yes,Soap,Yes,No,NA,NA,NA,NA,NA,NA,NA,NA,No,NA,Yes,Yes,Yes,No,HWISE Survey,Rarely (1–2 times in the last 4 weeks),Sometimes (3–10 times in the last 4 weeks),Rarely (1–2 times in the last 4 weeks),Rarely (1–2 times in the last 4 weeks),Sometimes (3–10 times in the last 4 weeks),Never,Never,Never,Sometimes (3–10 times in the last 4 weeks),Sometimes (3–10 times in the last 4 weeks),Sometimes (3–10 times in the last 4 weeks),Sometimes (3–10 times in the last 4 weeks)
Yes,4,Khulna,Koyra,3,Baseline,Male,19,5,3,2,Non-Literate,Day Labour,NA,Yes,25 Liter,1,0,0,0,0,0,NA,2,NA,NA,NA,NA,NA,NA,Borehole with handpump,Yes,NA,NA,NA,NA,NA,NA,NA,NA,NA,NA,40,10,90,Yes,No,NA,Not Satisfied,Long lines It is too far away,1,0,0,1,0,0,0,NA,Latrine/toilet,1,0,0,0,0,Latrine/toilet,1,0,0,0,0,0,0,"Not applicable, no one under 3 lives in this household",NA,"Yes, shows facility",Pit latrine,NA,NA,"Medium (some damage, but safe to stand on)",Offers some privacy (has walls but no door),Yes,No,After defecation  Before food preparation  Before eating After working in the dirt,1,0,1,1,0,0,1,0,0,0,NA,3,Yes,Soap,Yes,No,NA,NA,NA,NA,NA,NA,NA,NA,No,NA,No,NA,NA,NA,HWISE Survey,Rarely (1–2 times in the last 4 weeks),Sometimes (3–10 times in the last 4 weeks),Rarely (1–2 times in the last 4 weeks),Never,Sometimes (3–10 times in the last 4 weeks),Sometimes (3–10 times in the last 4 weeks),Rarely (1–2 times in the last 4 weeks),Rarely (1–2 times in the last 4 weeks),Sometimes (3–10 times in the last 4 weeks),Sometimes (3–10 times in the last 4 weeks),Rarely (1–2 times in the last 4 weeks),Sometimes (3–10 times in the last 4 weeks)
Yes,4,Khulna,Koyra,3,Baseline,Female,40,3,2,1,Secondary Education,Day Labour,NA,No,NA,NA,NA,NA,NA,NA,NA,NA,NA,NA,NA,NA,NA,NA,NA,Borehole with handpump,Yes,NA,NA,NA,NA,NA,NA,NA,NA,NA,NA,30,10,70,Yes,No,NA,Not Satisfied,It is too expensive,0,1,0,0,0,0,0,NA,Latrine/toilet,1,0,0,0,0,Latrine/toilet,1,0,0,0,0,0,0,"Not applicable, no one under 3 lives in this household",NA,"Yes, shows facility",Pit latrine,NA,NA,"Medium (some damage, but safe to stand on)",Offers full privacy (has walls and a door ),Yes,No,After defecation  After working in the dirt Before food preparation After cleaning or changing a baby,1,1,1,0,0,0,1,0,0,0,NA,3,Yes,Soap,Yes,No,NA,NA,NA,NA,NA,NA,NA,NA,No,NA,No,NA,NA,NA,HWISE Survey,Sometimes (3–10 times in the last 4 weeks),Sometimes (3–10 times in the last 4 weeks),Often (10-20 times in last 4 weeks),Sometimes (3–10 times in the last 4 weeks),Often (10-20 times in last 4 weeks),Rarely (1–2 times in the last 4 weeks),Rarely (1–2 times in the last 4 weeks),Rarely (1–2 times in the last 4 weeks),Sometimes (3–10 times in the last 4 weeks),Sometimes (3–10 times in the last 4 weeks),Rarely (1–2 times in the last 4 weeks),Often (10-20 times in last 4 weeks)
Yes,4,Khulna,Koyra,2,Baseline,Female,45,5,2,3,Secondary Education,Others (Please Specify),Workless,Yes,25 Liter,1,0,0,0,0,0,NA,3,NA,NA,NA,NA,NA,NA,Cart with small tank or drum,Yes,NA,NA,NA,NA,NA,NA,NA,NA,NA,NA,60,10,130,Yes,No,NA,Not Satisfied,Long lines It is too far away,1,0,0,1,0,0,0,NA,Latrine/toilet,1,0,0,0,0,Latrine/toilet,1,0,0,0,0,0,0,"Not applicable, no one under 3 lives in this household",NA,"Yes, shows facility",Pit latrine,NA,NA,"Medium (some damage, but safe to stand on)",Offers some privacy (has walls but no door),No,No,After defecation   Before eating Before food preparation Before praying After working in the dirt,1,0,1,1,0,1,1,0,0,0,NA,3,Yes,Soap,Yes,No,NA,NA,NA,NA,NA,NA,NA,NA,No,NA,No,NA,NA,NA,HWISE Survey,Sometimes (3–10 times in the last 4 weeks),Often (10-20 times in last 4 weeks),Sometimes (3–10 times in the last 4 weeks),Sometimes (3–10 times in the last 4 weeks),Rarely (1–2 times in the last 4 weeks),Sometimes (3–10 times in the last 4 weeks),Sometimes (3–10 times in the last 4 weeks),Rarely (1–2 times in the last 4 weeks),Rarely (1–2 times in the last 4 weeks),Rarely (1–2 times in the last 4 weeks),Rarely (1–2 times in the last 4 weeks),Rarely (1–2 times in the last 4 weeks)
Yes,4,Khulna,Koyra,2,Baseline,Female,26,4,2,2,Secondary Education,Business,NA,No,NA,NA,NA,NA,NA,NA,NA,NA,NA,NA,NA,NA,NA,NA,NA,Borehole with handpump,Yes,NA,NA,NA,NA,NA,NA,NA,NA,NA,NA,30,10,70,Yes,No,NA,Not Satisfied,Long lines It is too far away,1,0,0,1,0,0,0,NA,Latrine/toilet,1,0,0,0,0,Latrine/toilet,1,0,0,0,0,0,0,Child uses latrine,NA,"Yes, shows facility",Pit latrine,NA,NA,"Medium (some damage, but safe to stand on)",Offers full privacy (has walls and a door ),Yes,No,After defecation  Before food preparation  Before eating Before praying After working in the dirt,1,0,1,1,0,1,1,0,0,0,NA,3,Yes,Soap,Yes,No,NA,NA,NA,NA,NA,NA,NA,NA,No,NA,No,NA,NA,NA,HWISE Survey,Sometimes (3–10 times in the last 4 weeks),Sometimes (3–10 times in the last 4 weeks),Sometimes (3–10 times in the last 4 weeks),Rarely (1–2 times in the last 4 weeks),Sometimes (3–10 times in the last 4 weeks),Sometimes (3–10 times in the last 4 weeks),Rarely (1–2 times in the last 4 weeks),Rarely (1–2 times in the last 4 weeks),Rarely (1–2 times in the last 4 weeks),Rarely (1–2 times in the last 4 weeks),Rarely (1–2 times in the last 4 weeks),Sometimes (3–10 times in the last 4 weeks)
Yes,4,Khulna,Koyra,2,Baseline,Female,47,7,3,4,Non-Literate,Day Labour,NA,No,NA,NA,NA,NA,NA,NA,NA,NA,NA,NA,NA,NA,NA,NA,NA,Borehole with handpump,Yes,NA,NA,NA,NA,NA,NA,NA,NA,NA,NA,40,15,95,Yes,No,NA,Not Satisfied,Long lines It is too far away,1,0,0,1,0,0,0,NA,Latrine/toilet,1,0,0,0,0,Latrine/toilet,1,0,0,0,0,0,0,"Not applicable, no one under 3 lives in this household",NA,"Yes, shows facility",Pit latrine,NA,NA,"Medium (some damage, but safe to stand on)",Offers full privacy (has walls and a door ),Yes,No,After defecation  Before feeding child Before food preparation After working in the dirt,1,0,1,0,1,0,1,0,0,0,NA,3,Yes,Soap,Yes,No,NA,NA,NA,NA,NA,NA,NA,NA,No,NA,Yes,Yes,Yes,No,HWISE Survey,Sometimes (3–10 times in the last 4 weeks),Often (10-20 times in last 4 weeks),Rarely (1–2 times in the last 4 weeks),Often (10-20 times in last 4 weeks),Sometimes (3–10 times in the last 4 weeks),Rarely (1–2 times in the last 4 weeks),Rarely (1–2 times in the last 4 weeks),Rarely (1–2 times in the last 4 weeks),Rarely (1–2 times in the last 4 weeks),Rarely (1–2 times in the last 4 weeks),Rarely (1–2 times in the last 4 weeks),Sometimes (3–10 times in the last 4 weeks)
Yes,4,Khulna,Koyra,2,Baseline,Female,34,5,3,2,Primary Education,Day Labour,NA,Yes,20 Liter,0,1,0,0,0,0,NA,NA,1,NA,NA,NA,NA,NA,Borehole with handpump,Yes,NA,NA,NA,NA,NA,NA,NA,NA,NA,NA,30,10,70,Yes,No,NA,Not Satisfied,Long lines It is too far away,1,0,0,1,0,0,0,NA,Latrine/toilet,1,0,0,0,0,Latrine/toilet,1,0,0,0,0,0,0,It is put or rinsed into latrine,NA,"Yes, shows facility",Pit latrine,NA,NA,"Medium (some damage, but safe to stand on)",Offers full privacy (has walls and a door ),No,No,After defecation  Before food preparation  Before eating Before praying After working in the dirt,1,0,1,1,0,1,1,0,0,0,NA,3,Yes,Soap,Yes,No,NA,NA,NA,NA,NA,NA,NA,NA,No,NA,No,NA,NA,NA,HWISE Survey,Sometimes (3–10 times in the last 4 weeks),Sometimes (3–10 times in the last 4 weeks),Rarely (1–2 times in the last 4 weeks),Rarely (1–2 times in the last 4 weeks),Sometimes (3–10 times in the last 4 weeks),Rarely (1–2 times in the last 4 weeks),Rarely (1–2 times in the last 4 weeks),Rarely (1–2 times in the last 4 weeks),Sometimes (3–10 times in the last 4 weeks),Rarely (1–2 times in the last 4 weeks),Rarely (1–2 times in the last 4 weeks),Sometimes (3–10 times in the last 4 weeks)
Yes,5,Khulna,Koyra,5,Baseline,Female,30,6,2,4,Secondary Education,Farmer,NA,Yes,25 Liter,1,0,0,0,0,0,NA,2,NA,NA,NA,NA,NA,NA,"Surface water (river, dam, lake, pond, stream, canal, irrigation channels)",No,Other (please specify),0,0,0,0,0,0,0,1,N/A,2,1,5,Yes,No,NA,Satisfied,NA,NA,NA,NA,NA,NA,NA,NA,NA,Latrine/toilet,1,0,0,0,0,Latrine/toilet,1,0,0,0,0,0,0,"Not applicable, no one under 3 lives in this household",NA,"Yes, shows facility",Pit latrine,NA,NA,"Medium (some damage, but safe to stand on)",Offers some privacy (has walls but no door),Yes,Yes,After defecation  After working in the dirt  Before eating Before food preparation,1,0,1,1,0,0,1,0,0,0,NA,3,Yes,Soap,Yes,No,NA,NA,NA,NA,NA,NA,NA,NA,No,NA,No,NA,NA,NA,HWISE Survey,Sometimes (3–10 times in the last 4 weeks),Rarely (1–2 times in the last 4 weeks),Rarely (1–2 times in the last 4 weeks),Rarely (1–2 times in the last 4 weeks),Rarely (1–2 times in the last 4 weeks),Sometimes (3–10 times in the last 4 weeks),Never,Rarely (1–2 times in the last 4 weeks),Sometimes (3–10 times in the last 4 weeks),Sometimes (3–10 times in the last 4 weeks),Rarely (1–2 times in the last 4 weeks),Rarely (1–2 times in the last 4 weeks)
Yes,1,Khulna,Koyra,3,Baseline,Female,55,6,2,4,Non-Literate,Day Labour,NA,Yes,20 Liter,0,1,0,0,0,0,NA,NA,3,NA,NA,NA,NA,NA,"Surface water (river, dam, lake, pond, stream, canal, irrigation channels)",No,Other (please specify),0,0,0,0,0,0,0,1,N/A,15,5,35,No,No,NA,Neutral,NA,NA,NA,NA,NA,NA,NA,NA,NA,Latrine/toilet,1,0,0,0,0,Latrine/toilet,1,0,0,0,0,0,0,Child uses latrine,NA,"Yes, shows facility",Pit latrine,NA,NA,Bad ( dangeraous to stand on),Offers little to no privacy (very poor quality),Yes,Yes,After defecation  Before food preparation After cleaning or changing a baby Before feeding child  Before eating Before praying After working in the dirt,1,1,1,1,1,1,1,0,0,0,NA,5,Yes,Soap,Yes,No,NA,NA,NA,NA,NA,NA,NA,NA,No,NA,Yes,Only for minor repairs,Yes,No,HWISE Survey,Always (More than 20 times in last 4 weeks),Rarely (1–2 times in the last 4 weeks),Rarely (1–2 times in the last 4 weeks),Sometimes (3–10 times in the last 4 weeks),Rarely (1–2 times in the last 4 weeks),Never,Never,Never,Rarely (1–2 times in the last 4 weeks),Never,Rarely (1–2 times in the last 4 weeks),Rarely (1–2 times in the last 4 weeks)
Yes,5,Khulna,Koyra,5,Baseline,Female,40,6,3,3,Primary Education,Day Labour,NA,Yes,20 Liter,0,1,0,0,0,0,NA,NA,2,NA,NA,NA,NA,NA,"Surface water (river, dam, lake, pond, stream, canal, irrigation channels)",No,Other (please specify),0,0,0,0,0,0,0,1,N/A,5,1,11,No,No,NA,Satisfied,NA,NA,NA,NA,NA,NA,NA,NA,NA,Latrine/toilet,1,0,0,0,0,Latrine/toilet,1,0,0,0,0,0,0,"Not applicable, no one under 3 lives in this household",NA,"Yes, shows facility",Pit latrine,NA,NA,"Medium (some damage, but safe to stand on)",Offers some privacy (has walls but no door),Yes,Yes,After defecation  Before food preparation  Before eating After working in the dirt Before feeding child,1,0,1,1,1,0,1,0,0,0,NA,4,Yes,Soap,Yes,No,NA,NA,NA,NA,NA,NA,NA,NA,No,NA,No,NA,NA,NA,HWISE Survey,Rarely (1–2 times in the last 4 weeks),Sometimes (3–10 times in the last 4 weeks),Rarely (1–2 times in the last 4 weeks),Rarely (1–2 times in the last 4 weeks),Rarely (1–2 times in the last 4 weeks),Sometimes (3–10 times in the last 4 weeks),Never,Rarely (1–2 times in the last 4 weeks),Sometimes (3–10 times in the last 4 weeks),Rarely (1–2 times in the last 4 weeks),Rarely (1–2 times in the last 4 weeks),Rarely (1–2 times in the last 4 weeks)
Yes,1,Khulna,Koyra,3,Baseline,Male,52,3,1,2,Primary Education,Rikshaw puller/Van Pullar,NA,Yes,20 Liter,0,1,0,0,0,0,NA,NA,3,NA,NA,NA,NA,NA,Borehole with handpump,No,Other (please specify),0,0,0,0,0,0,0,1,N/A,10,3,23,No,No,NA,Neutral,NA,NA,NA,NA,NA,NA,NA,NA,NA,Latrine/toilet,1,0,0,0,0,Latrine/toilet,1,0,0,0,0,0,0,Child uses latrine,NA,"Yes, shows facility",Pit latrine,NA,NA,Bad ( dangeraous to stand on),Offers little to no privacy (very poor quality),Yes,Yes,After defecation  After cleaning or changing a baby Before food preparation  Before eating Before feeding child Before praying After working in the dirt,1,1,1,1,1,1,1,0,0,0,NA,5,Yes,Soap,Yes,No,NA,NA,NA,NA,NA,NA,NA,NA,No,NA,No,NA,NA,NA,HWISE Survey,Often (10-20 times in last 4 weeks),Rarely (1–2 times in the last 4 weeks),Rarely (1–2 times in the last 4 weeks),Rarely (1–2 times in the last 4 weeks),Sometimes (3–10 times in the last 4 weeks),Never,Never,Rarely (1–2 times in the last 4 weeks),Rarely (1–2 times in the last 4 weeks),Never,Rarely (1–2 times in the last 4 weeks),Rarely (1–2 times in the last 4 weeks)
Yes,5,Khulna,Koyra,5,Baseline,Female,30,4,1,3,Secondary Education,Day Labour,NA,Yes,20 Liter,0,1,0,0,0,0,NA,NA,2,NA,NA,NA,NA,NA,"Surface water (river, dam, lake, pond, stream, canal, irrigation channels)",No,Other (please specify),0,0,0,0,0,0,0,1,N/A,15,2,32,No,No,NA,Satisfied,NA,NA,NA,NA,NA,NA,NA,NA,NA,Latrine/toilet,1,0,0,0,0,Latrine/toilet,1,0,0,0,0,0,0,"Not applicable, no one under 3 lives in this household",NA,"Yes, shows facility",Pit latrine,NA,NA,"Medium (some damage, but safe to stand on)",Offers some privacy (has walls but no door),Yes,Yes,After defecation  Before food preparation  Before eating After working in the dirt,1,0,1,1,0,0,1,0,0,0,NA,3,Yes,Soap,Yes,No,NA,NA,NA,NA,NA,NA,NA,NA,No,NA,No,NA,NA,NA,HWISE Survey,Rarely (1–2 times in the last 4 weeks),Sometimes (3–10 times in the last 4 weeks),Never,Rarely (1–2 times in the last 4 weeks),Sometimes (3–10 times in the last 4 weeks),Rarely (1–2 times in the last 4 weeks),Never,Rarely (1–2 times in the last 4 weeks),Rarely (1–2 times in the last 4 weeks),Rarely (1–2 times in the last 4 weeks),Rarely (1–2 times in the last 4 weeks),Never
Yes,1,Khulna,Koyra,3,Baseline,Female,45,1,0,1,Non-Literate,Shopkeeper,NA,Yes,15 Liter,0,0,1,0,0,0,NA,NA,NA,2,NA,NA,NA,NA,"Bottled water, sachet water",No,Other (please specify),0,0,0,0,0,0,0,1,N/A,15,5,35,No,No,NA,Not Satisfied,Long lines It is too far away,1,0,0,1,0,0,0,NA,Latrine/toilet,1,0,0,0,0,"Not applicable, no one between the ages of 3-17 lives in this household",0,0,0,0,1,0,0,"Not applicable, no one under 3 lives in this household",NA,"Yes, shows facility",Pit latrine,NA,NA,Bad ( dangeraous to stand on),Offers little to no privacy (very poor quality),Yes,Yes,After defecation  Before praying After working in the dirt  Before eating,1,0,0,1,0,1,1,0,0,0,NA,2,Yes,Soap,Yes,No,NA,NA,NA,NA,NA,NA,NA,NA,No,NA,No,NA,NA,NA,HWISE Survey,Always (More than 20 times in last 4 weeks),Sometimes (3–10 times in the last 4 weeks),Rarely (1–2 times in the last 4 weeks),Rarely (1–2 times in the last 4 weeks),Rarely (1–2 times in the last 4 weeks),Never,Never,Never,Sometimes (3–10 times in the last 4 weeks),Rarely (1–2 times in the last 4 weeks),Rarely (1–2 times in the last 4 weeks),Rarely (1–2 times in the last 4 weeks)
Yes,5,Khulna,Koyra,5,Baseline,Female,42,10,7,3,Primary Education,Farmer,NA,Yes,25 Liter,1,0,0,0,0,0,NA,2,NA,NA,NA,NA,NA,NA,Borehole with handpump,No,Other (please specify),0,0,0,0,0,0,0,1,N/A,20,5,45,No,No,NA,Satisfied,NA,NA,NA,NA,NA,NA,NA,NA,NA,Latrine/toilet,1,0,0,0,0,"Not applicable, no one between the ages of 3-17 lives in this household",0,0,0,0,1,0,0,"Not applicable, no one under 3 lives in this household",NA,"Yes, shows facility",Pit latrine,NA,NA,"Medium (some damage, but safe to stand on)",Offers some privacy (has walls but no door),Yes,Yes,After defecation  Before food preparation  Before eating After working in the dirt,1,0,1,1,0,0,1,0,0,0,NA,3,Yes,Soap,Yes,No,NA,NA,NA,NA,NA,NA,NA,NA,No,NA,No,NA,NA,NA,HWISE Survey,Sometimes (3–10 times in the last 4 weeks),Rarely (1–2 times in the last 4 weeks),Rarely (1–2 times in the last 4 weeks),Rarely (1–2 times in the last 4 weeks),Never,Rarely (1–2 times in the last 4 weeks),Never,Rarely (1–2 times in the last 4 weeks),Sometimes (3–10 times in the last 4 weeks),Rarely (1–2 times in the last 4 weeks),Sometimes (3–10 times in the last 4 weeks),Sometimes (3–10 times in the last 4 weeks)
Yes,5,Khulna,Koyra,5,Baseline,Female,20,5,2,3,Primary Education,Business,NA,Yes,20 Liter,0,1,0,0,0,0,NA,NA,3,NA,NA,NA,NA,NA,"Surface water (river, dam, lake, pond, stream, canal, irrigation channels)",No,Other (please specify),0,0,0,0,0,0,0,1,N/A,10,1,21,No,No,NA,Satisfied,NA,NA,NA,NA,NA,NA,NA,NA,NA,Latrine/toilet,1,0,0,0,0,Latrine/toilet,1,0,0,0,0,0,0,"Not applicable, no one under 3 lives in this household",NA,"Yes, shows facility",Pit latrine,NA,NA,"Medium (some damage, but safe to stand on)",Offers some privacy (has walls but no door),Yes,Yes,After defecation  Before food preparation  Before eating After working in the dirt,1,0,1,1,0,0,1,0,0,0,NA,3,Yes,Soap,Yes,No,NA,NA,NA,NA,NA,NA,NA,NA,No,NA,No,NA,NA,NA,HWISE Survey,Sometimes (3–10 times in the last 4 weeks),Rarely (1–2 times in the last 4 weeks),Sometimes (3–10 times in the last 4 weeks),Sometimes (3–10 times in the last 4 weeks),Sometimes (3–10 times in the last 4 weeks),Rarely (1–2 times in the last 4 weeks),Never,Rarely (1–2 times in the last 4 weeks),Sometimes (3–10 times in the last 4 weeks),Rarely (1–2 times in the last 4 weeks),Rarely (1–2 times in the last 4 weeks),Sometimes (3–10 times in the last 4 weeks)
Yes,1,Khulna,Koyra,3,Baseline,Female,23,4,1,3,Primary Education,Shopkeeper,NA,Yes,20 Liter,0,1,0,0,0,0,NA,NA,2,NA,NA,NA,NA,NA,Borehole with handpump,No,Other (please specify),0,0,0,0,0,0,0,1,N/A,15,5,35,No,No,NA,Not Satisfied,Long lines It is too far away,1,0,0,1,0,0,0,NA,Latrine/toilet,1,0,0,0,0,Latrine/toilet,1,0,0,0,0,0,0,Child uses latrine,NA,"Yes, shows facility",Flush/pour flush,Septic Tank,Yes,Good condition (no cracks or gaps),Offers full privacy (has walls and a door ),NA,Yes,After defecation  After cleaning or changing a baby Before feeding child Before praying  Before eating Before food preparation After working in the dirt,1,1,1,1,1,1,1,0,0,0,NA,5,Yes,Soap,Yes,No,NA,NA,NA,NA,NA,NA,NA,NA,No,NA,Yes,Only for minor repairs,Yes,No,HWISE Survey,Often (10-20 times in last 4 weeks),Rarely (1–2 times in the last 4 weeks),Rarely (1–2 times in the last 4 weeks),Sometimes (3–10 times in the last 4 weeks),Sometimes (3–10 times in the last 4 weeks),Rarely (1–2 times in the last 4 weeks),Never,Never,Rarely (1–2 times in the last 4 weeks),Rarely (1–2 times in the last 4 weeks),Rarely (1–2 times in the last 4 weeks),Rarely (1–2 times in the last 4 weeks)
Yes,1,Khulna,Koyra,3,Baseline,Female,35,4,2,2,Secondary Education,Shopkeeper,NA,Yes,20 Liter,0,1,0,0,0,0,NA,NA,3,NA,NA,NA,NA,NA,"Surface water (river, dam, lake, pond, stream, canal, irrigation channels)",No,Other (please specify),0,0,0,0,0,0,0,1,N/A,15,5,35,No,No,NA,Neutral,NA,NA,NA,NA,NA,NA,NA,NA,NA,Latrine/toilet,1,0,0,0,0,Latrine/toilet,1,0,0,0,0,0,0,Child uses latrine,NA,"Yes, shows facility",Flush/pour flush,Septic Tank,Yes,Good condition (no cracks or gaps),Offers full privacy (has walls and a door ),NA,Yes,After defecation   Before eating Before feeding child Before praying After working in the dirt After cleaning or changing a baby,1,1,0,1,1,1,1,0,0,0,NA,4,Yes,Soap,Yes,No,NA,NA,NA,NA,NA,NA,NA,NA,No,NA,Yes,Only for minor repairs,Yes,Yes,HWISE Survey,Often (10-20 times in last 4 weeks),Rarely (1–2 times in the last 4 weeks),Rarely (1–2 times in the last 4 weeks),Rarely (1–2 times in the last 4 weeks),Rarely (1–2 times in the last 4 weeks),Never,Never,Rarely (1–2 times in the last 4 weeks),Rarely (1–2 times in the last 4 weeks),Never,Rarely (1–2 times in the last 4 weeks),Rarely (1–2 times in the last 4 weeks)
Yes,6,Khulna,Koyra,5,Baseline,Female,42,4,3,1,Higher Secondary Education,Farmer,NA,Yes,15 Liter,0,0,1,0,0,0,NA,NA,NA,3,NA,NA,NA,NA,"Surface water (river, dam, lake, pond, stream, canal, irrigation channels)",No,Other (please specify),0,0,0,0,0,0,0,1,N/A,5,0,10,No,No,NA,Not Satisfied,"Water tastes bad Water has a bad smell, color, or quality",0,0,1,0,0,1,0,NA,Latrine/toilet,1,0,0,0,0,Latrine/toilet,1,0,0,0,0,0,0,"Not applicable, no one under 3 lives in this household",NA,"Yes, shows facility",Pit latrine,NA,NA,"Medium (some damage, but safe to stand on)",Offers full privacy (has walls and a door ),Yes,Yes,After defecation   Before eating Before food preparation After working in the dirt,1,0,1,1,0,0,1,0,0,0,NA,3,Yes,Soap,Yes,No,NA,NA,NA,NA,NA,NA,NA,NA,No,NA,No,NA,NA,NA,HWISE Survey,Sometimes (3–10 times in the last 4 weeks),Often (10-20 times in last 4 weeks),Rarely (1–2 times in the last 4 weeks),Sometimes (3–10 times in the last 4 weeks),Rarely (1–2 times in the last 4 weeks),Sometimes (3–10 times in the last 4 weeks),Never,Never,Rarely (1–2 times in the last 4 weeks),Rarely (1–2 times in the last 4 weeks),Sometimes (3–10 times in the last 4 weeks),Often (10-20 times in last 4 weeks)
Yes,6,Khulna,Koyra,5,Baseline,Male,65,6,3,3,Higher Secondary Education,Private Job,NA,No,NA,NA,NA,NA,NA,NA,NA,NA,NA,NA,NA,NA,NA,NA,NA,"Bottled water, sachet water",No,Other (please specify),0,0,0,0,0,0,0,1,N/A,15,20,50,Not applicable,Not applicable,NA,Not Satisfied,It is too expensive It is too far away,0,1,0,1,0,0,0,NA,Latrine/toilet,1,0,0,0,0,Latrine/toilet,1,0,0,0,0,0,0,"Not applicable, no one under 3 lives in this household",NA,"Yes, shows facility",Flush/pour flush,Septic Tank,Yes,Good condition (no cracks or gaps),Offers full privacy (has walls and a door ),NA,Yes,After defecation   Before eating After working in the dirt,1,0,0,1,0,0,1,0,0,0,NA,2,Yes,Soap,Yes,No,NA,NA,NA,NA,NA,NA,NA,NA,No,NA,No,NA,NA,NA,HWISE Survey,Sometimes (3–10 times in the last 4 weeks),Often (10-20 times in last 4 weeks),Sometimes (3–10 times in the last 4 weeks),Often (10-20 times in last 4 weeks),Sometimes (3–10 times in the last 4 weeks),Rarely (1–2 times in the last 4 weeks),Rarely (1–2 times in the last 4 weeks),Rarely (1–2 times in the last 4 weeks),Sometimes (3–10 times in the last 4 weeks),Rarely (1–2 times in the last 4 weeks),Sometimes (3–10 times in the last 4 weeks),Sometimes (3–10 times in the last 4 weeks)
Yes,6,Khulna,Koyra,5,Baseline,Female,50,7,4,3,Non-Literate,Farmer,NA,Yes,20 Liter,0,1,0,0,0,0,NA,NA,2,NA,NA,NA,NA,NA,"Surface water (river, dam, lake, pond, stream, canal, irrigation channels)",No,Other (please specify),0,0,0,0,0,0,0,1,N/A,10,5,25,No,No,NA,Not Satisfied,"Water tastes bad Water has a bad smell, color, or quality",0,0,1,0,0,1,0,NA,Latrine/toilet,1,0,0,0,0,Latrine/toilet,1,0,0,0,0,0,0,"Not applicable, no one under 3 lives in this household",NA,"Yes, shows facility",Flush/pour flush,Pit Latrine,No,Good condition (no cracks or gaps),Offers full privacy (has walls and a door ),NA,Yes,After defecation  After working in the dirt  Before eating Before food preparation,1,0,1,1,0,0,1,0,0,0,NA,3,Yes,Soap,Yes,No,NA,NA,NA,NA,NA,NA,NA,NA,No,NA,No,NA,NA,NA,HWISE Survey,Sometimes (3–10 times in the last 4 weeks),Often (10-20 times in last 4 weeks),Sometimes (3–10 times in the last 4 weeks),Sometimes (3–10 times in the last 4 weeks),Rarely (1–2 times in the last 4 weeks),Rarely (1–2 times in the last 4 weeks),Never,Never,Rarely (1–2 times in the last 4 weeks),Rarely (1–2 times in the last 4 weeks),Sometimes (3–10 times in the last 4 weeks),Often (10-20 times in last 4 weeks)
Yes,6,Khulna,Koyra,5,Baseline,Male,54,2,1,1,Secondary Education,Farmer,NA,Yes,15 Liter,0,0,1,0,0,0,NA,NA,NA,2,NA,NA,NA,NA,"Surface water (river, dam, lake, pond, stream, canal, irrigation channels)",No,Other (please specify),0,0,0,0,0,0,0,1,N/A,10,5,25,No,No,NA,Not Satisfied,"Water has a bad smell, color, or quality Water tastes bad",0,0,1,0,0,1,0,NA,Latrine/toilet,1,0,0,0,0,Latrine/toilet,1,0,0,0,0,0,0,"Not applicable, no one under 3 lives in this household",NA,"Yes, shows facility",Pit latrine,NA,NA,Bad ( dangeraous to stand on),Offers little to no privacy (very poor quality),Yes,Yes,After defecation   Before eating After working in the dirt,1,0,0,1,0,0,1,0,0,0,NA,2,Yes,Soap,Yes,No,NA,NA,NA,NA,NA,NA,NA,NA,No,NA,No,NA,NA,NA,HWISE Survey,Rarely (1–2 times in the last 4 weeks),Often (10-20 times in last 4 weeks),Sometimes (3–10 times in the last 4 weeks),Rarely (1–2 times in the last 4 weeks),Rarely (1–2 times in the last 4 weeks),Rarely (1–2 times in the last 4 weeks),Rarely (1–2 times in the last 4 weeks),Rarely (1–2 times in the last 4 weeks),Rarely (1–2 times in the last 4 weeks),Rarely (1–2 times in the last 4 weeks),Sometimes (3–10 times in the last 4 weeks),Often (10-20 times in last 4 weeks)
Yes,6,Khulna,Koyra,5,Baseline,Male,55,5,2,3,Primary Education,Farmer,NA,No,NA,NA,NA,NA,NA,NA,NA,NA,NA,NA,NA,NA,NA,NA,NA,"Surface water (river, dam, lake, pond, stream, canal, irrigation channels)",No,Other (please specify),0,0,0,0,0,0,0,1,N/A,10,5,25,No,No,NA,Not Satisfied,"It is too far away Water has a bad smell, color, or quality Water tastes bad",0,0,1,1,0,1,0,NA,In the open/no sanitation facilities,0,1,0,0,0,In the open/no sanitation facilities,0,0,1,0,0,0,0,"Not applicable, no one under 3 lives in this household",NA,"Yes, shows facility",Composting toilet,NA,NA,Bad ( dangeraous to stand on),Offers little to no privacy (very poor quality),NA,Yes,After defecation  After working in the dirt  Before eating,1,0,0,1,0,0,1,0,0,0,NA,2,Yes,Soap,Yes,No,NA,NA,NA,NA,NA,NA,NA,NA,No,NA,No,NA,NA,NA,HWISE Survey,Sometimes (3–10 times in the last 4 weeks),Often (10-20 times in last 4 weeks),Rarely (1–2 times in the last 4 weeks),Sometimes (3–10 times in the last 4 weeks),Rarely (1–2 times in the last 4 weeks),Sometimes (3–10 times in the last 4 weeks),Rarely (1–2 times in the last 4 weeks),Rarely (1–2 times in the last 4 weeks),Sometimes (3–10 times in the last 4 weeks),Rarely (1–2 times in the last 4 weeks),Sometimes (3–10 times in the last 4 weeks),Often (10-20 times in last 4 weeks)
Yes,2,Khulna,Koyra,3,Baseline,Female,35,7,3,4,University,Fisher,NA,No,NA,NA,NA,NA,NA,NA,NA,NA,NA,NA,NA,NA,NA,NA,NA,Rainwater collection,No,Other (please specify),0,0,0,0,0,0,0,1,N/A,1,1,3,No,No,NA,Not Satisfied,Other (please specify),0,0,0,0,0,0,1,Rain water is not available,Latrine/toilet,1,0,0,0,0,Latrine/toilet,1,0,0,0,0,0,0,It is put or rinsed into latrine,NA,"Yes, shows facility",Flush/pour flush,Septic Tank,Yes,Good condition (no cracks or gaps),Offers full privacy (has walls and a door ),NA,Yes,After defecation  Before food preparation After working in the dirt  Before eating,1,0,1,1,0,0,1,0,0,0,NA,3,Yes,Soap,Yes,No,NA,NA,NA,NA,NA,NA,NA,NA,No,NA,No,NA,NA,NA,HWISE Survey,Sometimes (3–10 times in the last 4 weeks),Sometimes (3–10 times in the last 4 weeks),Sometimes (3–10 times in the last 4 weeks),Never,Never,Never,Never,Never,Rarely (1–2 times in the last 4 weeks),Never,Never,Never
Yes,2,Khulna,Koyra,3,Baseline,Female,46,4,2,2,Primary Education,Day Labour,NA,No,NA,NA,NA,NA,NA,NA,NA,NA,NA,NA,NA,NA,NA,NA,NA,Rainwater collection,No,Other (please specify),0,0,0,0,0,0,0,1,N/A,1,1,3,Yes,No,NA,Not Satisfied,Other (please specify),0,0,0,0,0,0,1,Rain water is not available,Latrine/toilet,1,0,0,0,0,Latrine/toilet,1,0,0,0,0,0,0,"Not applicable, no one under 3 lives in this household",NA,"Yes, shows facility",Flush/pour flush,Pit Latrine,No,"Medium (some damage, but safe to stand on)",Offers some privacy (has walls but no door),NA,Yes,After working in the dirt Before food preparation After defecation,1,0,1,0,0,0,1,0,0,0,NA,2,Yes,Soap,Yes,No,NA,NA,NA,NA,NA,NA,NA,NA,No,NA,No,NA,NA,NA,HWISE Survey,Sometimes (3–10 times in the last 4 weeks),Rarely (1–2 times in the last 4 weeks),Sometimes (3–10 times in the last 4 weeks),Never,Never,Never,Never,Never,Sometimes (3–10 times in the last 4 weeks),Never,Sometimes (3–10 times in the last 4 weeks),Never
Yes,2,Khulna,Koyra,3,Baseline,Female,40,5,3,2,Primary Education,Day Labour,NA,No,NA,NA,NA,NA,NA,NA,NA,NA,NA,NA,NA,NA,NA,NA,NA,Rainwater collection,No,Other (please specify),0,0,0,0,0,0,0,1,N/A,1,1,3,Yes,No,NA,Not Satisfied,Other (please specify),0,0,0,0,0,0,1,Rain water is not available,Latrine/toilet,1,0,0,0,0,"Not applicable, no one between the ages of 3-17 lives in this household",0,0,0,0,1,0,0,"Not applicable, no one under 3 lives in this household",NA,"Yes, shows facility",Flush/pour flush,Septic Tank,No,"Medium (some damage, but safe to stand on)",Offers full privacy (has walls and a door ),NA,Yes,After defecation   Before eating After working in the dirt,1,0,0,1,0,0,1,0,0,0,NA,2,Yes,Soap,Yes,No,NA,NA,NA,NA,NA,NA,NA,NA,No,NA,No,NA,NA,NA,HWISE Survey,Sometimes (3–10 times in the last 4 weeks),Rarely (1–2 times in the last 4 weeks),Sometimes (3–10 times in the last 4 weeks),Never,Never,Never,Never,Never,Sometimes (3–10 times in the last 4 weeks),Never,Sometimes (3–10 times in the last 4 weeks),Never
Yes,2,Khulna,Koyra,3,Baseline,Female,19,4,3,1,Primary Education,Business,NA,No,NA,NA,NA,NA,NA,NA,NA,NA,NA,NA,NA,NA,NA,NA,NA,"Bottled water, sachet water",No,Other (please specify),0,0,0,0,0,0,0,1,N/A,90,10,190,No,No,NA,Not Satisfied,It is too far away,0,0,0,1,0,0,0,NA,Latrine/toilet,1,0,0,0,0,"Not applicable, no one between the ages of 3-17 lives in this household",0,0,0,0,1,0,0,It is put or rinsed into latrine,NA,"Yes, shows facility",Pit latrine,NA,NA,"Medium (some damage, but safe to stand on)",Offers some privacy (has walls but no door),Yes,Yes,After defecation  After cleaning or changing a baby After working in the dirt,1,1,0,0,0,0,1,0,0,0,NA,2,Yes,Soap,Yes,No,NA,NA,NA,NA,NA,NA,NA,NA,No,NA,No,NA,NA,NA,HWISE Survey,Sometimes (3–10 times in the last 4 weeks),Never,Never,Rarely (1–2 times in the last 4 weeks),Never,Never,Never,Never,Never,Never,Never,Never
Yes,3,Khulna,Koyra,3,Baseline,Female,40,6,2,4,Secondary Education,Shopkeeper,NA,Yes,20 Liter,0,1,0,0,0,0,NA,NA,2,NA,NA,NA,NA,NA,Public tap or standpipe,No,Other (please specify),0,0,0,0,0,0,0,1,N/A,50,20,120,No,No,NA,Not Satisfied,"Long lines Water tastes bad It is too far away Water has a bad smell, color, or quality",1,0,1,1,0,1,0,NA,Latrine/toilet,1,0,0,0,0,Latrine/toilet,1,0,0,0,0,0,0,Decline to state,NA,"Yes, shows facility",Pit latrine,NA,NA,Bad ( dangeraous to stand on),Offers full privacy (has walls and a door ),Yes,Yes,After defecation  After cleaning or changing a baby Before food preparation  Before eating Before feeding child Before praying After working in the dirt,1,1,1,1,1,1,1,0,0,0,NA,5,Yes,Soap,Yes,No,NA,NA,NA,NA,NA,NA,NA,NA,No,NA,No,NA,NA,NA,HWISE Survey,Often (10-20 times in last 4 weeks),Always (More than 20 times in last 4 weeks),Sometimes (3–10 times in the last 4 weeks),Sometimes (3–10 times in the last 4 weeks),Often (10-20 times in last 4 weeks),Sometimes (3–10 times in the last 4 weeks),Rarely (1–2 times in the last 4 weeks),Often (10-20 times in last 4 weeks),Sometimes (3–10 times in the last 4 weeks),Rarely (1–2 times in the last 4 weeks),Rarely (1–2 times in the last 4 weeks),Rarely (1–2 times in the last 4 weeks)
Yes,3,Khulna,Koyra,3,Baseline,Female,34,5,2,3,Primary Education,Shopkeeper,NA,Yes,20 Liter,0,1,0,0,0,0,NA,NA,2,NA,NA,NA,NA,NA,"Surface water (river, dam, lake, pond, stream, canal, irrigation channels)",No,Other (please specify),0,0,0,0,0,0,0,1,N/A,20,10,50,No,No,NA,Not Satisfied,"Water tastes bad It is too far away It is broken Water has a bad smell, color, or quality",0,0,1,1,1,1,0,NA,Latrine/toilet,1,0,0,0,0,Latrine/toilet,1,0,0,0,0,0,0,Decline to state,NA,"Yes, shows facility",Flush/pour flush,Septic Tank,No,Good condition (no cracks or gaps),Offers full privacy (has walls and a door ),NA,Yes,After defecation  After cleaning or changing a baby Before food preparation  Before eating Before feeding child Before praying After working in the dirt,1,1,1,1,1,1,1,0,0,0,NA,5,Yes,Soap,Yes,No,NA,NA,NA,NA,NA,NA,NA,NA,No,NA,No,NA,NA,NA,HWISE Survey,Often (10-20 times in last 4 weeks),Always (More than 20 times in last 4 weeks),Sometimes (3–10 times in the last 4 weeks),Sometimes (3–10 times in the last 4 weeks),Rarely (1–2 times in the last 4 weeks),Sometimes (3–10 times in the last 4 weeks),Often (10-20 times in last 4 weeks),Rarely (1–2 times in the last 4 weeks),Sometimes (3–10 times in the last 4 weeks),Rarely (1–2 times in the last 4 weeks),Sometimes (3–10 times in the last 4 weeks),Rarely (1–2 times in the last 4 weeks)
Yes,3,Khulna,Koyra,3,Baseline,Female,47,3,1,2,Secondary Education,Business,NA,Yes,25 Liter,1,0,0,0,0,0,NA,2,NA,NA,NA,NA,NA,NA,Public tap or standpipe,No,Other (please specify),0,0,0,0,0,0,0,1,N/A,20,10,50,No,No,NA,Not Satisfied,"Long lines Water tastes bad It is too far away Water has a bad smell, color, or quality",1,0,1,1,0,1,0,NA,Latrine/toilet,1,0,0,0,0,Latrine/toilet,1,0,0,0,0,0,0,Decline to state,NA,"Yes, shows facility",Flush/pour flush,Septic Tank,Yes,Good condition (no cracks or gaps),Offers full privacy (has walls and a door ),NA,Yes,After defecation  After cleaning or changing a baby Before food preparation  Before eating Before feeding child Before praying,1,1,1,1,1,1,0,0,0,0,NA,5,Yes,Soap,Yes,No,NA,NA,NA,NA,NA,NA,NA,NA,No,NA,No,NA,NA,NA,HWISE Survey,Sometimes (3–10 times in the last 4 weeks),Often (10-20 times in last 4 weeks),Rarely (1–2 times in the last 4 weeks),Sometimes (3–10 times in the last 4 weeks),Rarely (1–2 times in the last 4 weeks),Sometimes (3–10 times in the last 4 weeks),Rarely (1–2 times in the last 4 weeks),Sometimes (3–10 times in the last 4 weeks),Rarely (1–2 times in the last 4 weeks),Rarely (1–2 times in the last 4 weeks),Sometimes (3–10 times in the last 4 weeks),Rarely (1–2 times in the last 4 weeks)
Yes,3,Khulna,Koyra,3,Baseline,Female,45,7,4,3,Primary Education,Business,NA,Yes,25 Liter,1,0,0,0,0,0,NA,3,NA,NA,NA,NA,NA,NA,Public tap or standpipe,No,Other (please specify),0,0,0,0,0,0,0,1,N/A,20,10,50,No,No,NA,Not Satisfied,Long lines Water tastes bad It is too far away,1,0,1,1,0,0,0,NA,Latrine/toilet,1,0,0,0,0,Latrine/toilet,1,0,0,0,0,0,0,It is put or rinsed on the ground or in the open,NA,"Yes, shows facility",Flush/pour flush,Septic Tank,No,"Medium (some damage, but safe to stand on)",Offers some privacy (has walls but no door),NA,Yes,After defecation  After cleaning or changing a baby Before food preparation  Before eating Before feeding child Before praying After working in the dirt,1,1,1,1,1,1,1,0,0,0,NA,5,Yes,Soap,Yes,No,NA,NA,NA,NA,NA,NA,NA,NA,No,NA,No,NA,NA,NA,HWISE Survey,Often (10-20 times in last 4 weeks),Sometimes (3–10 times in the last 4 weeks),Rarely (1–2 times in the last 4 weeks),Sometimes (3–10 times in the last 4 weeks),Rarely (1–2 times in the last 4 weeks),Sometimes (3–10 times in the last 4 weeks),Sometimes (3–10 times in the last 4 weeks),Sometimes (3–10 times in the last 4 weeks),Rarely (1–2 times in the last 4 weeks),Sometimes (3–10 times in the last 4 weeks),Sometimes (3–10 times in the last 4 weeks),Rarely (1–2 times in the last 4 weeks)
Yes,3,Khulna,Koyra,3,Baseline,Female,50,4,2,2,Primary Education,Day Labour,NA,Yes,25 Liter,1,0,0,0,0,0,NA,3,NA,NA,NA,NA,NA,NA,Public tap or standpipe,No,Other (please specify),0,0,0,0,0,0,0,1,N/A,20,10,50,No,No,NA,Not Satisfied,Long lines Water tastes bad It is too far away,1,0,1,1,0,0,0,NA,Latrine/toilet,1,0,0,0,0,Latrine/toilet,1,0,0,0,0,0,0,Decline to state,NA,"Yes, shows facility",Pit latrine,NA,NA,Bad ( dangeraous to stand on),Offers little to no privacy (very poor quality),Yes,Yes,After defecation  After cleaning or changing a baby Before food preparation  Before eating Before feeding child Before praying After working in the dirt,1,1,1,1,1,1,1,0,0,0,NA,5,Yes,Soap,Yes,No,NA,NA,NA,NA,NA,NA,NA,NA,No,NA,No,NA,NA,NA,HWISE Survey,Sometimes (3–10 times in the last 4 weeks),Rarely (1–2 times in the last 4 weeks),Sometimes (3–10 times in the last 4 weeks),Sometimes (3–10 times in the last 4 weeks),Rarely (1–2 times in the last 4 weeks),Sometimes (3–10 times in the last 4 weeks),Rarely (1–2 times in the last 4 weeks),Sometimes (3–10 times in the last 4 weeks),Rarely (1–2 times in the last 4 weeks),Rarely (1–2 times in the last 4 weeks),Rarely (1–2 times in the last 4 weeks),Rarely (1–2 times in the last 4 weeks)
Yes,7,Khulna,Koyra,3,Baseline,Female,50,3,2,1,Secondary Education,Farmer,NA,Yes,15 Liter,0,0,1,0,0,0,NA,NA,NA,3,NA,NA,NA,NA,Rainwater collection,No,Other (please specify),0,0,0,0,0,0,0,1,N/A,1,1,3,No,No,NA,Not Satisfied,It is too far away Other (please specify),0,0,0,1,0,0,1,Rain Water is not Available,Latrine/toilet,1,0,0,0,0,"Not applicable, no one between the ages of 3-17 lives in this household",0,0,0,0,1,0,0,"Not applicable, no one under 3 lives in this household",NA,"Yes, shows facility",Pit latrine,NA,NA,Good condition (no cracks or gaps),Offers full privacy (has walls and a door ),No,Yes,After defecation  Before food preparation  Before eating After working in the dirt,1,0,1,1,0,0,1,0,0,0,NA,3,Yes,Soap,Yes,No,NA,NA,NA,NA,NA,NA,NA,NA,No,NA,No,NA,NA,NA,HWISE Survey,Always (More than 20 times in last 4 weeks),Always (More than 20 times in last 4 weeks),Often (10-20 times in last 4 weeks),Often (10-20 times in last 4 weeks),Sometimes (3–10 times in the last 4 weeks),Sometimes (3–10 times in the last 4 weeks),Sometimes (3–10 times in the last 4 weeks),Sometimes (3–10 times in the last 4 weeks),Often (10-20 times in last 4 weeks),Rarely (1–2 times in the last 4 weeks),Rarely (1–2 times in the last 4 weeks),Rarely (1–2 times in the last 4 weeks)
Yes,4,Khulna,Koyra,2,Baseline,Female,36,5,2,3,Non-Literate,Farmer,NA,Yes,15 Liter,0,0,1,0,0,0,NA,NA,NA,2,NA,NA,NA,NA,Protected dug well,Yes,NA,NA,NA,NA,NA,NA,NA,NA,NA,NA,40,10,90,Yes,No,NA,Not Satisfied,It is too far away It is too expensive,0,1,0,1,0,0,0,NA,Latrine/toilet,1,0,0,0,0,Potty,0,1,0,0,0,0,0,"Not applicable, no one under 3 lives in this household",NA,"Yes, shows facility",Pit latrine,NA,NA,"Medium (some damage, but safe to stand on)",Offers full privacy (has walls and a door ),Yes,No,After defecation   Before eating,1,0,0,1,0,0,0,0,0,0,NA,2,Yes,Soap,Yes,No,NA,NA,NA,NA,NA,NA,NA,NA,No,NA,No,NA,NA,NA,HWISE Survey,Sometimes (3–10 times in the last 4 weeks),Sometimes (3–10 times in the last 4 weeks),Rarely (1–2 times in the last 4 weeks),Never,Sometimes (3–10 times in the last 4 weeks),Rarely (1–2 times in the last 4 weeks),Sometimes (3–10 times in the last 4 weeks),Rarely (1–2 times in the last 4 weeks),Rarely (1–2 times in the last 4 weeks),Rarely (1–2 times in the last 4 weeks),Rarely (1–2 times in the last 4 weeks),Always (More than 20 times in last 4 weeks)
Yes,7,Khulna,Koyra,3,Baseline,Female,44,3,2,1,Secondary Education,Farmer,NA,Yes,10 Liter,0,0,0,1,0,0,NA,NA,NA,NA,3,NA,NA,NA,"Surface water (river, dam, lake, pond, stream, canal, irrigation channels)",No,Other (please specify),0,0,0,0,0,0,0,1,N/A,56,20,132,No,No,NA,Not Satisfied,Long lines It is too far away It is too expensive,1,1,0,1,0,0,0,NA,Latrine/toilet,1,0,0,0,0,"Not applicable, no one between the ages of 3-17 lives in this household",0,0,0,0,1,0,0,"Not applicable, no one under 3 lives in this household",NA,"Yes, shows facility",Flush/pour flush,Pit Latrine,No,Good condition (no cracks or gaps),Offers full privacy (has walls and a door ),NA,Yes,After defecation  Before food preparation  Before eating After working in the dirt,1,0,1,1,0,0,1,0,0,0,NA,3,Yes,Soap,Yes,No,NA,NA,NA,NA,NA,NA,NA,NA,No,NA,No,NA,NA,NA,HWISE Survey,Always (More than 20 times in last 4 weeks),Always (More than 20 times in last 4 weeks),Often (10-20 times in last 4 weeks),Often (10-20 times in last 4 weeks),Often (10-20 times in last 4 weeks),Often (10-20 times in last 4 weeks),Often (10-20 times in last 4 weeks),Rarely (1–2 times in the last 4 weeks),Rarely (1–2 times in the last 4 weeks),Sometimes (3–10 times in the last 4 weeks),Sometimes (3–10 times in the last 4 weeks),Rarely (1–2 times in the last 4 weeks)
Yes,7,Khulna,Koyra,3,Baseline,Male,60,4,2,2,Primary Education,Day Labour,NA,Yes,15 Liter,0,0,1,0,0,0,NA,NA,NA,3,NA,NA,NA,NA,"Surface water (river, dam, lake, pond, stream, canal, irrigation channels)",No,Other (please specify),0,0,0,0,0,0,0,1,N/A,90,18,198,No,No,NA,Not Satisfied,Long lines It is too far away Water tastes bad,1,0,1,1,0,0,0,NA,Latrine/toilet,1,0,0,0,0,Latrine/toilet,1,0,0,0,0,0,0,"Not applicable, no one under 3 lives in this household",NA,"Yes, shows facility",Flush/pour flush,Pit Latrine,No,"Medium (some damage, but safe to stand on)",Offers full privacy (has walls and a door ),NA,Yes,After defecation   Before eating After working in the dirt,1,0,0,1,0,0,1,0,0,0,NA,2,Yes,Soap,Yes,No,NA,NA,NA,NA,NA,NA,NA,NA,No,NA,Yes,Only for minor repairs,Yes,Yes,HWISE Survey,Always (More than 20 times in last 4 weeks),Always (More than 20 times in last 4 weeks),Often (10-20 times in last 4 weeks),Often (10-20 times in last 4 weeks),Sometimes (3–10 times in the last 4 weeks),Often (10-20 times in last 4 weeks),Sometimes (3–10 times in the last 4 weeks),Rarely (1–2 times in the last 4 weeks),Sometimes (3–10 times in the last 4 weeks),Rarely (1–2 times in the last 4 weeks),Sometimes (3–10 times in the last 4 weeks),Rarely (1–2 times in the last 4 weeks)
Yes,4,Khulna,Koyra,2,Baseline,Female,40,5,3,2,Primary Education,Day Labour,NA,Yes,20 Liter,0,1,0,0,0,0,NA,NA,2,NA,NA,NA,NA,NA,Protected dug well with handpump,Yes,NA,NA,NA,NA,NA,NA,NA,NA,NA,NA,60,10,130,Yes,No,NA,Not Satisfied,Long lines It is too far away,1,0,0,1,0,0,0,NA,Latrine/toilet,1,0,0,0,0,Latrine/toilet,1,0,0,0,0,0,0,"Not applicable, no one under 3 lives in this household",NA,"Yes, shows facility",Pit latrine,NA,NA,"Medium (some damage, but safe to stand on)",Offers full privacy (has walls and a door ),Yes,No,After defecation  After working in the dirt,1,0,0,0,0,0,1,0,0,0,NA,1,Yes,None Shown,Yes,No,NA,NA,NA,NA,NA,NA,NA,NA,No,NA,No,NA,NA,NA,HWISE Survey,Sometimes (3–10 times in the last 4 weeks),Sometimes (3–10 times in the last 4 weeks),Sometimes (3–10 times in the last 4 weeks),Always (More than 20 times in last 4 weeks),Sometimes (3–10 times in the last 4 weeks),Often (10-20 times in last 4 weeks),Rarely (1–2 times in the last 4 weeks),Rarely (1–2 times in the last 4 weeks),Rarely (1–2 times in the last 4 weeks),Rarely (1–2 times in the last 4 weeks),Sometimes (3–10 times in the last 4 weeks),Often (10-20 times in last 4 weeks)
Yes,4,Khulna,Koyra,2,Baseline,Female,32,8,5,3,Non-Literate,Others (Please Specify),Workless,Yes,20 Liter,0,1,0,0,0,0,NA,NA,4,NA,NA,NA,NA,NA,Borehole with handpump,Yes,NA,NA,NA,NA,NA,NA,NA,NA,NA,NA,60,10,130,Yes,No,NA,Not Satisfied,Long lines It is too far away,1,0,0,1,0,0,0,NA,Latrine/toilet,1,0,0,0,0,Potty,0,1,0,0,0,0,0,It is put or rinsed on the ground or in the open,NA,"Yes, shows facility",Pit latrine,NA,NA,"Medium (some damage, but safe to stand on)",Offers full privacy (has walls and a door ),Yes,No,Before eating After defecation  After working in the dirt,1,0,0,1,0,0,1,0,0,0,NA,2,Yes,Soap,Yes,No,NA,NA,NA,NA,NA,NA,NA,NA,No,NA,No,NA,NA,NA,HWISE Survey,Often (10-20 times in last 4 weeks),Always (More than 20 times in last 4 weeks),Rarely (1–2 times in the last 4 weeks),Rarely (1–2 times in the last 4 weeks),Rarely (1–2 times in the last 4 weeks),Sometimes (3–10 times in the last 4 weeks),Sometimes (3–10 times in the last 4 weeks),Rarely (1–2 times in the last 4 weeks),Rarely (1–2 times in the last 4 weeks),Rarely (1–2 times in the last 4 weeks),Sometimes (3–10 times in the last 4 weeks),Often (10-20 times in last 4 weeks)
Yes,12,Khulna,Paikgacha,2,Baseline,Female,48,3,2,1,Secondary Education,Fisher,NA,Yes,10 Liter,0,0,0,1,0,0,NA,NA,NA,NA,1,NA,NA,NA,"Bottled water, sachet water",No,don’t know,0,0,0,0,0,0,1,0,NA,20,10,50,No,No,NA,Not Satisfied,It is too expensive It is too far away Long lines,1,1,0,1,0,0,0,NA,Latrine/toilet,1,0,0,0,0,Latrine/toilet,1,0,0,0,0,0,0,"Not applicable, no one under 3 lives in this household",NA,"Yes, shows facility",Pit latrine,NA,NA,"Medium (some damage, but safe to stand on)",Offers full privacy (has walls and a door ),No,No,After defecation  Before food preparation  Before eating Before feeding child After working in the dirt,1,0,1,1,1,0,1,0,0,0,NA,4,Yes,Soap,Yes,No,NA,NA,NA,NA,NA,NA,NA,NA,No,NA,No,NA,NA,NA,HWISE Survey,Sometimes (3–10 times in the last 4 weeks),Sometimes (3–10 times in the last 4 weeks),Rarely (1–2 times in the last 4 weeks),Rarely (1–2 times in the last 4 weeks),Rarely (1–2 times in the last 4 weeks),Rarely (1–2 times in the last 4 weeks),Rarely (1–2 times in the last 4 weeks),Rarely (1–2 times in the last 4 weeks),Rarely (1–2 times in the last 4 weeks),Rarely (1–2 times in the last 4 weeks),Rarely (1–2 times in the last 4 weeks),Rarely (1–2 times in the last 4 weeks)
Yes,12,Khulna,Paikgacha,2,Baseline,Female,45,4,3,1,Higher Secondary Education,Business,NA,No,NA,NA,NA,NA,NA,NA,NA,NA,NA,NA,NA,NA,NA,NA,NA,"Bottled water, sachet water",No,don’t know,0,0,0,0,0,0,1,0,NA,30,10,70,No,No,NA,Not Satisfied,"It is too expensive Water has a bad smell, color, or quality It is too far away",0,1,0,1,0,1,0,NA,Latrine/toilet,1,0,0,0,0,Latrine/toilet,1,0,0,0,0,0,0,"Not applicable, no one under 3 lives in this household",NA,"Yes, shows facility",Flush/pour flush,Septic Tank,Yes,Good condition (no cracks or gaps),Offers full privacy (has walls and a door ),NA,No,After defecation  After cleaning or changing a baby Before food preparation  Before eating Before feeding child After working in the dirt,1,1,1,1,1,0,1,0,0,0,NA,5,Yes,Soap,Yes,No,NA,NA,NA,NA,NA,NA,NA,NA,No,NA,No,NA,NA,NA,HWISE Survey,Sometimes (3–10 times in the last 4 weeks),Sometimes (3–10 times in the last 4 weeks),Rarely (1–2 times in the last 4 weeks),Sometimes (3–10 times in the last 4 weeks),Rarely (1–2 times in the last 4 weeks),Sometimes (3–10 times in the last 4 weeks),Rarely (1–2 times in the last 4 weeks),Rarely (1–2 times in the last 4 weeks),Sometimes (3–10 times in the last 4 weeks),Sometimes (3–10 times in the last 4 weeks),Sometimes (3–10 times in the last 4 weeks),Sometimes (3–10 times in the last 4 weeks)
Yes,12,Khulna,Paikgacha,2,Baseline,Female,35,4,2,2,Secondary Education,Fisher,NA,No,NA,NA,NA,NA,NA,NA,NA,NA,NA,NA,NA,NA,NA,NA,NA,Borehole with handpump,No,don’t know,0,0,0,0,0,0,1,0,NA,30,10,70,No,No,NA,Not Satisfied,"Water has a bad smell, color, or quality Water tastes bad Long lines It is too far away",1,0,1,1,0,1,0,NA,Latrine/toilet,1,0,0,0,0,Latrine/toilet,1,0,0,0,0,0,0,"Not applicable, no one under 3 lives in this household",NA,"Yes, shows facility",Pit latrine,NA,NA,Bad ( dangeraous to stand on),Offers some privacy (has walls but no door),No,No,After defecation  After cleaning or changing a baby Before food preparation  Before eating Before feeding child After working in the dirt,1,1,1,1,1,0,1,0,0,0,NA,5,Yes,Soap,Yes,No,NA,NA,NA,NA,NA,NA,NA,NA,No,NA,No,NA,NA,NA,HWISE Survey,Sometimes (3–10 times in the last 4 weeks),Sometimes (3–10 times in the last 4 weeks),Sometimes (3–10 times in the last 4 weeks),Sometimes (3–10 times in the last 4 weeks),Sometimes (3–10 times in the last 4 weeks),Sometimes (3–10 times in the last 4 weeks),Rarely (1–2 times in the last 4 weeks),Rarely (1–2 times in the last 4 weeks),Sometimes (3–10 times in the last 4 weeks),Rarely (1–2 times in the last 4 weeks),Sometimes (3–10 times in the last 4 weeks),Rarely (1–2 times in the last 4 weeks)
Yes,12,Khulna,Paikgacha,2,Baseline,Female,24,4,2,2,Secondary Education,Fisher,NA,Yes,20 Liter,0,1,0,0,0,0,NA,NA,1,NA,NA,NA,NA,NA,"Bottled water, sachet water",No,don’t know,0,0,0,0,0,0,1,0,NA,30,10,70,No,No,NA,Not Satisfied,It is too expensive It is too far away,0,1,0,1,0,0,0,NA,Latrine/toilet,1,0,0,0,0,Latrine/toilet,1,0,0,0,0,0,0,"Not applicable, no one under 3 lives in this household",NA,"Yes, shows facility",Flush/pour flush,Septic Tank,Yes,Good condition (no cracks or gaps),Offers full privacy (has walls and a door ),NA,No,After defecation  After cleaning or changing a baby Before food preparation  Before eating Before feeding child After working in the dirt,1,1,1,1,1,0,1,0,0,0,NA,5,Yes,Soap,Yes,No,NA,NA,NA,NA,NA,NA,NA,NA,No,NA,No,NA,NA,NA,HWISE Survey,Sometimes (3–10 times in the last 4 weeks),Sometimes (3–10 times in the last 4 weeks),Sometimes (3–10 times in the last 4 weeks),Rarely (1–2 times in the last 4 weeks),Rarely (1–2 times in the last 4 weeks),Rarely (1–2 times in the last 4 weeks),Rarely (1–2 times in the last 4 weeks),Rarely (1–2 times in the last 4 weeks),Rarely (1–2 times in the last 4 weeks),Rarely (1–2 times in the last 4 weeks),Rarely (1–2 times in the last 4 weeks),Sometimes (3–10 times in the last 4 weeks)
Yes,12,Khulna,Paikgacha,2,Baseline,Female,26,4,2,2,Primary Education,Rikshaw puller/Van Pullar,NA,Yes,20 Liter,0,1,0,0,0,0,NA,NA,2,NA,NA,NA,NA,NA,"Bottled water, sachet water",No,don’t know,0,0,0,0,0,0,1,0,NA,30,10,70,No,No,NA,Not Satisfied,It is too expensive It is too far away,0,1,0,1,0,0,0,NA,Latrine/toilet,1,0,0,0,0,Latrine/toilet,1,0,0,0,0,0,0,It is put or rinsed into latrine,NA,"Yes, shows facility",Flush/pour flush,Pit Latrine,Yes,Good condition (no cracks or gaps),Offers full privacy (has walls and a door ),NA,No,After defecation  After cleaning or changing a baby Before food preparation  Before eating Before feeding child After working in the dirt,1,1,1,1,1,0,1,0,0,0,NA,5,Yes,Soap,Yes,No,NA,NA,NA,NA,NA,NA,NA,NA,No,NA,No,NA,NA,NA,HWISE Survey,Sometimes (3–10 times in the last 4 weeks),Sometimes (3–10 times in the last 4 weeks),Never,Rarely (1–2 times in the last 4 weeks),Rarely (1–2 times in the last 4 weeks),Rarely (1–2 times in the last 4 weeks),Rarely (1–2 times in the last 4 weeks),Rarely (1–2 times in the last 4 weeks),Rarely (1–2 times in the last 4 weeks),Rarely (1–2 times in the last 4 weeks),Sometimes (3–10 times in the last 4 weeks),Rarely (1–2 times in the last 4 weeks)
Yes,13,Khulna,Paikgacha,2,Baseline,Female,40,4,1,3,Higher Secondary Education,Private Job,NA,Yes,15 Liter,0,0,1,0,0,0,NA,NA,NA,3,NA,NA,NA,NA,Borehole with handpump,don’t know,NA,NA,NA,NA,NA,NA,NA,NA,NA,NA,2,1,5,No,No,NA,Not Satisfied,Water tastes bad,0,0,1,0,0,0,0,NA,Latrine/toilet,1,0,0,0,0,Latrine/toilet,1,0,0,0,0,0,0,"Not applicable, no one under 3 lives in this household",NA,"Yes, shows facility",Flush/pour flush,Septic Tank,Yes,Good condition (no cracks or gaps),Offers full privacy (has walls and a door ),NA,Yes,After defecation  Before food preparation  Before eating,1,0,1,1,0,0,0,0,0,0,NA,3,Yes,Soap,Yes,No,NA,NA,NA,NA,NA,NA,NA,NA,No,NA,No,NA,NA,NA,HWISE Survey,Rarely (1–2 times in the last 4 weeks),Rarely (1–2 times in the last 4 weeks),Rarely (1–2 times in the last 4 weeks),Rarely (1–2 times in the last 4 weeks),Rarely (1–2 times in the last 4 weeks),Rarely (1–2 times in the last 4 weeks),Rarely (1–2 times in the last 4 weeks),Rarely (1–2 times in the last 4 weeks),Rarely (1–2 times in the last 4 weeks),Rarely (1–2 times in the last 4 weeks),Rarely (1–2 times in the last 4 weeks),Rarely (1–2 times in the last 4 weeks)
Yes,13,Khulna,Paikgacha,2,Baseline,Female,23,5,2,3,Secondary Education,Farmer,NA,Yes,10 Liter,0,0,0,1,0,0,NA,NA,NA,NA,3,NA,NA,NA,"Bottled water, sachet water",Yes,NA,NA,NA,NA,NA,NA,NA,NA,NA,NA,30,5,65,No,No,NA,Not Satisfied,It is too expensive It is too far away,0,1,0,1,0,0,0,NA,Latrine/toilet,1,0,0,0,0,Potty,0,1,0,0,0,0,0,It is put or rinsed into latrine,NA,"Yes, shows facility",Pit latrine,NA,NA,"Medium (some damage, but safe to stand on)",Offers some privacy (has walls but no door),No,No,After defecation  Before food preparation  Before eating Before feeding child,1,0,1,1,1,0,0,0,0,0,NA,4,Yes,Soap,Yes,No,NA,NA,NA,NA,NA,NA,NA,NA,No,NA,No,NA,NA,NA,HWISE Survey,Sometimes (3–10 times in the last 4 weeks),Sometimes (3–10 times in the last 4 weeks),Sometimes (3–10 times in the last 4 weeks),Sometimes (3–10 times in the last 4 weeks),Sometimes (3–10 times in the last 4 weeks),Sometimes (3–10 times in the last 4 weeks),Rarely (1–2 times in the last 4 weeks),Rarely (1–2 times in the last 4 weeks),Sometimes (3–10 times in the last 4 weeks),Sometimes (3–10 times in the last 4 weeks),Sometimes (3–10 times in the last 4 weeks),Sometimes (3–10 times in the last 4 weeks)
Yes,13,Khulna,Paikgacha,2,Baseline,Female,29,3,1,2,Primary Education,Business,NA,Yes,20 Liter,0,1,0,0,0,0,NA,NA,1,NA,NA,NA,NA,NA,"Bottled water, sachet water",No,It is too far away Long lines,1,0,0,1,0,0,0,0,NA,30,10,70,No,No,NA,Not Satisfied,It is too far away Long lines It is too expensive,1,1,0,1,0,0,0,NA,Latrine/toilet,1,0,0,0,0,Don't Know,0,0,0,0,0,0,1,"Not applicable, no one under 3 lives in this household",NA,"Yes, shows facility",Flush/pour flush,Septic Tank,Yes,Good condition (no cracks or gaps),Offers full privacy (has walls and a door ),NA,Yes,After defecation  Before food preparation  Before eating,1,0,1,1,0,0,0,0,0,0,NA,3,Yes,Soap,Yes,No,NA,NA,NA,NA,NA,NA,NA,NA,No,NA,No,NA,NA,NA,HWISE Survey,Sometimes (3–10 times in the last 4 weeks),Sometimes (3–10 times in the last 4 weeks),Rarely (1–2 times in the last 4 weeks),Sometimes (3–10 times in the last 4 weeks),Rarely (1–2 times in the last 4 weeks),Rarely (1–2 times in the last 4 weeks),Sometimes (3–10 times in the last 4 weeks),Rarely (1–2 times in the last 4 weeks),Rarely (1–2 times in the last 4 weeks),Rarely (1–2 times in the last 4 weeks),Rarely (1–2 times in the last 4 weeks),Rarely (1–2 times in the last 4 weeks)
Yes,13,Khulna,Paikgacha,2,Baseline,Male,40,4,2,2,Primary Education,Fisher,NA,Yes,20 Liter,0,1,0,0,0,0,NA,NA,1,NA,NA,NA,NA,NA,"Bottled water, sachet water",No,I don't like the taste of the water It is too far away,1,0,1,0,0,0,0,0,NA,20,2,42,No,No,NA,Not Satisfied,Water tastes bad It is too expensive Long lines It is too far away,1,1,1,1,0,0,0,NA,Latrine/toilet,1,0,0,0,0,Latrine/toilet,1,0,0,0,0,0,0,"Not applicable, no one under 3 lives in this household",NA,"Yes, shows facility",Flush/pour flush,Septic Tank,Yes,Good condition (no cracks or gaps),Offers full privacy (has walls and a door ),NA,No,After defecation  Before food preparation  Before eating,1,0,1,1,0,0,0,0,0,0,NA,3,Yes,Soap,Yes,No,NA,NA,NA,NA,NA,NA,NA,NA,No,NA,No,NA,NA,NA,HWISE Survey,Sometimes (3–10 times in the last 4 weeks),Rarely (1–2 times in the last 4 weeks),Rarely (1–2 times in the last 4 weeks),Rarely (1–2 times in the last 4 weeks),Sometimes (3–10 times in the last 4 weeks),Rarely (1–2 times in the last 4 weeks),Rarely (1–2 times in the last 4 weeks),Rarely (1–2 times in the last 4 weeks),Rarely (1–2 times in the last 4 weeks),Rarely (1–2 times in the last 4 weeks),Rarely (1–2 times in the last 4 weeks),Rarely (1–2 times in the last 4 weeks)
Yes,13,Khulna,Paikgacha,2,Baseline,Female,35,5,1,4,Non-Literate,Fisher,NA,Yes,20 Liter,0,1,0,0,0,0,NA,NA,1,NA,NA,NA,NA,NA,"Bottled water, sachet water",No,It is too far away I don't like the taste of the water,1,0,1,0,0,0,0,0,NA,30,3,63,No,No,NA,Not Satisfied,Long lines It is too expensive Water tastes bad It is too far away,1,1,1,1,0,0,0,NA,Latrine/toilet,1,0,0,0,0,Latrine/toilet,1,0,0,0,0,0,0,"Not applicable, no one under 3 lives in this household",NA,"Yes, shows facility",Pit latrine,NA,NA,"Medium (some damage, but safe to stand on)",Offers little to no privacy (very poor quality),No,No,After defecation  Before food preparation  Before eating,1,0,1,1,0,0,0,0,0,0,NA,3,Yes,Soap,Yes,No,NA,NA,NA,NA,NA,NA,NA,NA,No,NA,No,NA,NA,NA,HWISE Survey,Sometimes (3–10 times in the last 4 weeks),Sometimes (3–10 times in the last 4 weeks),Sometimes (3–10 times in the last 4 weeks),Sometimes (3–10 times in the last 4 weeks),Sometimes (3–10 times in the last 4 weeks),Rarely (1–2 times in the last 4 weeks),Sometimes (3–10 times in the last 4 weeks),Rarely (1–2 times in the last 4 weeks),Sometimes (3–10 times in the last 4 weeks),Rarely (1–2 times in the last 4 weeks),Rarely (1–2 times in the last 4 weeks),Rarely (1–2 times in the last 4 weeks)
Yes,11,Bagerhat,Morrelganj,3,Baseline,Female,37,5,3,2,Primary Education,Rikshaw puller/Van Pullar,NA,Yes,20 Liter,0,1,0,0,0,0,NA,NA,1,NA,NA,NA,NA,NA,Borehole with handpump,No,Other (please specify),0,0,0,0,0,0,0,1,N/A,30,5,65,No,No,NA,Not Satisfied,It is too far away,0,0,0,1,0,0,0,NA,Latrine/toilet,1,0,0,0,0,Latrine/toilet,1,0,0,0,0,0,0,Child uses latrine,NA,"Yes, shows facility",Pit latrine,NA,NA,"Medium (some damage, but safe to stand on)",Offers some privacy (has walls but no door),Yes,Yes,After defecation   Before eating Before food preparation Before feeding child Before praying After working in the dirt,1,0,1,1,1,1,1,0,0,0,NA,4,Yes,Soap,Yes,No,NA,NA,NA,NA,NA,NA,NA,NA,No,NA,No,NA,NA,NA,HWISE Survey,Rarely (1–2 times in the last 4 weeks),Sometimes (3–10 times in the last 4 weeks),Sometimes (3–10 times in the last 4 weeks),Sometimes (3–10 times in the last 4 weeks),Sometimes (3–10 times in the last 4 weeks),Sometimes (3–10 times in the last 4 weeks),Rarely (1–2 times in the last 4 weeks),Often (10-20 times in last 4 weeks),Sometimes (3–10 times in the last 4 weeks),Rarely (1–2 times in the last 4 weeks),Rarely (1–2 times in the last 4 weeks),Often (10-20 times in last 4 weeks)
Yes,11,Bagerhat,Morrelganj,3,Baseline,Female,30,5,3,2,Primary Education,Rikshaw puller/Van Pullar,NA,No,NA,NA,NA,NA,NA,NA,NA,NA,NA,NA,NA,NA,NA,NA,NA,Borehole with handpump,No,Other (please specify),0,0,0,0,0,0,0,1,N/A,10,2,22,No,No,NA,Not Satisfied,Water tastes bad,0,0,1,0,0,0,0,NA,Latrine/toilet,1,0,0,0,0,Latrine/toilet,1,0,0,0,0,0,0,"Not applicable, no one under 3 lives in this household",NA,"Yes, shows facility",Flush/pour flush,Septic Tank,Yes,Good condition (no cracks or gaps),Offers full privacy (has walls and a door ),NA,Yes,After defecation   Before eating Before food preparation Before praying After working in the dirt,1,0,1,1,0,1,1,0,0,0,NA,3,Yes,Soap,Yes,No,NA,NA,NA,NA,NA,NA,NA,NA,No,NA,Yes,Yes,Yes,Yes,HWISE Survey,Rarely (1–2 times in the last 4 weeks),Rarely (1–2 times in the last 4 weeks),Never,Rarely (1–2 times in the last 4 weeks),Rarely (1–2 times in the last 4 weeks),Never,Never,Rarely (1–2 times in the last 4 weeks),Never,Never,Rarely (1–2 times in the last 4 weeks),Never
Yes,11,Bagerhat,Morrelganj,3,Baseline,Female,41,3,1,2,Higher Secondary Education,Gov. Job,NA,Yes,Other (please specify),0,0,0,0,0,1,500,NA,NA,NA,NA,NA,20,20,"Bottled water, sachet water",No,Other (please specify),0,0,0,0,0,0,0,1,N/A,50,20,120,No,No,NA,Not Satisfied,It is too expensive,0,1,0,0,0,0,0,NA,Latrine/toilet,1,0,0,0,0,Latrine/toilet,1,0,0,0,0,0,0,"Not applicable, no one under 3 lives in this household",NA,"Yes, shows facility",Flush/pour flush,Septic Tank,Yes,Good condition (no cracks or gaps),Offers full privacy (has walls and a door ),NA,Yes,After defecation  Before food preparation  Before eating Before praying After working in the dirt,1,0,1,1,0,1,1,0,0,0,NA,3,Yes,Soap,Yes,No,NA,NA,NA,NA,NA,NA,NA,NA,No,NA,No,NA,NA,NA,HWISE Survey,Never,Never,Never,Never,Never,Never,Never,Never,Never,Never,Never,Never
Yes,11,Bagerhat,Morrelganj,3,Baseline,Female,40,3,1,2,Secondary Education,Business,NA,No,NA,NA,NA,NA,NA,NA,NA,NA,NA,NA,NA,NA,NA,NA,NA,"Surface water (river, dam, lake, pond, stream, canal, irrigation channels)",No,Other (please specify),0,0,0,0,0,0,0,1,N/A,5,5,15,No,No,NA,Not Satisfied,Water tastes bad,0,0,1,0,0,0,0,NA,Latrine/toilet,1,0,0,0,0,Latrine/toilet,1,0,0,0,0,0,0,"Not applicable, no one under 3 lives in this household",NA,"Yes, shows facility",Pit latrine,NA,NA,"Medium (some damage, but safe to stand on)",Offers full privacy (has walls and a door ),Yes,Yes,After defecation   Before eating Before praying,1,0,0,1,0,1,0,0,0,0,NA,2,Yes,Soap,Yes,No,NA,NA,NA,NA,NA,NA,NA,NA,No,NA,No,NA,NA,NA,HWISE Survey,Rarely (1–2 times in the last 4 weeks),Rarely (1–2 times in the last 4 weeks),Rarely (1–2 times in the last 4 weeks),Rarely (1–2 times in the last 4 weeks),Rarely (1–2 times in the last 4 weeks),Rarely (1–2 times in the last 4 weeks),Rarely (1–2 times in the last 4 weeks),Rarely (1–2 times in the last 4 weeks),Rarely (1–2 times in the last 4 weeks),Rarely (1–2 times in the last 4 weeks),Rarely (1–2 times in the last 4 weeks),Rarely (1–2 times in the last 4 weeks)
Yes,11,Bagerhat,Morrelganj,4,Baseline,Male,50,3,2,1,Primary Education,Rikshaw puller/Van Pullar,NA,No,NA,NA,NA,NA,NA,NA,NA,NA,NA,NA,NA,NA,NA,NA,NA,"Surface water (river, dam, lake, pond, stream, canal, irrigation channels)",No,Other (please specify),0,0,0,0,0,0,0,1,N/A,2,2,6,No,No,NA,Not Satisfied,Other (please specify),0,0,0,0,0,0,1,From that pond they can't have much usable water,Latrine/toilet,1,0,0,0,0,Latrine/toilet,1,0,0,0,0,0,0,"Not applicable, no one under 3 lives in this household",NA,"Yes, shows facility",Pit latrine,NA,NA,"Medium (some damage, but safe to stand on)",Offers full privacy (has walls and a door ),Yes,Yes,After defecation  Before food preparation  Before eating Before praying After working in the dirt,1,0,1,1,0,1,1,0,0,0,NA,3,Yes,Soap,Yes,No,NA,NA,NA,NA,NA,NA,NA,NA,No,NA,No,NA,NA,NA,HWISE Survey,Often (10-20 times in last 4 weeks),Often (10-20 times in last 4 weeks),Often (10-20 times in last 4 weeks),Often (10-20 times in last 4 weeks),Often (10-20 times in last 4 weeks),Often (10-20 times in last 4 weeks),Often (10-20 times in last 4 weeks),Often (10-20 times in last 4 weeks),Often (10-20 times in last 4 weeks),Rarely (1–2 times in the last 4 weeks),Often (10-20 times in last 4 weeks),Often (10-20 times in last 4 weeks)
Yes,11,Bagerhat,Morrelganj,4,Baseline,Female,24,5,2,3,Secondary Education,Business,NA,Yes,20 Liter,0,1,0,0,0,0,NA,NA,1,NA,NA,NA,NA,NA,"Surface water (river, dam, lake, pond, stream, canal, irrigation channels)",No,Other (please specify),0,0,0,0,0,0,0,1,N/A,10,5,25,No,No,NA,Not Satisfied,Water tastes bad,0,0,1,0,0,0,0,NA,Latrine/toilet,1,0,0,0,0,Latrine/toilet,1,0,0,0,0,0,0,It is put or rinsed into latrine,NA,"Yes, shows facility",Pit latrine,NA,NA,"Medium (some damage, but safe to stand on)",Offers full privacy (has walls and a door ),Yes,Yes,Before food preparation After defecation  Before feeding child  Before eating Before praying After working in the dirt,1,0,1,1,1,1,1,0,0,0,NA,4,Yes,Soap,Yes,No,NA,NA,NA,NA,NA,NA,NA,NA,Yes,It was for heigenic life and merits of pure drinkable water,No,NA,NA,NA,HWISE Survey,Sometimes (3–10 times in the last 4 weeks),Sometimes (3–10 times in the last 4 weeks),Rarely (1–2 times in the last 4 weeks),Rarely (1–2 times in the last 4 weeks),Rarely (1–2 times in the last 4 weeks),Often (10-20 times in last 4 weeks),Rarely (1–2 times in the last 4 weeks),Rarely (1–2 times in the last 4 weeks),Rarely (1–2 times in the last 4 weeks),Sometimes (3–10 times in the last 4 weeks),Sometimes (3–10 times in the last 4 weeks),Sometimes (3–10 times in the last 4 weeks)
Yes,10,Bagerhat,Morrelganj,3,Baseline,Female,48,3,1,2,University,Gov. Job,NA,Yes,25 Liter,1,0,0,0,0,0,NA,2,NA,NA,NA,NA,NA,NA,"Surface water (river, dam, lake, pond, stream, canal, irrigation channels)",No,Other (please specify),0,0,0,0,0,0,0,1,N\A,25,0,50,No,No,NA,Not Satisfied,Water tastes bad It is too far away It is too expensive,0,1,1,1,0,0,0,NA,Latrine/toilet,1,0,0,0,0,"Not applicable, no one between the ages of 3-17 lives in this household",0,0,0,0,1,0,0,"Not applicable, no one under 3 lives in this household",NA,"Yes, shows facility",Pit latrine,NA,NA,"Medium (some damage, but safe to stand on)",Offers full privacy (has walls and a door ),Yes,Yes,After defecation  Before food preparation  Before eating Before praying After working in the dirt,1,0,1,1,0,1,1,0,0,0,NA,3,Yes,Soap,Yes,No,NA,NA,NA,NA,NA,NA,NA,NA,No,NA,No,NA,NA,NA,HWISE Survey,Often (10-20 times in last 4 weeks),Sometimes (3–10 times in the last 4 weeks),Rarely (1–2 times in the last 4 weeks),Rarely (1–2 times in the last 4 weeks),Sometimes (3–10 times in the last 4 weeks),Sometimes (3–10 times in the last 4 weeks),Never,Never,Rarely (1–2 times in the last 4 weeks),Never,Rarely (1–2 times in the last 4 weeks),Never
Yes,10,Bagerhat,Morrelganj,3,Baseline,Male,56,7,5,2,University,Private Job,NA,Yes,25 Liter,1,0,0,0,0,0,NA,2,NA,NA,NA,NA,NA,NA,"Surface water (river, dam, lake, pond, stream, canal, irrigation channels)",No,Other (please specify),0,0,0,0,0,0,0,1,N\A,30,0,60,No,No,NA,Not Satisfied,It is too far away Water tastes bad It is too expensive,0,1,1,1,0,0,0,NA,Latrine/toilet,1,0,0,0,0,Latrine/toilet,1,0,0,0,0,0,0,"Not applicable, no one under 3 lives in this household",NA,"Yes, shows facility",Pit latrine,NA,NA,"Medium (some damage, but safe to stand on)",Offers full privacy (has walls and a door ),Yes,Yes,After defecation  Before food preparation  Before eating Before praying After working in the dirt After cleaning or changing a baby Before feeding child,1,1,1,1,1,1,1,0,0,0,NA,5,Yes,Soap,Yes,No,NA,NA,NA,NA,NA,NA,NA,NA,No,NA,No,NA,NA,NA,HWISE Survey,Sometimes (3–10 times in the last 4 weeks),Rarely (1–2 times in the last 4 weeks),Sometimes (3–10 times in the last 4 weeks),Rarely (1–2 times in the last 4 weeks),Rarely (1–2 times in the last 4 weeks),Sometimes (3–10 times in the last 4 weeks),Never,Never,Sometimes (3–10 times in the last 4 weeks),Never,Rarely (1–2 times in the last 4 weeks),Never
Yes,10,Bagerhat,Morrelganj,3,Baseline,Female,38,6,3,3,University,Private Job,NA,Yes,25 Liter,1,0,0,0,0,0,NA,4,NA,NA,NA,NA,NA,NA,"Surface water (river, dam, lake, pond, stream, canal, irrigation channels)",No,Other (please specify),0,0,0,0,0,0,0,1,N\A,15,0,30,No,No,NA,Not Satisfied,It is too expensive Water tastes bad It is too far away,0,1,1,1,0,0,0,NA,Latrine/toilet,1,0,0,0,0,Latrine/toilet,1,0,0,0,0,0,0,"Not applicable, no one under 3 lives in this household",NA,"Yes, shows facility",Flush/pour flush,Piped Sewer System,Yes,Good condition (no cracks or gaps),Offers full privacy (has walls and a door ),NA,Yes,After defecation  Before food preparation  Before eating Before praying After working in the dirt,1,0,1,1,0,1,1,0,0,0,NA,3,Yes,Soap,Yes,No,NA,NA,NA,NA,NA,NA,NA,NA,No,NA,No,NA,NA,NA,HWISE Survey,Rarely (1–2 times in the last 4 weeks),Rarely (1–2 times in the last 4 weeks),Rarely (1–2 times in the last 4 weeks),Never,Rarely (1–2 times in the last 4 weeks),Never,Never,Never,Rarely (1–2 times in the last 4 weeks),Never,Never,Never
Yes,10,Bagerhat,Morrelganj,3,Baseline,Female,22,6,3,3,Primary Education,Day Labour,NA,Yes,15 Liter,0,0,1,0,0,0,NA,NA,NA,2,NA,NA,NA,NA,"Surface water (river, dam, lake, pond, stream, canal, irrigation channels)",No,Other (please specify),0,0,0,0,0,0,0,1,N\A,30,0,60,No,No,NA,Not Satisfied,Water tastes bad It is too far away,0,0,1,1,0,0,0,NA,Latrine/toilet,1,0,0,0,0,Latrine/toilet,1,0,0,0,0,0,0,It is put or rinsed into latrine,NA,"Yes, shows facility",Pit latrine,NA,NA,"Medium (some damage, but safe to stand on)",Offers some privacy (has walls but no door),Yes,Yes,After defecation  After cleaning or changing a baby Before food preparation  Before eating Before feeding child Before praying After working in the dirt,1,1,1,1,1,1,1,0,0,0,NA,5,Yes,Soap,Yes,No,NA,NA,NA,NA,NA,NA,NA,NA,No,NA,No,NA,NA,NA,HWISE Survey,Often (10-20 times in last 4 weeks),Sometimes (3–10 times in the last 4 weeks),Rarely (1–2 times in the last 4 weeks),Rarely (1–2 times in the last 4 weeks),Sometimes (3–10 times in the last 4 weeks),Sometimes (3–10 times in the last 4 weeks),Never,Never,Rarely (1–2 times in the last 4 weeks),Never,Rarely (1–2 times in the last 4 weeks),Never
Yes,10,Bagerhat,Morrelganj,3,Baseline,Male,35,4,1,3,Primary Education,Rikshaw puller/Van Pullar,NA,Yes,15 Liter,0,0,1,0,0,0,NA,NA,NA,2,NA,NA,NA,NA,"Surface water (river, dam, lake, pond, stream, canal, irrigation channels)",No,Other (please specify),0,0,0,0,0,0,0,1,N\A,10,0,20,No,No,NA,Not Satisfied,Water tastes bad,0,0,1,0,0,0,0,NA,Latrine/toilet,1,0,0,0,0,Latrine/toilet,1,0,0,0,0,0,0,It is put or rinsed into latrine,NA,"Yes, shows facility",Flush/pour flush,Piped Sewer System,Yes,Good condition (no cracks or gaps),Offers full privacy (has walls and a door ),NA,Yes,After defecation  Before food preparation After cleaning or changing a baby  Before eating Before feeding child Before praying After working in the dirt,1,1,1,1,1,1,1,0,0,0,NA,5,Yes,Soap,Yes,No,NA,NA,NA,NA,NA,NA,NA,NA,No,NA,No,NA,NA,NA,HWISE Survey,Sometimes (3–10 times in the last 4 weeks),Rarely (1–2 times in the last 4 weeks),Rarely (1–2 times in the last 4 weeks),Rarely (1–2 times in the last 4 weeks),Rarely (1–2 times in the last 4 weeks),Rarely (1–2 times in the last 4 weeks),Never,Never,Rarely (1–2 times in the last 4 weeks),Never,Rarely (1–2 times in the last 4 weeks),Never
Yes,10,Bagerhat,Morrelganj,3,Baseline,Female,47,5,2,3,Higher Secondary Education,Day Labour,NA,Yes,10 Liter,0,0,0,1,0,0,NA,NA,NA,NA,2,NA,NA,NA,Borehole with handpump,No,Other (please specify),0,0,0,0,0,0,0,1,N\A,10,5,25,No,No,NA,Not Satisfied,Water tastes bad,0,0,1,0,0,0,0,NA,Latrine/toilet,1,0,0,0,0,"Not applicable, no one between the ages of 3-17 lives in this household",0,0,0,0,1,0,0,"Not applicable, no one under 3 lives in this household",NA,"Yes, shows facility",Pit latrine,NA,NA,"Medium (some damage, but safe to stand on)",Offers some privacy (has walls but no door),Yes,Yes,After defecation  Before food preparation  Before eating Before praying After working in the dirt,1,0,1,1,0,1,1,0,0,0,NA,3,Yes,Soap,Yes,No,NA,NA,NA,NA,NA,NA,NA,NA,No,NA,No,NA,NA,NA,HWISE Survey,Sometimes (3–10 times in the last 4 weeks),Sometimes (3–10 times in the last 4 weeks),Rarely (1–2 times in the last 4 weeks),Rarely (1–2 times in the last 4 weeks),Rarely (1–2 times in the last 4 weeks),Never,Never,Never,Rarely (1–2 times in the last 4 weeks),Never,Never,Never
Yes,10,Bagerhat,Morrelganj,3,Baseline,Female,50,8,4,4,Secondary Education,Business,NA,Yes,10 Liter,0,0,0,1,0,0,NA,NA,NA,NA,3,NA,NA,NA,"Surface water (river, dam, lake, pond, stream, canal, irrigation channels)",No,Other (please specify),0,0,0,0,0,0,0,1,N\A,25,0,50,No,No,NA,Not Satisfied,Water tastes bad It is too far away,0,0,1,1,0,0,0,NA,Latrine/toilet,1,0,0,0,0,Latrine/toilet,1,0,0,0,0,0,0,It is put or rinsed into latrine,NA,"Yes, shows facility",Pit latrine,NA,NA,"Medium (some damage, but safe to stand on)",Offers full privacy (has walls and a door ),Yes,Yes,After defecation   Before eating After working in the dirt Before praying After cleaning or changing a baby Before food preparation Before feeding child,1,1,1,1,1,1,1,0,0,0,NA,5,Yes,Soap,Yes,No,NA,NA,NA,NA,NA,NA,NA,NA,No,NA,No,NA,NA,NA,HWISE Survey,Sometimes (3–10 times in the last 4 weeks),Rarely (1–2 times in the last 4 weeks),Rarely (1–2 times in the last 4 weeks),Rarely (1–2 times in the last 4 weeks),Sometimes (3–10 times in the last 4 weeks),Never,Never,Never,Rarely (1–2 times in the last 4 weeks),Never,Never,Never
Yes,9,Bagerhat,Morrelganj,3,Baseline,Female,60,7,4,3,Primary Education,Business,NA,Yes,20 Liter,0,1,0,0,0,0,NA,NA,6,NA,NA,NA,NA,NA,Borehole with handpump,No,Other (please specify),0,0,0,0,0,0,0,1,N/A,1,2,4,No,No,NA,Not Satisfied,Water tastes bad,0,0,1,0,0,0,0,NA,Latrine/toilet,1,0,0,0,0,"Not applicable, no one between the ages of 3-17 lives in this household",0,0,0,0,1,0,0,It is put or rinsed into latrine,NA,"Yes, shows facility",Flush/pour flush,Piped Sewer System,Yes,Good condition (no cracks or gaps),Offers full privacy (has walls and a door ),NA,Yes,After defecation   Before eating Before feeding child After working in the dirt Before praying,1,0,0,1,1,1,1,0,0,0,NA,3,Yes,Soap,Yes,No,NA,NA,NA,NA,NA,NA,NA,NA,No,NA,No,NA,NA,NA,HWISE Survey,Sometimes (3–10 times in the last 4 weeks),Rarely (1–2 times in the last 4 weeks),Rarely (1–2 times in the last 4 weeks),Never,Sometimes (3–10 times in the last 4 weeks),Rarely (1–2 times in the last 4 weeks),Never,Never,Rarely (1–2 times in the last 4 weeks),Rarely (1–2 times in the last 4 weeks),Never,Never
Yes,9,Bagerhat,Morrelganj,3,Baseline,Female,45,4,2,2,Primary Education,Others (Please Specify),Housewife,Yes,20 Liter,0,1,0,0,0,0,NA,NA,2,NA,NA,NA,NA,NA,Borehole with handpump,No,Other (please specify),0,0,0,0,0,0,0,1,N/A,2,1,5,No,No,NA,Not Satisfied,Water tastes bad,0,0,1,0,0,0,0,NA,Latrine/toilet,1,0,0,0,0,"Not applicable, no one between the ages of 3-17 lives in this household",0,0,0,0,1,0,0,"Not applicable, no one under 3 lives in this household",NA,"Yes, shows facility",Pit latrine,NA,NA,"Medium (some damage, but safe to stand on)",Offers some privacy (has walls but no door),Yes,Yes,After defecation  After working in the dirt Before praying  Before eating,1,0,0,1,0,1,1,0,0,0,NA,2,Yes,Soap,Yes,No,NA,NA,NA,NA,NA,NA,NA,NA,No,NA,No,NA,NA,NA,HWISE Survey,Often (10-20 times in last 4 weeks),Sometimes (3–10 times in the last 4 weeks),Rarely (1–2 times in the last 4 weeks),Rarely (1–2 times in the last 4 weeks),Rarely (1–2 times in the last 4 weeks),Never,Never,Never,Rarely (1–2 times in the last 4 weeks),Never,Never,Never
Yes,9,Bagerhat,Morrelganj,3,Baseline,Female,35,5,3,2,Primary Education,Day Labour,NA,Yes,20 Liter,0,1,0,0,0,0,NA,NA,3,NA,NA,NA,NA,NA,Borehole with handpump,No,Other (please specify),0,0,0,0,0,0,0,1,N/A,10,0,20,No,No,NA,Not Satisfied,It is too far away Water tastes bad,0,0,1,1,0,0,0,NA,Latrine/toilet,1,0,0,0,0,Latrine/toilet,1,0,0,0,0,0,0,It is put or rinsed into latrine,NA,"Yes, shows facility",Pit latrine,NA,NA,"Medium (some damage, but safe to stand on)",Offers some privacy (has walls but no door),Yes,Yes,After defecation  Before praying After working in the dirt  Before eating,1,0,0,1,0,1,1,0,0,0,NA,2,Yes,Soap,Yes,No,NA,NA,NA,NA,NA,NA,NA,NA,No,NA,No,NA,NA,NA,HWISE Survey,Often (10-20 times in last 4 weeks),Sometimes (3–10 times in the last 4 weeks),Often (10-20 times in last 4 weeks),Sometimes (3–10 times in the last 4 weeks),Often (10-20 times in last 4 weeks),Never,Sometimes (3–10 times in the last 4 weeks),Rarely (1–2 times in the last 4 weeks),Sometimes (3–10 times in the last 4 weeks),Never,Sometimes (3–10 times in the last 4 weeks),Never
Yes,9,Bagerhat,Morrelganj,3,Baseline,Female,55,5,3,2,Primary Education,Business,NA,Yes,20 Liter,0,1,0,0,0,0,NA,NA,2,NA,NA,NA,NA,NA,Borehole with handpump,No,Other (please specify),0,0,0,0,0,0,0,1,N/A,30,2,62,No,No,NA,Not Satisfied,Water tastes bad It is too far away,0,0,1,1,0,0,0,NA,Latrine/toilet,1,0,0,0,0,"Not applicable, no one between the ages of 3-17 lives in this household",0,0,0,0,1,0,0,It is put or rinsed into latrine,NA,"Yes, shows facility",Pit latrine,NA,NA,"Medium (some damage, but safe to stand on)",Offers some privacy (has walls but no door),Yes,Yes,After defecation   Before eating Before praying After working in the dirt,1,0,0,1,0,1,1,0,0,0,NA,2,Yes,Soap,Yes,No,NA,NA,NA,NA,NA,NA,NA,NA,No,NA,No,NA,NA,NA,HWISE Survey,Often (10-20 times in last 4 weeks),Sometimes (3–10 times in the last 4 weeks),Sometimes (3–10 times in the last 4 weeks),Sometimes (3–10 times in the last 4 weeks),Sometimes (3–10 times in the last 4 weeks),Never,Rarely (1–2 times in the last 4 weeks),Never,Rarely (1–2 times in the last 4 weeks),Never,Never,Never
Yes,9,Bagerhat,Morrelganj,3,Baseline,Male,20,4,2,2,Secondary Education,Others (Please Specify),Unemployed,Yes,10 Liter,0,0,0,1,0,0,NA,NA,NA,NA,4,NA,NA,NA,Borehole with handpump,No,Other (please specify),0,0,0,0,0,0,0,1,N/A,2,0,4,No,No,NA,Not Satisfied,Water tastes bad,0,0,1,0,0,0,0,NA,Latrine/toilet,1,0,0,0,0,"Not applicable, no one between the ages of 3-17 lives in this household",0,0,0,0,1,0,0,"Not applicable, no one under 3 lives in this household",NA,"Yes, shows facility",Pit latrine,NA,NA,"Medium (some damage, but safe to stand on)",Offers some privacy (has walls but no door),Yes,Yes,After defecation   Before eating Before praying After working in the dirt,1,0,0,1,0,1,1,0,0,0,NA,2,Yes,Soap,Yes,No,NA,NA,NA,NA,NA,NA,NA,NA,No,NA,Yes,Only for minor repairs,No,No,HWISE Survey,Often (10-20 times in last 4 weeks),Sometimes (3–10 times in the last 4 weeks),Rarely (1–2 times in the last 4 weeks),Rarely (1–2 times in the last 4 weeks),Rarely (1–2 times in the last 4 weeks),Never,Rarely (1–2 times in the last 4 weeks),Never,Rarely (1–2 times in the last 4 weeks),Never,Never,Never
Yes,9,Bagerhat,Morrelganj,3,Baseline,Male,35,7,4,3,Primary Education,Day Labour,NA,Yes,15 Liter,0,0,1,0,0,0,NA,NA,NA,2,NA,NA,NA,NA,Borehole with handpump,No,Other (please specify),0,0,0,0,0,0,0,1,N/A,5,5,15,No,No,NA,Neutral,NA,NA,NA,NA,NA,NA,NA,NA,NA,Latrine/toilet,1,0,0,0,0,Latrine/toilet,1,0,0,0,0,0,0,It is put or rinsed on the ground or in the open,NA,"Yes, shows facility",Pit latrine,NA,NA,"Medium (some damage, but safe to stand on)",Offers some privacy (has walls but no door),Yes,Yes,After defecation   Before eating After working in the dirt Before praying,1,0,0,1,0,1,1,0,0,0,NA,2,Yes,Soap,Yes,No,NA,NA,NA,NA,NA,NA,NA,NA,No,NA,No,NA,NA,NA,HWISE Survey,Often (10-20 times in last 4 weeks),Sometimes (3–10 times in the last 4 weeks),Never,Rarely (1–2 times in the last 4 weeks),Often (10-20 times in last 4 weeks),Never,Rarely (1–2 times in the last 4 weeks),Never,Rarely (1–2 times in the last 4 weeks),Never,Never,Never
Yes,9,Bagerhat,Morrelganj,3,Baseline,Male,46,4,2,2,Secondary Education,Business,NA,Yes,15 Liter,0,0,1,0,0,0,NA,NA,NA,2,NA,NA,NA,NA,Borehole with handpump,No,Other (please specify),0,0,0,0,0,0,0,1,N/A,20,5,45,No,Yes,Yes,Not Satisfied,It is too far away Long lines,1,0,0,1,0,0,0,NA,Latrine/toilet,1,0,0,0,0,Latrine/toilet,1,0,0,0,0,0,0,It is put or rinsed into latrine,NA,"Yes, shows facility",Pit latrine,NA,NA,Bad ( dangeraous to stand on),Offers little to no privacy (very poor quality),Yes,Yes,After defecation  Before praying After working in the dirt Before feeding child,1,0,0,0,1,1,1,0,0,0,NA,2,Yes,Soap,Yes,No,NA,NA,NA,NA,NA,NA,NA,NA,No,NA,No,NA,NA,NA,HWISE Survey,Often (10-20 times in last 4 weeks),Sometimes (3–10 times in the last 4 weeks),Often (10-20 times in last 4 weeks),Never,Often (10-20 times in last 4 weeks),Rarely (1–2 times in the last 4 weeks),Never,Never,Rarely (1–2 times in the last 4 weeks),Rarely (1–2 times in the last 4 weeks),Never,Rarely (1–2 times in the last 4 weeks)
Yes,8,Bagerhat,Morrelganj,6,Baseline,Female,45,4,3,1,Non-Literate,Farmer,NA,Yes,15 Liter,0,0,1,0,0,0,NA,NA,NA,2,NA,NA,NA,NA,"Surface water (river, dam, lake, pond, stream, canal, irrigation channels)",don’t know,NA,NA,NA,NA,NA,NA,NA,NA,NA,NA,10,5,25,Not applicable,No,NA,Satisfied,NA,NA,NA,NA,NA,NA,NA,NA,NA,Latrine/toilet,1,0,0,0,0,Latrine/toilet,1,0,0,0,0,0,0,"Not applicable, no one under 3 lives in this household",NA,"Yes, shows facility",Flush/pour flush,Pit Latrine,Yes,Good condition (no cracks or gaps),Offers full privacy (has walls and a door ),NA,No,After defecation  Before praying After working in the dirt  Before eating,1,0,0,1,0,1,1,0,0,0,NA,2,Yes,Soap,Yes,Yes,CBO/CSO,0,0,0,0,1,0,NA,Yes,Hand wash,No,NA,NA,NA,HWISE Survey,Rarely (1–2 times in the last 4 weeks),Sometimes (3–10 times in the last 4 weeks),Sometimes (3–10 times in the last 4 weeks),Rarely (1–2 times in the last 4 weeks),Rarely (1–2 times in the last 4 weeks),Rarely (1–2 times in the last 4 weeks),Never,Never,Rarely (1–2 times in the last 4 weeks),Never,Rarely (1–2 times in the last 4 weeks),Never
Yes,8,Bagerhat,Morrelganj,6,Baseline,Male,30,4,2,2,Non-Literate,Day Labour,NA,Yes,10 Liter,0,0,0,1,0,0,NA,NA,NA,NA,8,NA,NA,NA,"Surface water (river, dam, lake, pond, stream, canal, irrigation channels)",No,Other (please specify),0,0,0,0,0,0,0,1,N/A,20,10,50,Yes,No,NA,Not Satisfied,"It is too far away Water has a bad smell, color, or quality",0,0,0,1,0,1,0,NA,Latrine/toilet,1,0,0,0,0,Latrine/toilet,1,0,0,0,0,0,0,Child uses latrine,NA,"Yes, shows facility",Flush/pour flush,Septic Tank,Yes,Good condition (no cracks or gaps),Offers full privacy (has walls and a door ),NA,No,After defecation  Before feeding child,1,0,0,0,1,0,0,0,0,0,NA,2,Yes,Soap,Yes,No,NA,NA,NA,NA,NA,NA,NA,NA,No,NA,No,NA,NA,NA,HWISE Survey,Rarely (1–2 times in the last 4 weeks),Sometimes (3–10 times in the last 4 weeks),Sometimes (3–10 times in the last 4 weeks),Rarely (1–2 times in the last 4 weeks),Rarely (1–2 times in the last 4 weeks),Rarely (1–2 times in the last 4 weeks),Never,Never,Rarely (1–2 times in the last 4 weeks),Sometimes (3–10 times in the last 4 weeks),Rarely (1–2 times in the last 4 weeks),Never
Yes,8,Bagerhat,Morrelganj,3,Baseline,Male,50,4,2,2,Secondary Education,Private Job,NA,Yes,15 Liter,0,0,1,0,0,0,NA,NA,NA,2,NA,NA,NA,NA,Borehole with handpump,No,Other (please specify),0,0,0,0,0,0,0,1,N/A,2,5,9,No,No,NA,Satisfied,NA,NA,NA,NA,NA,NA,NA,NA,NA,Latrine/toilet,1,0,0,0,0,Latrine/toilet,1,0,0,0,0,0,0,"Not applicable, no one under 3 lives in this household",NA,"Yes, shows facility",Flush/pour flush,Septic Tank,Yes,Good condition (no cracks or gaps),Offers full privacy (has walls and a door ),NA,Yes,After defecation  After working in the dirt  Before eating Before praying,1,0,0,1,0,1,1,0,0,0,NA,2,Yes,Soap,Yes,No,NA,NA,NA,NA,NA,NA,NA,NA,Yes,Hand wash,Yes,Yes,Yes,No,HWISE Survey,Never,Never,Never,Never,Never,Never,Never,Never,Never,Never,Never,Never
Yes,8,Bagerhat,Morrelganj,3,Baseline,Female,40,3,2,1,Secondary Education,Business,NA,No,NA,NA,NA,NA,NA,NA,NA,NA,NA,NA,NA,NA,NA,NA,NA,Rainwater collection,No,Other (please specify),0,0,0,0,0,0,0,1,N/A,4,2,10,Yes,Not applicable,NA,Satisfied,NA,NA,NA,NA,NA,NA,NA,NA,NA,Latrine/toilet,1,0,0,0,0,Latrine/toilet,1,0,0,0,0,0,0,"Not applicable, no one under 3 lives in this household",NA,"Yes, shows facility",Flush/pour flush,Septic Tank,Yes,Good condition (no cracks or gaps),Offers full privacy (has walls and a door ),NA,Yes,After defecation   Before eating Before food preparation After working in the dirt,1,0,1,1,0,0,1,0,0,0,NA,3,Yes,Soap,Yes,No,NA,NA,NA,NA,NA,NA,NA,NA,No,NA,No,NA,NA,NA,HWISE Survey,Rarely (1–2 times in the last 4 weeks),Rarely (1–2 times in the last 4 weeks),Rarely (1–2 times in the last 4 weeks),Rarely (1–2 times in the last 4 weeks),Never,Rarely (1–2 times in the last 4 weeks),Never,Never,Sometimes (3–10 times in the last 4 weeks),Never,Rarely (1–2 times in the last 4 weeks),Never
Yes,8,Bagerhat,Morrelganj,3,Baseline,Female,55,2,1,1,Non-Literate,Day Labour,NA,No,NA,NA,NA,NA,NA,NA,NA,NA,NA,NA,NA,NA,NA,NA,NA,Rainwater collection,don’t know,NA,NA,NA,NA,NA,NA,NA,NA,NA,NA,5,0,10,Yes,Not applicable,NA,Not Satisfied,It is too expensive Other (please specify),0,1,0,0,0,0,1,সংরক্ষণের আভাব,Latrine/toilet,1,0,0,0,0,"Not applicable, no one between the ages of 3-17 lives in this household",0,0,0,0,1,0,0,"Not applicable, no one under 3 lives in this household",NA,"Yes, shows facility",Pit latrine,NA,NA,"Medium (some damage, but safe to stand on)",Offers little to no privacy (very poor quality),Yes,No,After defecation   Before eating After working in the dirt,1,0,0,1,0,0,1,0,0,0,NA,2,Yes,Soap,Yes,No,NA,NA,NA,NA,NA,NA,NA,NA,No,NA,No,NA,NA,NA,HWISE Survey,Rarely (1–2 times in the last 4 weeks),Sometimes (3–10 times in the last 4 weeks),Rarely (1–2 times in the last 4 weeks),Rarely (1–2 times in the last 4 weeks),Rarely (1–2 times in the last 4 weeks),Rarely (1–2 times in the last 4 weeks),Rarely (1–2 times in the last 4 weeks),Never,Never,Never,Never,Never
Yes,8,Bagerhat,Morrelganj,8,Baseline,Male,58,5,2,3,Primary Education,Farmer,NA,No,NA,NA,NA,NA,NA,NA,NA,NA,NA,NA,NA,NA,NA,NA,NA,"Surface water (river, dam, lake, pond, stream, canal, irrigation channels)",No,Other (please specify),0,0,0,0,0,0,0,1,N/A,60,5,125,No,No,NA,Not Satisfied,It is too expensive It is too far away Water tastes bad,0,1,1,1,0,0,0,NA,Latrine/toilet,1,0,0,0,0,Latrine/toilet,1,0,0,0,0,0,0,"Not applicable, no one under 3 lives in this household",NA,"Yes, shows facility",Pit latrine,NA,NA,Good condition (no cracks or gaps),Offers full privacy (has walls and a door ),Yes,No,After defecation   Before eating Before praying After working in the dirt,1,0,0,1,0,1,1,0,0,0,NA,2,Yes,Soap,Yes,No,NA,NA,NA,NA,NA,NA,NA,NA,No,NA,No,NA,NA,NA,HWISE Survey,Sometimes (3–10 times in the last 4 weeks),Rarely (1–2 times in the last 4 weeks),Rarely (1–2 times in the last 4 weeks),Rarely (1–2 times in the last 4 weeks),Sometimes (3–10 times in the last 4 weeks),Rarely (1–2 times in the last 4 weeks),Never,Rarely (1–2 times in the last 4 weeks),Never,Never,Rarely (1–2 times in the last 4 weeks),Never
Yes,8,Bagerhat,Morrelganj,8,Baseline,Male,55,3,2,1,Primary Education,Others (Please Specify),Rajmistri,Yes,15 Liter,0,0,1,0,0,0,NA,NA,NA,1,NA,NA,NA,NA,"Surface water (river, dam, lake, pond, stream, canal, irrigation channels)",No,It is too far away,1,0,0,0,0,0,0,0,NA,60,10,130,No,No,NA,Not Satisfied,It is too far away It is too expensive,0,1,0,1,0,0,0,NA,Latrine/toilet,1,0,0,0,0,"Not applicable, no one between the ages of 3-17 lives in this household",0,0,0,0,1,0,0,"Not applicable, no one under 3 lives in this household",NA,"Yes, shows facility",Flush/pour flush,Septic Tank,Yes,Good condition (no cracks or gaps),Offers full privacy (has walls and a door ),NA,Yes,After defecation  After working in the dirt Before praying  Before eating,1,0,0,1,0,1,1,0,0,0,NA,2,Yes,Soap,Yes,No,NA,NA,NA,NA,NA,NA,NA,NA,No,NA,Yes,Only for minor repairs,No,No,HWISE Survey,Sometimes (3–10 times in the last 4 weeks),Sometimes (3–10 times in the last 4 weeks),Sometimes (3–10 times in the last 4 weeks),Sometimes (3–10 times in the last 4 weeks),Sometimes (3–10 times in the last 4 weeks),Rarely (1–2 times in the last 4 weeks),Never,Rarely (1–2 times in the last 4 weeks),Sometimes (3–10 times in the last 4 weeks),Never,Rarely (1–2 times in the last 4 weeks),Never
Yes,8,Bagerhat,Morrelganj,8,Baseline,Female,35,5,2,3,Primary Education,Business,NA,Yes,20 Liter,0,1,0,0,0,0,NA,NA,2,NA,NA,NA,NA,NA,PSF,No,Other (please specify),0,0,0,0,0,0,0,1,N/A,40,20,100,No,No,NA,Not Satisfied,It is too expensive It is too far away,0,1,0,1,0,0,0,NA,Latrine/toilet,1,0,0,0,0,Latrine/toilet,1,0,0,0,0,0,0,"Not applicable, no one under 3 lives in this household",NA,"Yes, shows facility",Flush/pour flush,Septic Tank,Yes,Good condition (no cracks or gaps),Offers full privacy (has walls and a door ),NA,No,After defecation  Before food preparation  Before eating Before praying After working in the dirt Before feeding child After cleaning or changing a baby,1,1,1,1,1,1,1,0,0,0,NA,5,Yes,Soap,Yes,No,NA,NA,NA,NA,NA,NA,NA,NA,No,NA,No,NA,NA,NA,HWISE Survey,Sometimes (3–10 times in the last 4 weeks),Sometimes (3–10 times in the last 4 weeks),Sometimes (3–10 times in the last 4 weeks),Rarely (1–2 times in the last 4 weeks),Rarely (1–2 times in the last 4 weeks),Never,Rarely (1–2 times in the last 4 weeks),Rarely (1–2 times in the last 4 weeks),Rarely (1–2 times in the last 4 weeks),Never,Never,Never
Yes,8,Bagerhat,Morrelganj,8,Baseline,Male,40,6,3,3,Primary Education,Farmer,NA,No,NA,NA,NA,NA,NA,NA,NA,NA,NA,NA,NA,NA,NA,NA,NA,Rainwater collection,No,Other (please specify),0,0,0,0,0,0,0,1,N/A,40,10,90,No,Yes,Yes,Not Satisfied,It is too expensive It is too far away,0,1,0,1,0,0,0,NA,Latrine/toilet,1,0,0,0,0,Potty,0,1,0,0,0,0,0,It is put or rinsed into latrine,NA,"Yes, shows facility",Pit latrine,NA,NA,Good condition (no cracks or gaps),Offers full privacy (has walls and a door ),Yes,No,After defecation   Before eating Before praying After working in the dirt,1,0,0,1,0,1,1,0,0,0,NA,2,Yes,Soap,Yes,No,NA,NA,NA,NA,NA,NA,NA,NA,No,NA,No,NA,NA,NA,HWISE Survey,Rarely (1–2 times in the last 4 weeks),Sometimes (3–10 times in the last 4 weeks),Rarely (1–2 times in the last 4 weeks),Rarely (1–2 times in the last 4 weeks),Rarely (1–2 times in the last 4 weeks),Rarely (1–2 times in the last 4 weeks),Rarely (1–2 times in the last 4 weeks),Rarely (1–2 times in the last 4 weeks),Rarely (1–2 times in the last 4 weeks),Never,Rarely (1–2 times in the last 4 weeks),Never
Yes,8,Bagerhat,Morrelganj,8,Baseline,Male,59,5,3,2,Secondary Education,Others (Please Specify),village Doctor,No,NA,NA,NA,NA,NA,NA,NA,NA,NA,NA,NA,NA,NA,NA,NA,PSF,No,Other (please specify),0,0,0,0,0,0,0,1,N/A,30,20,80,No,No,NA,Not Satisfied,Long lines It is too expensive It is too far away,1,1,0,1,0,0,0,NA,Latrine/toilet,1,0,0,0,0,Latrine/toilet,1,0,0,0,0,0,0,"Not applicable, no one under 3 lives in this household",NA,"Yes, shows facility",Flush/pour flush,Septic Tank,Yes,Good condition (no cracks or gaps),Offers full privacy (has walls and a door ),NA,No,After defecation  Before food preparation  Before eating Before praying After working in the dirt,1,0,1,1,0,1,1,0,0,0,NA,3,Yes,Soap,Yes,No,NA,NA,NA,NA,NA,NA,NA,NA,Yes,Hand wash,Yes,Yes,Yes,No,HWISE Survey,Rarely (1–2 times in the last 4 weeks),Rarely (1–2 times in the last 4 weeks),Never,Rarely (1–2 times in the last 4 weeks),Rarely (1–2 times in the last 4 weeks),Rarely (1–2 times in the last 4 weeks),Never,Never,Never,Never,Never,Never
Yes,8,Bagerhat,Morrelganj,8,Baseline,Female,26,3,1,2,Secondary Education,Others (Please Specify),rajmistri,Yes,20 Liter,0,1,0,0,0,0,NA,NA,2,NA,NA,NA,NA,NA,PSF,No,Other (please specify),0,0,0,0,0,0,0,1,N/A,20,10,50,No,No,NA,Not Satisfied,It is too expensive It is too far away,0,1,0,1,0,0,0,NA,Latrine/toilet,1,0,0,0,0,Latrine/toilet,1,0,0,0,0,0,0,It is put or rinsed into latrine,NA,"Yes, shows facility",Flush/pour flush,Septic Tank,Yes,Good condition (no cracks or gaps),Offers full privacy (has walls and a door ),NA,Yes,After defecation  Before feeding child Before food preparation Before praying After working in the dirt  Before eating,1,0,1,1,1,1,1,0,0,0,NA,4,Yes,Soap,Yes,No,NA,NA,NA,NA,NA,NA,NA,NA,No,NA,No,NA,NA,NA,HWISE Survey,Sometimes (3–10 times in the last 4 weeks),Sometimes (3–10 times in the last 4 weeks),Sometimes (3–10 times in the last 4 weeks),Rarely (1–2 times in the last 4 weeks),Rarely (1–2 times in the last 4 weeks),Never,Never,Never,Never,Never,Never,Never
Yes,8,Bagerhat,Morrelganj,6,Baseline,Male,22,4,2,2,Primary Education,Others (Please Specify),Driver,No,NA,NA,NA,NA,NA,NA,NA,NA,NA,NA,NA,NA,NA,NA,NA,Rainwater collection,No,Other (please specify),0,0,0,0,0,0,0,1,N/A,10,10,30,No,No,NA,Satisfied,NA,NA,NA,NA,NA,NA,NA,NA,NA,Latrine/toilet,1,0,0,0,0,"Not applicable, no one between the ages of 3-17 lives in this household",0,0,0,0,1,0,0,"Not applicable, no one under 3 lives in this household",NA,"Yes, shows facility",Flush/pour flush,Septic Tank,Yes,Good condition (no cracks or gaps),Offers full privacy (has walls and a door ),NA,No,After defecation  Before praying After working in the dirt,1,0,0,0,0,1,1,0,0,0,NA,1,Yes,None Shown,Yes,No,NA,NA,NA,NA,NA,NA,NA,NA,No,NA,No,NA,NA,NA,HWISE Survey,Rarely (1–2 times in the last 4 weeks),Sometimes (3–10 times in the last 4 weeks),Rarely (1–2 times in the last 4 weeks),Rarely (1–2 times in the last 4 weeks),Rarely (1–2 times in the last 4 weeks),Rarely (1–2 times in the last 4 weeks),Never,Rarely (1–2 times in the last 4 weeks),Rarely (1–2 times in the last 4 weeks),Never,Rarely (1–2 times in the last 4 weeks),Never
